trade_id,symbol,price,volume,pct_change,circuit_alert,timestamp
1,ICICIBANK,1213.55,781,0.29,NORMAL,2026-09-20 12:22:55
2,ITC,488.85,1789,-0.23,NORMAL,2026-09-20 12:22:55
3,ICICIBANK,1209.88,922,-0.01,NORMAL,2026-09-20 12:22:56
4,ITC,487.87,614,-0.43,NORMAL,2026-09-20 12:22:56
5,TATAMOTORS,981.46,1368,0.15,NORMAL,2026-09-20 12:22:57
6,SBIN,822.09,1598,0.25,NORMAL,2026-09-20 12:22:57
7,LT,3628.65,1326,0.24,NORMAL,2026-09-20 12:22:57
8,TCS,4131.69,884,0.28,NORMAL,2026-09-20 12:22:58
9,TCS,4137.59,1409,0.43,NORMAL,2026-09-20 12:22:58
10,ITC,489.48,585,-0.11,NORMAL,2026-09-20 12:22:59
11,HDFCBANK,1656.45,1362,0.39,NORMAL,2026-09-20 12:22:59
12,INFY,1818.94,420,-0.06,NORMAL,2026-09-20 12:22:59
13,INFY,1820.44,1318,0.02,NORMAL,2026-09-20 12:23:00
14,HDFCBANK,1654.47,796,0.27,NORMAL,2026-09-20 12:23:00
15,ITC,488.3,1412,-0.35,NORMAL,2026-09-20 12:23:01
16,ICICIBANK,1205.79,1947,-0.35,NORMAL,2026-09-20 12:23:01
17,TCS,4126.46,90,0.16,NORMAL,2026-09-20 12:23:01
18,TATAMOTORS,1035.44,515,5.66,TRIGGERED,2026-09-20 12:23:02
19,TCS,4137.12,538,0.42,NORMAL,2026-09-20 12:23:02
20,SBIN,825.33,1181,0.65,NORMAL,2026-09-20 12:23:03
21,LT,3619.81,70,-0.01,NORMAL,2026-09-20 12:23:03
22,ITC,489.81,1571,-0.04,NORMAL,2026-09-20 12:23:03
23,HDFCBANK,1652.31,1804,0.14,NORMAL,2026-09-20 12:23:04
24,BHARTIARTL,1489.6,311,-0.03,NORMAL,2026-09-20 12:23:04
25,TCS,4128.47,1698,0.21,NORMAL,2026-09-20 12:23:05
26,TATAMOTORS,1039.44,1310,6.07,TRIGGERED,2026-09-20 12:23:05
27,LT,3620.35,132,0.01,NORMAL,2026-09-20 12:23:05
28,TATAMOTORS,1037.4,589,5.86,TRIGGERED,2026-09-20 12:23:06
29,ITC,490.45,1616,0.09,NORMAL,2026-09-20 12:23:06
30,TCS,4117.15,360,-0.07,NORMAL,2026-09-20 12:23:07
31,TCS,4106.48,457,-0.33,NORMAL,2026-09-20 12:23:07
32,LT,3608.91,531,-0.31,NORMAL,2026-09-20 12:23:07
33,ITC,517.42,1455,5.6,TRIGGERED,2026-09-20 12:23:08
34,ITC,518.72,550,5.86,TRIGGERED,2026-09-20 12:23:08
35,ITC,520.2,1622,6.16,TRIGGERED,2026-09-20 12:23:09
36,INFY,1820.01,29,0.0,NORMAL,2026-09-20 12:23:09
37,SBIN,827.02,1102,0.86,NORMAL,2026-09-20 12:23:09
38,TCS,4106.92,1691,-0.32,NORMAL,2026-09-20 12:23:10
39,HDFCBANK,1647.41,1102,-0.16,NORMAL,2026-09-20 12:23:10
40,RELIANCE,2969.75,775,-0.34,NORMAL,2026-09-20 12:23:11
41,ICICIBANK,1207.25,532,-0.23,NORMAL,2026-09-20 12:23:11
42,ITC,519.67,182,6.06,TRIGGERED,2026-09-20 12:23:11
43,BHARTIARTL,1484.09,852,-0.4,NORMAL,2026-09-20 12:23:12
44,BHARTIARTL,1484.04,510,-0.4,NORMAL,2026-09-20 12:23:12
45,ICICIBANK,1206.96,807,-0.25,NORMAL,2026-09-20 12:23:13
46,ITC,520.57,1342,6.24,TRIGGERED,2026-09-20 12:23:13
47,BHARTIARTL,1479.79,540,-0.69,NORMAL,2026-09-20 12:23:14
48,RELIANCE,2969.31,1128,-0.36,NORMAL,2026-09-20 12:23:14
49,BHARTIARTL,1474.56,467,-1.04,NORMAL,2026-09-20 12:23:14
50,LT,3603.86,1847,-0.45,NORMAL,2026-09-20 12:23:15
51,ITC,518.51,381,5.82,TRIGGERED,2026-09-20 12:23:15
52,BHARTIARTL,1476.66,680,-0.9,NORMAL,2026-09-20 12:23:16
53,BHARTIARTL,1472.66,252,-1.16,NORMAL,2026-09-20 12:23:16
54,TCS,4118.1,775,-0.05,NORMAL,2026-09-20 12:23:16
55,SBIN,829.28,1494,1.13,NORMAL,2026-09-20 12:23:17
56,RELIANCE,2980.64,1478,0.02,NORMAL,2026-09-20 12:23:17
57,INFY,1823.15,1458,0.17,NORMAL,2026-09-20 12:23:18
58,LT,3599.99,694,-0.55,NORMAL,2026-09-20 12:23:18
59,RELIANCE,2986.86,37,0.23,NORMAL,2026-09-20 12:23:18
60,BHARTIARTL,1467.89,648,-1.48,NORMAL,2026-09-20 12:23:19
61,HDFCBANK,1648.83,1104,-0.07,NORMAL,2026-09-20 12:23:19
62,TATAMOTORS,1035.32,407,5.64,TRIGGERED,2026-09-20 12:23:20
63,INFY,1817.17,1695,-0.16,NORMAL,2026-09-20 12:23:20
64,ITC,519.58,1008,6.04,TRIGGERED,2026-09-20 12:23:20
65,ICICIBANK,1205.14,541,-0.4,NORMAL,2026-09-20 12:23:21
66,TATAMOTORS,1092.26,752,11.46,TRIGGERED,2026-09-20 12:23:21
67,BHARTIARTL,1470.15,848,-1.33,NORMAL,2026-09-20 12:23:22
68,LT,3605.72,1177,-0.39,NORMAL,2026-09-20 12:23:22
69,RELIANCE,2981.18,1366,0.04,NORMAL,2026-09-20 12:23:22
70,LT,3603.03,1900,-0.47,NORMAL,2026-09-20 12:23:23
71,INFY,1812.78,1943,-0.4,NORMAL,2026-09-20 12:23:23
72,BHARTIARTL,1474.7,1887,-1.03,NORMAL,2026-09-20 12:23:24
73,HDFCBANK,1652.59,34,0.16,NORMAL,2026-09-20 12:23:24
74,HDFCBANK,1657.61,1819,0.46,NORMAL,2026-09-20 12:23:24
75,HDFCBANK,1661.57,398,0.7,NORMAL,2026-09-20 12:23:25
76,HDFCBANK,1658.77,994,0.53,NORMAL,2026-09-20 12:23:25
77,HDFCBANK,1750.0,734,6.06,TRIGGERED,2026-09-20 12:23:26
78,ITC,548.16,1234,11.87,TRIGGERED,2026-09-20 12:23:26
79,LT,3801.2,1390,5.01,TRIGGERED,2026-09-20 12:23:26
80,INFY,1818.61,505,-0.08,NORMAL,2026-09-20 12:23:27
81,ITC,549.44,531,12.13,TRIGGERED,2026-09-20 12:23:27
82,TATAMOTORS,1090.37,1153,11.26,TRIGGERED,2026-09-20 12:23:28
83,ICICIBANK,1209.44,1787,-0.05,NORMAL,2026-09-20 12:23:28
84,SBIN,829.16,1212,1.12,NORMAL,2026-09-20 12:23:28
85,ICICIBANK,1211.35,722,0.11,NORMAL,2026-09-20 12:23:29
86,TATAMOTORS,1091.46,1148,11.37,TRIGGERED,2026-09-20 12:23:29
87,TCS,4108.64,1499,-0.28,NORMAL,2026-09-20 12:23:30
88,INFY,1813.62,724,-0.35,NORMAL,2026-09-20 12:23:30
89,BHARTIARTL,1473.97,1263,-1.08,NORMAL,2026-09-20 12:23:31
90,INFY,1816.62,1107,-0.19,NORMAL,2026-09-20 12:23:31
91,ITC,519.22,1801,5.96,TRIGGERED,2026-09-20 12:23:31
92,ICICIBANK,1214.36,513,0.36,NORMAL,2026-09-20 12:23:32
93,RELIANCE,2986.38,1756,0.21,NORMAL,2026-09-20 12:23:32
94,TATAMOTORS,1088.62,607,11.08,TRIGGERED,2026-09-20 12:23:33
95,TATAMOTORS,1086.26,1829,10.84,TRIGGERED,2026-09-20 12:23:33
96,TATAMOTORS,1082.8,1942,10.49,TRIGGERED,2026-09-20 12:23:33
97,ITC,520.83,1132,6.29,TRIGGERED,2026-09-20 12:23:34
98,ITC,519.93,997,6.11,TRIGGERED,2026-09-20 12:23:34
99,TATAMOTORS,1086.02,1104,10.82,TRIGGERED,2026-09-20 12:23:35
100,LT,3804.84,691,5.11,TRIGGERED,2026-09-20 12:23:35
101,ITC,520.29,933,6.18,TRIGGERED,2026-09-20 12:23:35
102,TCS,4094.14,1780,-0.63,NORMAL,2026-09-20 12:23:36
103,TATAMOTORS,1026.29,1843,4.72,NORMAL,2026-09-20 12:23:36
104,INFY,1819.21,707,-0.04,NORMAL,2026-09-20 12:23:37
105,BHARTIARTL,1468.15,1205,-1.47,NORMAL,2026-09-20 12:23:37
106,RELIANCE,2991.17,1996,0.37,NORMAL,2026-09-20 12:23:37
107,ICICIBANK,1214.54,917,0.38,NORMAL,2026-09-20 12:23:38
108,INFY,1816.82,1076,-0.17,NORMAL,2026-09-20 12:23:38
109,ITC,521.25,559,6.38,TRIGGERED,2026-09-20 12:23:39
110,RELIANCE,3000.74,69,0.7,NORMAL,2026-09-20 12:23:39
111,BHARTIARTL,1473.34,215,-1.12,NORMAL,2026-09-20 12:23:39
112,ITC,521.28,731,6.38,TRIGGERED,2026-09-20 12:23:40
113,TCS,4101.97,1208,-0.44,NORMAL,2026-09-20 12:23:40
114,TCS,4115.87,98,-0.1,NORMAL,2026-09-20 12:23:41
115,RELIANCE,3005.23,1039,0.85,NORMAL,2026-09-20 12:23:41
116,LT,3807.12,1938,5.17,TRIGGERED,2026-09-20 12:23:41
117,HDFCBANK,1753.6,673,6.28,TRIGGERED,2026-09-20 12:23:42
118,INFY,1815.1,1426,-0.27,NORMAL,2026-09-20 12:23:42
119,TCS,4122.85,1445,0.07,NORMAL,2026-09-20 12:23:43
120,ICICIBANK,1218.76,339,0.72,NORMAL,2026-09-20 12:23:43
121,ITC,522.9,1183,6.71,TRIGGERED,2026-09-20 12:23:44
122,LT,3804.29,778,5.09,TRIGGERED,2026-09-20 12:23:44
123,BHARTIARTL,1472.69,1980,-1.16,NORMAL,2026-09-20 12:23:44
124,LT,3809.5,52,5.23,TRIGGERED,2026-09-20 12:23:45
125,INFY,1817.02,696,-0.16,NORMAL,2026-09-20 12:23:45
126,ITC,520.93,1975,6.31,TRIGGERED,2026-09-20 12:23:46
127,ITC,519.14,459,5.95,TRIGGERED,2026-09-20 12:23:46
128,HDFCBANK,1751.76,106,6.17,TRIGGERED,2026-09-20 12:23:46
129,ICICIBANK,1216.83,1009,0.56,NORMAL,2026-09-20 12:23:47
130,LT,3800.71,1919,4.99,NORMAL,2026-09-20 12:23:47
131,INFY,1823.64,1777,0.2,NORMAL,2026-09-20 12:23:48
132,TCS,4123.74,467,0.09,NORMAL,2026-09-20 12:23:48
133,RELIANCE,2997.22,1370,0.58,NORMAL,2026-09-20 12:23:48
134,ICICIBANK,1212.75,1480,0.23,NORMAL,2026-09-20 12:23:49
135,ITC,518.27,553,5.77,TRIGGERED,2026-09-20 12:23:49
136,SBIN,826.89,174,0.84,NORMAL,2026-09-20 12:23:50
137,ICICIBANK,1208.44,1714,-0.13,NORMAL,2026-09-20 12:23:50
138,ICICIBANK,1205.94,864,-0.34,NORMAL,2026-09-20 12:23:50
139,SBIN,824.12,1630,0.5,NORMAL,2026-09-20 12:23:51
140,TCS,4139.46,220,0.47,NORMAL,2026-09-20 12:23:51
141,RELIANCE,3004.52,646,0.82,NORMAL,2026-09-20 12:23:52
142,HDFCBANK,1753.36,1052,6.26,TRIGGERED,2026-09-20 12:23:52
143,HDFCBANK,1749.24,1861,6.01,TRIGGERED,2026-09-20 12:23:52
144,TCS,4151.75,279,0.77,NORMAL,2026-09-20 12:23:53
145,LT,3788.39,147,4.65,NORMAL,2026-09-20 12:23:53
146,TCS,4144.75,1987,0.6,NORMAL,2026-09-20 12:23:54
147,ITC,519.45,698,6.01,TRIGGERED,2026-09-20 12:23:54
148,TATAMOTORS,1022.59,1155,4.35,NORMAL,2026-09-20 12:23:54
149,TATAMOTORS,1022.84,364,4.37,NORMAL,2026-09-20 12:23:55
150,LT,3783.96,1699,4.53,NORMAL,2026-09-20 12:23:55
151,SBIN,825.49,328,0.67,NORMAL,2026-09-20 12:23:56
152,RELIANCE,3008.18,1464,0.95,NORMAL,2026-09-20 12:23:56
153,TATAMOTORS,1079.1,314,10.11,TRIGGERED,2026-09-20 12:23:56
154,SBIN,823.33,1584,0.41,NORMAL,2026-09-20 12:23:57
155,HDFCBANK,1756.08,1608,6.43,TRIGGERED,2026-09-20 12:23:57
156,TCS,4144.6,1945,0.6,NORMAL,2026-09-20 12:23:58
157,LT,3575.84,843,-1.22,NORMAL,2026-09-20 12:23:58
158,SBIN,821.4,105,0.17,NORMAL,2026-09-20 12:23:58
159,INFY,1820.6,1507,0.03,NORMAL,2026-09-20 12:23:59
160,LT,3568.89,1922,-1.41,NORMAL,2026-09-20 12:23:59
161,TCS,4140.01,1799,0.49,NORMAL,2026-09-20 12:24:00
162,TCS,4134.03,830,0.34,NORMAL,2026-09-20 12:24:00
163,HDFCBANK,1761.14,422,6.74,TRIGGERED,2026-09-20 12:24:00
164,HDFCBANK,1757.29,664,6.5,TRIGGERED,2026-09-20 12:24:01
165,RELIANCE,3010.94,923,1.04,NORMAL,2026-09-20 12:24:01
166,ITC,518.52,697,5.82,TRIGGERED,2026-09-20 12:24:02
167,RELIANCE,3008.44,651,0.95,NORMAL,2026-09-20 12:24:02
168,RELIANCE,3002.43,482,0.75,NORMAL,2026-09-20 12:24:02
169,TCS,4126.25,596,0.15,NORMAL,2026-09-20 12:24:03
170,INFY,1720.47,408,-5.47,TRIGGERED,2026-09-20 12:24:03
171,ITC,518.16,1402,5.75,TRIGGERED,2026-09-20 12:24:04
172,ICICIBANK,1210.56,811,0.05,NORMAL,2026-09-20 12:24:04
173,ITC,516.56,1777,5.42,TRIGGERED,2026-09-20 12:24:05
174,TATAMOTORS,1079.27,1411,10.13,TRIGGERED,2026-09-20 12:24:05
175,ICICIBANK,1206.03,196,-0.33,NORMAL,2026-09-20 12:24:05
176,TCS,4134.96,1960,0.36,NORMAL,2026-09-20 12:24:06
177,INFY,1720.06,320,-5.49,TRIGGERED,2026-09-20 12:24:06
178,TATAMOTORS,1079.16,872,10.12,TRIGGERED,2026-09-20 12:24:07
179,RELIANCE,3007.31,815,0.92,NORMAL,2026-09-20 12:24:07
180,LT,3575.3,1967,-1.23,NORMAL,2026-09-20 12:24:07
181,LT,3579.45,544,-1.12,NORMAL,2026-09-20 12:24:08
182,HDFCBANK,1759.57,1797,6.64,TRIGGERED,2026-09-20 12:24:08
183,ICICIBANK,1202.89,1573,-0.59,NORMAL,2026-09-20 12:24:09
184,INFY,1715.69,656,-5.73,TRIGGERED,2026-09-20 12:24:09
185,HDFCBANK,1758.13,365,6.55,TRIGGERED,2026-09-20 12:24:09
186,TCS,4130.24,946,0.25,NORMAL,2026-09-20 12:24:10
187,BHARTIARTL,1475.13,848,-1.0,NORMAL,2026-09-20 12:24:10
188,ITC,516.15,1253,5.34,TRIGGERED,2026-09-20 12:24:11
189,HDFCBANK,1762.82,1755,6.84,TRIGGERED,2026-09-20 12:24:11
190,INFY,1709.71,348,-6.06,TRIGGERED,2026-09-20 12:24:11
191,BHARTIARTL,1472.61,939,-1.17,NORMAL,2026-09-20 12:24:12
192,BHARTIARTL,1476.76,1156,-0.89,NORMAL,2026-09-20 12:24:12
193,BHARTIARTL,1477.86,1110,-0.81,NORMAL,2026-09-20 12:24:13
194,RELIANCE,3000.03,266,0.67,NORMAL,2026-09-20 12:24:13
195,TCS,4119.8,1455,-0.0,NORMAL,2026-09-20 12:24:13
196,SBIN,820.92,654,0.11,NORMAL,2026-09-20 12:24:14
197,BHARTIARTL,1474.44,973,-1.04,NORMAL,2026-09-20 12:24:14
198,TCS,4109.94,1894,-0.24,NORMAL,2026-09-20 12:24:15
199,TCS,4111.23,1834,-0.21,NORMAL,2026-09-20 12:24:15
200,RELIANCE,3004.32,73,0.82,NORMAL,2026-09-20 12:24:15
201,INFY,1710.48,1744,-6.02,TRIGGERED,2026-09-20 12:24:16
202,LT,3574.37,1374,-1.26,NORMAL,2026-09-20 12:24:16
203,TCS,4095.53,133,-0.59,NORMAL,2026-09-20 12:24:17
204,TCS,4107.23,788,-0.31,NORMAL,2026-09-20 12:24:17
205,BHARTIARTL,1479.95,458,-0.67,NORMAL,2026-09-20 12:24:17
206,ITC,517.54,1867,5.62,TRIGGERED,2026-09-20 12:24:18
207,RELIANCE,3008.5,607,0.96,NORMAL,2026-09-20 12:24:18
208,ICICIBANK,1200.56,205,-0.78,NORMAL,2026-09-20 12:24:19
209,ICICIBANK,1196.04,1454,-1.15,NORMAL,2026-09-20 12:24:19
210,ICICIBANK,1198.27,1734,-0.97,NORMAL,2026-09-20 12:24:19
211,HDFCBANK,1766.46,1348,7.06,TRIGGERED,2026-09-20 12:24:20
212,LT,3576.98,1256,-1.19,NORMAL,2026-09-20 12:24:20
213,ITC,516.8,930,5.47,TRIGGERED,2026-09-20 12:24:21
214,BHARTIARTL,1477.86,1051,-0.81,NORMAL,2026-09-20 12:24:21
215,INFY,1715.01,1666,-5.77,TRIGGERED,2026-09-20 12:24:21
216,TATAMOTORS,1082.89,1091,10.5,TRIGGERED,2026-09-20 12:24:22
217,SBIN,820.77,1957,0.09,NORMAL,2026-09-20 12:24:22
218,TATAMOTORS,1083.05,642,10.52,TRIGGERED,2026-09-20 12:24:23
219,BHARTIARTL,1472.71,1545,-1.16,NORMAL,2026-09-20 12:24:23
220,SBIN,821.94,497,0.24,NORMAL,2026-09-20 12:24:23
221,TATAMOTORS,1082.16,868,10.42,TRIGGERED,2026-09-20 12:24:24
222,SBIN,819.53,240,-0.06,NORMAL,2026-09-20 12:24:24
223,TCS,4123.43,255,0.08,NORMAL,2026-09-20 12:24:25
224,SBIN,818.24,921,-0.21,NORMAL,2026-09-20 12:24:25
225,RELIANCE,3010.68,149,1.03,NORMAL,2026-09-20 12:24:25
226,HDFCBANK,1762.72,713,6.83,TRIGGERED,2026-09-20 12:24:26
227,ITC,516.49,1675,5.41,TRIGGERED,2026-09-20 12:24:26
228,TCS,4136.89,1158,0.41,NORMAL,2026-09-20 12:24:27
229,SBIN,819.62,1077,-0.05,NORMAL,2026-09-20 12:24:27
230,HDFCBANK,1766.9,1622,7.08,TRIGGERED,2026-09-20 12:24:27
231,ITC,515.44,1438,5.19,TRIGGERED,2026-09-20 12:24:28
232,TCS,4143.97,1543,0.58,NORMAL,2026-09-20 12:24:28
233,HDFCBANK,1763.21,906,6.86,TRIGGERED,2026-09-20 12:24:29
234,HDFCBANK,1759.74,175,6.65,TRIGGERED,2026-09-20 12:24:29
235,RELIANCE,3016.94,1538,1.24,NORMAL,2026-09-20 12:24:29
236,RELIANCE,3022.13,531,1.41,NORMAL,2026-09-20 12:24:30
237,RELIANCE,3019.0,1403,1.31,NORMAL,2026-09-20 12:24:30
238,LT,3582.88,656,-1.03,NORMAL,2026-09-20 12:24:31
239,LT,3579.98,34,-1.11,NORMAL,2026-09-20 12:24:31
240,TATAMOTORS,1079.19,1382,10.12,TRIGGERED,2026-09-20 12:24:31
241,ITC,516.37,1498,5.38,TRIGGERED,2026-09-20 12:24:32
242,ITC,517.21,1421,5.55,TRIGGERED,2026-09-20 12:24:32
243,RELIANCE,3018.49,73,1.29,NORMAL,2026-09-20 12:24:33
244,ITC,517.94,1888,5.7,TRIGGERED,2026-09-20 12:24:33
245,TCS,4148.48,656,0.69,NORMAL,2026-09-20 12:24:33
246,HDFCBANK,1763.49,798,6.88,TRIGGERED,2026-09-20 12:24:34
247,LT,3586.76,1274,-0.92,NORMAL,2026-09-20 12:24:34
248,ITC,517.39,846,5.59,TRIGGERED,2026-09-20 12:24:35
249,BHARTIARTL,1471.18,748,-1.26,NORMAL,2026-09-20 12:24:35
250,INFY,1718.71,736,-5.57,TRIGGERED,2026-09-20 12:24:35
251,TCS,4156.29,1053,0.88,NORMAL,2026-09-20 12:24:36
252,RELIANCE,3008.91,1042,0.97,NORMAL,2026-09-20 12:24:36
253,TCS,3927.69,1941,-4.67,NORMAL,2026-09-20 12:24:37
254,BHARTIARTL,1476.14,260,-0.93,NORMAL,2026-09-20 12:24:37
255,INFY,1715.07,1765,-5.77,TRIGGERED,2026-09-20 12:24:38
256,HDFCBANK,1666.5,816,1.0,NORMAL,2026-09-20 12:24:38
257,INFY,1710.77,1998,-6.0,TRIGGERED,2026-09-20 12:24:38
258,INFY,1711.41,553,-5.97,TRIGGERED,2026-09-20 12:24:39
259,RELIANCE,3010.44,1198,1.02,NORMAL,2026-09-20 12:24:39
260,LT,3592.3,1794,-0.77,NORMAL,2026-09-20 12:24:40
261,SBIN,818.15,544,-0.23,NORMAL,2026-09-20 12:24:40
262,SBIN,819.05,731,-0.12,NORMAL,2026-09-20 12:24:40
263,HDFCBANK,1665.54,1357,0.94,NORMAL,2026-09-20 12:24:41
264,RELIANCE,3015.88,1026,1.2,NORMAL,2026-09-20 12:24:41
265,LT,3579.07,1135,-1.13,NORMAL,2026-09-20 12:24:42
266,TCS,3915.3,1845,-4.97,NORMAL,2026-09-20 12:24:42
267,ICICIBANK,1193.79,1712,-1.34,NORMAL,2026-09-20 12:24:42
268,BHARTIARTL,1475.22,1993,-0.99,NORMAL,2026-09-20 12:24:43
269,SBIN,819.56,418,-0.05,NORMAL,2026-09-20 12:24:43
270,TCS,3916.38,38,-4.94,NORMAL,2026-09-20 12:24:44
271,TATAMOTORS,1076.35,1199,9.83,TRIGGERED,2026-09-20 12:24:44
272,INFY,1714.6,1606,-5.79,TRIGGERED,2026-09-20 12:24:44
273,INFY,1716.57,938,-5.68,TRIGGERED,2026-09-20 12:24:45
274,RELIANCE,3011.38,1279,1.05,NORMAL,2026-09-20 12:24:45
275,TATAMOTORS,1073.92,360,9.58,TRIGGERED,2026-09-20 12:24:46
276,SBIN,820.69,487,0.08,NORMAL,2026-09-20 12:24:46
277,ITC,516.74,190,5.46,TRIGGERED,2026-09-20 12:24:46
278,TCS,3912.65,688,-5.03,TRIGGERED,2026-09-20 12:24:47
279,TATAMOTORS,1073.71,748,9.56,TRIGGERED,2026-09-20 12:24:47
280,ITC,517.99,1804,5.71,TRIGGERED,2026-09-20 12:24:48
281,INFY,1716.59,1518,-5.68,TRIGGERED,2026-09-20 12:24:48
282,HDFCBANK,1667.52,1726,1.06,NORMAL,2026-09-20 12:24:48
283,LT,3591.19,1046,-0.8,NORMAL,2026-09-20 12:24:49
284,ICICIBANK,1192.0,1650,-1.49,NORMAL,2026-09-20 12:24:49
285,ICICIBANK,1194.29,766,-1.3,NORMAL,2026-09-20 12:24:50
286,SBIN,820.2,862,0.02,NORMAL,2026-09-20 12:24:50
287,TATAMOTORS,1014.66,587,3.54,NORMAL,2026-09-20 12:24:50
288,TATAMOTORS,1010.8,975,3.14,NORMAL,2026-09-20 12:24:51
289,BHARTIARTL,1475.28,1305,-0.99,NORMAL,2026-09-20 12:24:51
290,LT,3583.89,232,-1.0,NORMAL,2026-09-20 12:24:52
291,HDFCBANK,1672.71,1126,1.38,NORMAL,2026-09-20 12:24:52
292,HDFCBANK,1675.69,1111,1.56,NORMAL,2026-09-20 12:24:52
293,LT,3584.6,1739,-0.98,NORMAL,2026-09-20 12:24:53
294,HDFCBANK,1679.57,1877,1.79,NORMAL,2026-09-20 12:24:53
295,HDFCBANK,1681.07,1953,1.88,NORMAL,2026-09-20 12:24:54
296,RELIANCE,3009.88,1436,1.0,NORMAL,2026-09-20 12:24:54
297,ICICIBANK,1192.8,1552,-1.42,NORMAL,2026-09-20 12:24:54
298,TCS,3921.86,1140,-4.81,NORMAL,2026-09-20 12:24:55
299,RELIANCE,3000.57,490,0.69,NORMAL,2026-09-20 12:24:55
300,TCS,3909.75,904,-5.1,TRIGGERED,2026-09-20 12:24:56
301,INFY,1717.72,777,-5.62,TRIGGERED,2026-09-20 12:24:56
302,TCS,3909.9,1393,-5.1,TRIGGERED,2026-09-20 12:24:56
303,TCS,3915.4,905,-4.97,NORMAL,2026-09-20 12:24:57
304,LT,3584.52,199,-0.98,NORMAL,2026-09-20 12:24:57
305,RELIANCE,2835.54,616,-4.85,NORMAL,2026-09-20 12:24:58
306,ICICIBANK,1196.49,395,-1.12,NORMAL,2026-09-20 12:24:58
307,BHARTIARTL,1471.08,1341,-1.27,NORMAL,2026-09-20 12:24:58
308,TCS,3926.36,1335,-4.7,NORMAL,2026-09-20 12:24:59
309,INFY,1812.19,857,-0.43,NORMAL,2026-09-20 12:24:59
310,TATAMOTORS,955.21,754,-2.53,NORMAL,2026-09-20 12:25:00
311,ICICIBANK,1196.74,696,-1.1,NORMAL,2026-09-20 12:25:00
312,TCS,3933.09,374,-4.54,NORMAL,2026-09-20 12:25:00
313,INFY,1808.49,608,-0.63,NORMAL,2026-09-20 12:25:01
314,ICICIBANK,1196.26,212,-1.14,NORMAL,2026-09-20 12:25:01
315,ICICIBANK,1200.7,905,-0.77,NORMAL,2026-09-20 12:25:02
316,RELIANCE,2825.37,1761,-5.19,TRIGGERED,2026-09-20 12:25:02
317,BHARTIARTL,1467.07,1798,-1.54,NORMAL,2026-09-20 12:25:02
318,SBIN,817.97,1590,-0.25,NORMAL,2026-09-20 12:25:03
319,SBIN,818.19,679,-0.22,NORMAL,2026-09-20 12:25:03
320,SBIN,817.82,57,-0.27,NORMAL,2026-09-20 12:25:04
321,LT,3597.38,1510,-0.62,NORMAL,2026-09-20 12:25:04
322,HDFCBANK,1684.86,1338,2.11,NORMAL,2026-09-20 12:25:04
323,LT,3608.12,1872,-0.33,NORMAL,2026-09-20 12:25:05
324,TCS,4149.41,1038,0.71,NORMAL,2026-09-20 12:25:05
325,INFY,1807.43,105,-0.69,NORMAL,2026-09-20 12:25:06
326,TATAMOTORS,952.96,1144,-2.76,NORMAL,2026-09-20 12:25:06
327,HDFCBANK,1681.41,887,1.9,NORMAL,2026-09-20 12:25:06
328,TATAMOTORS,951.37,856,-2.92,NORMAL,2026-09-20 12:25:07
329,ITC,517.37,1497,5.59,TRIGGERED,2026-09-20 12:25:07
330,RELIANCE,2815.48,1782,-5.52,TRIGGERED,2026-09-20 12:25:08
331,LT,3613.58,1851,-0.18,NORMAL,2026-09-20 12:25:08
332,ITC,517.98,1892,5.71,TRIGGERED,2026-09-20 12:25:08
333,INFY,1807.3,1634,-0.7,NORMAL,2026-09-20 12:25:09
334,TATAMOTORS,950.02,1976,-3.06,NORMAL,2026-09-20 12:25:09
335,RELIANCE,2808.85,954,-5.74,TRIGGERED,2026-09-20 12:25:10
336,INFY,1803.63,1677,-0.9,NORMAL,2026-09-20 12:25:10
337,RELIANCE,2963.34,710,-0.56,NORMAL,2026-09-20 12:25:10
338,ITC,517.64,1600,5.64,TRIGGERED,2026-09-20 12:25:11
339,SBIN,818.72,1763,-0.16,NORMAL,2026-09-20 12:25:11
340,LT,3623.33,1944,0.09,NORMAL,2026-09-20 12:25:12
341,ICICIBANK,1134.66,387,-6.23,TRIGGERED,2026-09-20 12:25:12
342,ICICIBANK,1136.25,295,-6.1,TRIGGERED,2026-09-20 12:25:13
343,ICICIBANK,1136.87,1153,-6.04,TRIGGERED,2026-09-20 12:25:13
344,SBIN,819.3,1897,-0.09,NORMAL,2026-09-20 12:25:13
345,ITC,515.99,1030,5.3,TRIGGERED,2026-09-20 12:25:14
346,INFY,1798.75,1165,-1.17,NORMAL,2026-09-20 12:25:14
347,INFY,1897.68,743,4.27,NORMAL,2026-09-20 12:25:15
348,LT,3636.34,1522,0.45,NORMAL,2026-09-20 12:25:15
349,BHARTIARTL,1471.6,132,-1.23,NORMAL,2026-09-20 12:25:15
350,ITC,517.45,1072,5.6,TRIGGERED,2026-09-20 12:25:16
351,TCS,4150.25,734,0.73,NORMAL,2026-09-20 12:25:16
352,TATAMOTORS,950.07,703,-3.05,NORMAL,2026-09-20 12:25:17
353,BHARTIARTL,1475.07,933,-1.0,NORMAL,2026-09-20 12:25:17
354,ITC,515.68,1768,5.24,TRIGGERED,2026-09-20 12:25:17
355,HDFCBANK,1682.62,356,1.98,NORMAL,2026-09-20 12:25:18
356,LT,3622.56,218,0.07,NORMAL,2026-09-20 12:25:18
357,LT,3623.72,173,0.1,NORMAL,2026-09-20 12:25:19
358,HDFCBANK,1679.49,782,1.79,NORMAL,2026-09-20 12:25:19
359,INFY,1894.63,445,4.1,NORMAL,2026-09-20 12:25:19
360,HDFCBANK,1682.99,205,2.0,NORMAL,2026-09-20 12:25:20
361,RELIANCE,2963.37,200,-0.56,NORMAL,2026-09-20 12:25:20
362,BHARTIARTL,1469.81,1368,-1.36,NORMAL,2026-09-20 12:25:21
363,BHARTIARTL,1467.7,1863,-1.5,NORMAL,2026-09-20 12:25:21
364,TATAMOTORS,952.51,676,-2.81,NORMAL,2026-09-20 12:25:21
365,ICICIBANK,1133.09,1976,-6.36,TRIGGERED,2026-09-20 12:25:22
366,HDFCBANK,1685.94,1442,2.18,NORMAL,2026-09-20 12:25:22
367,LT,3637.95,845,0.5,NORMAL,2026-09-20 12:25:23
368,TATAMOTORS,952.63,656,-2.79,NORMAL,2026-09-20 12:25:23
369,TATAMOTORS,953.63,353,-2.69,NORMAL,2026-09-20 12:25:23
370,TCS,4150.78,785,0.75,NORMAL,2026-09-20 12:25:24
371,LT,3645.08,189,0.69,NORMAL,2026-09-20 12:25:24
372,BHARTIARTL,1470.82,1210,-1.29,NORMAL,2026-09-20 12:25:25
373,HDFCBANK,1682.04,179,1.94,NORMAL,2026-09-20 12:25:25
374,BHARTIARTL,1466.49,1281,-1.58,NORMAL,2026-09-20 12:25:25
375,INFY,1998.83,1020,9.83,TRIGGERED,2026-09-20 12:25:26
376,BHARTIARTL,1460.98,302,-1.95,NORMAL,2026-09-20 12:25:26
377,LT,3648.61,405,0.79,NORMAL,2026-09-20 12:25:27
378,ITC,515.49,467,5.2,TRIGGERED,2026-09-20 12:25:27
379,BHARTIARTL,1541.33,359,3.44,NORMAL,2026-09-20 12:25:27
380,TATAMOTORS,954.4,907,-2.61,NORMAL,2026-09-20 12:25:28
381,LT,3447.94,972,-4.75,NORMAL,2026-09-20 12:25:28
382,LT,3637.58,1617,0.49,NORMAL,2026-09-20 12:25:29
383,LT,3646.71,1210,0.74,NORMAL,2026-09-20 12:25:29
384,SBIN,821.85,1326,0.23,NORMAL,2026-09-20 12:25:29
385,TATAMOTORS,950.83,1677,-2.98,NORMAL,2026-09-20 12:25:30
386,ITC,514.34,351,4.97,NORMAL,2026-09-20 12:25:30
387,BHARTIARTL,1540.12,347,3.36,NORMAL,2026-09-20 12:25:31
388,RELIANCE,2974.75,496,-0.18,NORMAL,2026-09-20 12:25:31
389,SBIN,819.15,1788,-0.1,NORMAL,2026-09-20 12:25:31
390,BHARTIARTL,1544.81,954,3.68,NORMAL,2026-09-20 12:25:32
391,ITC,513.32,1384,4.76,NORMAL,2026-09-20 12:25:32
392,SBIN,816.38,1128,-0.44,NORMAL,2026-09-20 12:25:33
393,BHARTIARTL,1538.8,1265,3.28,NORMAL,2026-09-20 12:25:33
394,ICICIBANK,1137.04,1982,-6.03,TRIGGERED,2026-09-20 12:25:33
395,TCS,4139.07,1521,0.46,NORMAL,2026-09-20 12:25:34
396,HDFCBANK,1675.32,1324,1.53,NORMAL,2026-09-20 12:25:34
397,ITC,514.56,459,5.01,TRIGGERED,2026-09-20 12:25:35
398,ICICIBANK,1134.59,532,-6.23,TRIGGERED,2026-09-20 12:25:35
399,INFY,2006.61,1437,10.25,TRIGGERED,2026-09-20 12:25:35
400,RELIANCE,2981.6,746,0.05,NORMAL,2026-09-20 12:25:36
401,ICICIBANK,1135.15,29,-6.19,TRIGGERED,2026-09-20 12:25:36
402,RELIANCE,2981.33,1051,0.04,NORMAL,2026-09-20 12:25:37
403,ICICIBANK,1137.85,649,-5.96,TRIGGERED,2026-09-20 12:25:37
404,HDFCBANK,1671.94,1451,1.33,NORMAL,2026-09-20 12:25:37
405,HDFCBANK,1677.36,1357,1.66,NORMAL,2026-09-20 12:25:38
406,HDFCBANK,1678.04,1761,1.7,NORMAL,2026-09-20 12:25:38
407,TCS,4133.24,1676,0.32,NORMAL,2026-09-20 12:25:39
408,TCS,4117.03,140,-0.07,NORMAL,2026-09-20 12:25:39
409,HDFCBANK,1676.17,1536,1.59,NORMAL,2026-09-20 12:25:40
410,INFY,2012.27,41,10.56,TRIGGERED,2026-09-20 12:25:40
411,LT,3660.18,1342,1.11,NORMAL,2026-09-20 12:25:40
412,TCS,4109.09,1692,-0.26,NORMAL,2026-09-20 12:25:41
413,TCS,4335.09,764,5.22,TRIGGERED,2026-09-20 12:25:41
414,HDFCBANK,1680.89,381,1.87,NORMAL,2026-09-20 12:25:42
415,TCS,4349.44,818,5.57,TRIGGERED,2026-09-20 12:25:42
416,SBIN,861.28,1186,5.03,TRIGGERED,2026-09-20 12:25:42
417,INFY,2011.87,1620,10.54,TRIGGERED,2026-09-20 12:25:43
418,SBIN,857.92,68,4.62,NORMAL,2026-09-20 12:25:43
419,LT,3648.04,309,0.77,NORMAL,2026-09-20 12:25:44
420,LT,3649.81,217,0.82,NORMAL,2026-09-20 12:25:44
421,ITC,515.43,408,5.19,TRIGGERED,2026-09-20 12:25:44
422,TCS,4352.66,1981,5.65,TRIGGERED,2026-09-20 12:25:45
423,INFY,2015.09,1033,10.72,TRIGGERED,2026-09-20 12:25:45
424,TCS,4592.06,1736,11.46,TRIGGERED,2026-09-20 12:25:46
425,ICICIBANK,1139.22,1365,-5.85,TRIGGERED,2026-09-20 12:25:46
426,HDFCBANK,1675.53,707,1.55,NORMAL,2026-09-20 12:25:46
427,ITC,487.08,1189,-0.6,NORMAL,2026-09-20 12:25:47
428,SBIN,855.13,978,4.28,NORMAL,2026-09-20 12:25:47
429,ICICIBANK,1135.66,1326,-6.14,TRIGGERED,2026-09-20 12:25:48
430,LT,3638.66,843,0.52,NORMAL,2026-09-20 12:25:48
431,INFY,2016.16,998,10.78,TRIGGERED,2026-09-20 12:25:48
432,ITC,487.25,1359,-0.56,NORMAL,2026-09-20 12:25:49
433,ICICIBANK,1131.84,1373,-6.46,TRIGGERED,2026-09-20 12:25:49
434,SBIN,858.13,1126,4.65,NORMAL,2026-09-20 12:25:50
435,ITC,485.5,1148,-0.92,NORMAL,2026-09-20 12:25:50
436,RELIANCE,3145.3,56,5.55,TRIGGERED,2026-09-20 12:25:50
437,SBIN,858.61,1503,4.71,NORMAL,2026-09-20 12:25:51
438,BHARTIARTL,1532.7,522,2.87,NORMAL,2026-09-20 12:25:51
439,ICICIBANK,1136.03,1884,-6.11,TRIGGERED,2026-09-20 12:25:52
440,ICICIBANK,1133.78,134,-6.3,TRIGGERED,2026-09-20 12:25:52
441,BHARTIARTL,1528.91,1412,2.61,NORMAL,2026-09-20 12:25:52
442,SBIN,860.48,233,4.94,NORMAL,2026-09-20 12:25:53
443,ITC,486.36,1663,-0.74,NORMAL,2026-09-20 12:25:53
444,INFY,2023.93,876,11.2,TRIGGERED,2026-09-20 12:25:54
445,HDFCBANK,1675.93,322,1.57,NORMAL,2026-09-20 12:25:54
446,ITC,487.16,982,-0.58,NORMAL,2026-09-20 12:25:54
447,BHARTIARTL,1526.66,1149,2.46,NORMAL,2026-09-20 12:25:55
448,TCS,4609.15,1249,11.87,TRIGGERED,2026-09-20 12:25:55
449,TATAMOTORS,951.31,196,-2.93,NORMAL,2026-09-20 12:25:56
450,LT,3624.96,267,0.14,NORMAL,2026-09-20 12:25:56
451,ITC,487.9,103,-0.43,NORMAL,2026-09-20 12:25:56
452,LT,3625.59,1797,0.15,NORMAL,2026-09-20 12:25:57
453,BHARTIARTL,1522.85,651,2.2,NORMAL,2026-09-20 12:25:57
454,RELIANCE,3142.1,252,5.44,TRIGGERED,2026-09-20 12:25:58
455,HDFCBANK,1680.23,1787,1.83,NORMAL,2026-09-20 12:25:58
456,LT,3611.66,1844,-0.23,NORMAL,2026-09-20 12:25:58
457,HDFCBANK,1681.58,549,1.91,NORMAL,2026-09-20 12:25:59
458,LT,3616.31,504,-0.1,NORMAL,2026-09-20 12:25:59
459,HDFCBANK,1675.47,184,1.54,NORMAL,2026-09-20 12:26:00
460,RELIANCE,3142.69,1845,5.46,TRIGGERED,2026-09-20 12:26:00
461,SBIN,861.78,1257,5.1,TRIGGERED,2026-09-20 12:26:00
462,TATAMOTORS,1003.63,203,2.41,NORMAL,2026-09-20 12:26:01
463,RELIANCE,3147.47,601,5.62,TRIGGERED,2026-09-20 12:26:01
464,INFY,2030.64,640,11.57,TRIGGERED,2026-09-20 12:26:02
465,ITC,486.84,434,-0.64,NORMAL,2026-09-20 12:26:02
466,RELIANCE,3142.36,239,5.45,TRIGGERED,2026-09-20 12:26:02
467,BHARTIARTL,1522.39,338,2.17,NORMAL,2026-09-20 12:26:03
468,TATAMOTORS,1002.56,1759,2.3,NORMAL,2026-09-20 12:26:03
469,BHARTIARTL,1517.46,36,1.84,NORMAL,2026-09-20 12:26:04
470,ITC,460.06,1951,-6.11,TRIGGERED,2026-09-20 12:26:04
471,TCS,4591.42,190,11.44,TRIGGERED,2026-09-20 12:26:05
472,ICICIBANK,1134.73,863,-6.22,TRIGGERED,2026-09-20 12:26:05
473,INFY,2032.95,78,11.7,TRIGGERED,2026-09-20 12:26:05
474,INFY,2039.0,789,12.03,TRIGGERED,2026-09-20 12:26:06
475,INFY,2041.38,546,12.16,TRIGGERED,2026-09-20 12:26:06
476,SBIN,863.29,880,5.28,TRIGGERED,2026-09-20 12:26:07
477,INFY,2040.04,808,12.09,TRIGGERED,2026-09-20 12:26:07
478,SBIN,865.48,515,5.55,TRIGGERED,2026-09-20 12:26:07
479,RELIANCE,3135.32,539,5.21,TRIGGERED,2026-09-20 12:26:08
480,HDFCBANK,1678.39,1760,1.72,NORMAL,2026-09-20 12:26:08
481,ICICIBANK,1130.41,1595,-6.58,TRIGGERED,2026-09-20 12:26:09
482,TCS,4578.38,1972,11.13,TRIGGERED,2026-09-20 12:26:09
483,SBIN,867.97,737,5.85,TRIGGERED,2026-09-20 12:26:09
484,ICICIBANK,1130.42,650,-6.58,TRIGGERED,2026-09-20 12:26:10
485,ITC,460.2,1701,-6.08,TRIGGERED,2026-09-20 12:26:10
486,ITC,461.67,350,-5.78,TRIGGERED,2026-09-20 12:26:11
487,HDFCBANK,1674.0,1196,1.45,NORMAL,2026-09-20 12:26:11
488,BHARTIARTL,1522.89,598,2.21,NORMAL,2026-09-20 12:26:11
489,HDFCBANK,1668.79,1656,1.14,NORMAL,2026-09-20 12:26:12
490,BHARTIARTL,1525.24,1471,2.37,NORMAL,2026-09-20 12:26:12
491,ICICIBANK,1130.88,980,-6.54,TRIGGERED,2026-09-20 12:26:13
492,INFY,2034.06,1606,11.76,TRIGGERED,2026-09-20 12:26:13
493,INFY,2041.9,653,12.19,TRIGGERED,2026-09-20 12:26:13
494,INFY,2034.06,1359,11.76,TRIGGERED,2026-09-20 12:26:14
495,SBIN,867.65,1301,5.81,TRIGGERED,2026-09-20 12:26:14
496,TCS,4563.73,1784,10.77,TRIGGERED,2026-09-20 12:26:15
497,INFY,2025.96,522,11.32,TRIGGERED,2026-09-20 12:26:15
498,ITC,462.11,228,-5.69,TRIGGERED,2026-09-20 12:26:15
499,TCS,4546.61,1237,10.35,TRIGGERED,2026-09-20 12:26:16
500,ICICIBANK,1129.26,1979,-6.67,TRIGGERED,2026-09-20 12:26:16
501,SBIN,865.36,1668,5.53,TRIGGERED,2026-09-20 12:26:17
502,INFY,2019.14,1842,10.94,TRIGGERED,2026-09-20 12:26:17
503,RELIANCE,3127.13,1024,4.94,NORMAL,2026-09-20 12:26:18
504,HDFCBANK,1667.94,1350,1.09,NORMAL,2026-09-20 12:26:18
505,LT,3627.63,1058,0.21,NORMAL,2026-09-20 12:26:18
506,INFY,2024.01,823,11.21,TRIGGERED,2026-09-20 12:26:19
507,TATAMOTORS,1057.7,355,7.93,TRIGGERED,2026-09-20 12:26:19
508,RELIANCE,3118.43,1766,4.65,NORMAL,2026-09-20 12:26:20
509,RELIANCE,3106.34,277,4.24,NORMAL,2026-09-20 12:26:20
510,TATAMOTORS,1059.42,961,8.1,TRIGGERED,2026-09-20 12:26:20
511,RELIANCE,3101.85,1164,4.09,NORMAL,2026-09-20 12:26:21
512,LT,3633.01,1964,0.36,NORMAL,2026-09-20 12:26:21
513,ICICIBANK,1191.37,702,-1.54,NORMAL,2026-09-20 12:26:22
514,BHARTIARTL,1525.28,296,2.37,NORMAL,2026-09-20 12:26:22
515,BHARTIARTL,1530.21,1087,2.7,NORMAL,2026-09-20 12:26:22
516,RELIANCE,3102.04,1328,4.1,NORMAL,2026-09-20 12:26:23
517,ITC,463.58,887,-5.39,TRIGGERED,2026-09-20 12:26:23
518,LT,3620.02,574,0.0,NORMAL,2026-09-20 12:26:24
519,TCS,4561.75,40,10.72,TRIGGERED,2026-09-20 12:26:24
520,SBIN,864.01,1679,5.37,TRIGGERED,2026-09-20 12:26:24
521,ICICIBANK,1188.06,61,-1.81,NORMAL,2026-09-20 12:26:25
522,LT,3608.41,1413,-0.32,NORMAL,2026-09-20 12:26:25
523,BHARTIARTL,1526.07,1563,2.42,NORMAL,2026-09-20 12:26:26
524,INFY,2020.94,573,11.04,TRIGGERED,2026-09-20 12:26:26
525,ICICIBANK,1184.1,249,-2.14,NORMAL,2026-09-20 12:26:26
526,RELIANCE,3272.65,1861,9.82,TRIGGERED,2026-09-20 12:26:27
527,INFY,2014.61,1028,10.69,TRIGGERED,2026-09-20 12:26:27
528,LT,3617.45,1234,-0.07,NORMAL,2026-09-20 12:26:28
529,TCS,4549.03,1883,10.41,TRIGGERED,2026-09-20 12:26:28
530,LT,3605.12,361,-0.41,NORMAL,2026-09-20 12:26:28
531,BHARTIARTL,1521.6,162,2.12,NORMAL,2026-09-20 12:26:29
532,RELIANCE,3260.66,1059,9.42,TRIGGERED,2026-09-20 12:26:29
533,HDFCBANK,1759.68,1816,6.65,TRIGGERED,2026-09-20 12:26:30
534,LT,3598.06,422,-0.61,NORMAL,2026-09-20 12:26:30
535,RELIANCE,3269.93,728,9.73,TRIGGERED,2026-09-20 12:26:30
536,ICICIBANK,1180.16,1185,-2.47,NORMAL,2026-09-20 12:26:31
537,LT,3609.71,802,-0.28,NORMAL,2026-09-20 12:26:31
538,SBIN,865.54,554,5.55,TRIGGERED,2026-09-20 12:26:32
539,LT,3612.12,1221,-0.22,NORMAL,2026-09-20 12:26:32
540,INFY,2010.25,1454,10.45,TRIGGERED,2026-09-20 12:26:32
541,RELIANCE,3262.96,171,9.5,TRIGGERED,2026-09-20 12:26:33
542,TCS,4532.09,689,10.0,TRIGGERED,2026-09-20 12:26:33
543,TATAMOTORS,1062.92,143,8.46,TRIGGERED,2026-09-20 12:26:34
544,RELIANCE,3257.74,1607,9.32,TRIGGERED,2026-09-20 12:26:34
545,ITC,463.89,1631,-5.33,TRIGGERED,2026-09-20 12:26:34
546,INFY,2014.64,907,10.69,TRIGGERED,2026-09-20 12:26:35
547,ICICIBANK,1184.2,621,-2.13,NORMAL,2026-09-20 12:26:35
548,RELIANCE,3250.25,1717,9.07,TRIGGERED,2026-09-20 12:26:36
549,TATAMOTORS,1059.38,51,8.1,TRIGGERED,2026-09-20 12:26:36
550,INFY,2021.7,284,11.08,TRIGGERED,2026-09-20 12:26:36
551,TATAMOTORS,1062.87,562,8.46,TRIGGERED,2026-09-20 12:26:37
552,HDFCBANK,1766.29,1682,7.05,TRIGGERED,2026-09-20 12:26:37
553,TATAMOTORS,1066.64,1502,8.84,TRIGGERED,2026-09-20 12:26:38
554,TATAMOTORS,1066.47,1154,8.82,TRIGGERED,2026-09-20 12:26:38
555,INFY,2018.52,208,10.91,TRIGGERED,2026-09-20 12:26:38
556,TATAMOTORS,1069.41,311,9.12,TRIGGERED,2026-09-20 12:26:39
557,SBIN,865.34,316,5.53,TRIGGERED,2026-09-20 12:26:39
558,ICICIBANK,1181.0,1320,-2.4,NORMAL,2026-09-20 12:26:40
559,INFY,2017.93,820,10.88,TRIGGERED,2026-09-20 12:26:40
560,BHARTIARTL,1518.75,192,1.93,NORMAL,2026-09-20 12:26:40
561,TATAMOTORS,1067.7,886,8.95,TRIGGERED,2026-09-20 12:26:41
562,HDFCBANK,1762.24,1207,6.8,TRIGGERED,2026-09-20 12:26:41
563,RELIANCE,3252.99,704,9.16,TRIGGERED,2026-09-20 12:26:42
564,TATAMOTORS,1068.35,86,9.02,TRIGGERED,2026-09-20 12:26:42
565,ICICIBANK,1178.68,1573,-2.59,NORMAL,2026-09-20 12:26:42
566,TCS,4542.48,325,10.25,TRIGGERED,2026-09-20 12:26:43
567,SBIN,867.0,1477,5.73,TRIGGERED,2026-09-20 12:26:43
568,LT,3598.89,613,-0.58,NORMAL,2026-09-20 12:26:44
569,BHARTIARTL,1602.28,539,7.54,TRIGGERED,2026-09-20 12:26:44
570,ITC,465.01,106,-5.1,TRIGGERED,2026-09-20 12:26:44
571,LT,3602.73,369,-0.48,NORMAL,2026-09-20 12:26:45
572,ITC,464.39,1275,-5.23,TRIGGERED,2026-09-20 12:26:45
573,TCS,4530.51,1010,9.96,TRIGGERED,2026-09-20 12:26:46
574,LT,3613.62,195,-0.18,NORMAL,2026-09-20 12:26:46
575,TCS,4544.47,923,10.3,TRIGGERED,2026-09-20 12:26:46
576,ICICIBANK,1175.03,1034,-2.89,NORMAL,2026-09-20 12:26:47
577,ICICIBANK,1178.37,1868,-2.61,NORMAL,2026-09-20 12:26:47
578,LT,3617.89,1242,-0.06,NORMAL,2026-09-20 12:26:48
579,LT,3607.36,134,-0.35,NORMAL,2026-09-20 12:26:48
580,TATAMOTORS,1068.16,545,9.0,TRIGGERED,2026-09-20 12:26:48
581,RELIANCE,3431.9,1868,15.16,TRIGGERED,2026-09-20 12:26:49
582,RELIANCE,3443.29,1620,15.55,TRIGGERED,2026-09-20 12:26:49
583,SBIN,865.45,1079,5.54,TRIGGERED,2026-09-20 12:26:50
584,TATAMOTORS,1064.25,131,8.6,TRIGGERED,2026-09-20 12:26:50
585,BHARTIARTL,1596.65,88,7.16,TRIGGERED,2026-09-20 12:26:50
586,TATAMOTORS,1063.22,823,8.49,TRIGGERED,2026-09-20 12:26:51
587,TCS,4553.04,237,10.51,TRIGGERED,2026-09-20 12:26:51
588,ICICIBANK,1175.11,1507,-2.88,NORMAL,2026-09-20 12:26:52
589,BHARTIARTL,1592.51,292,6.88,TRIGGERED,2026-09-20 12:26:52
590,BHARTIARTL,1595.53,1026,7.08,TRIGGERED,2026-09-20 12:26:52
591,ICICIBANK,1176.78,127,-2.75,NORMAL,2026-09-20 12:26:53
592,ITC,462.94,430,-5.52,TRIGGERED,2026-09-20 12:26:53
593,TATAMOTORS,1060.68,1743,8.23,TRIGGERED,2026-09-20 12:26:54
594,ITC,464.78,314,-5.15,TRIGGERED,2026-09-20 12:26:54
595,TCS,4803.46,1006,16.59,TRIGGERED,2026-09-20 12:26:54
596,ICICIBANK,1176.59,1966,-2.76,NORMAL,2026-09-20 12:26:55
597,SBIN,913.05,1858,11.35,TRIGGERED,2026-09-20 12:26:55
598,ITC,464.58,1576,-5.19,TRIGGERED,2026-09-20 12:26:56
599,BHARTIARTL,1600.76,441,7.43,TRIGGERED,2026-09-20 12:26:56
600,ITC,466.01,447,-4.9,NORMAL,2026-09-20 12:26:56
601,HDFCBANK,1859.16,1518,12.68,TRIGGERED,2026-09-20 12:26:57
602,LT,3612.9,243,-0.2,NORMAL,2026-09-20 12:26:57
603,TATAMOTORS,1058.92,1206,8.05,TRIGGERED,2026-09-20 12:26:58
604,BHARTIARTL,1602.31,1806,7.54,TRIGGERED,2026-09-20 12:26:58
605,ITC,465.36,1167,-5.03,TRIGGERED,2026-09-20 12:26:58
606,INFY,2022.01,1450,11.1,TRIGGERED,2026-09-20 12:26:59
607,HDFCBANK,1865.93,1505,13.09,TRIGGERED,2026-09-20 12:26:59
608,BHARTIARTL,1598.13,1700,7.26,TRIGGERED,2026-09-20 12:27:00
609,INFY,1910.8,1942,4.99,NORMAL,2026-09-20 12:27:00
610,ITC,465.98,1309,-4.9,NORMAL,2026-09-20 12:27:00
611,RELIANCE,3456.81,1574,16.0,TRIGGERED,2026-09-20 12:27:01
612,ITC,465.73,1628,-4.95,NORMAL,2026-09-20 12:27:01
613,BHARTIARTL,1597.95,241,7.24,TRIGGERED,2026-09-20 12:27:02
614,BHARTIARTL,1600.69,1072,7.43,TRIGGERED,2026-09-20 12:27:02
615,SBIN,909.8,1033,10.95,TRIGGERED,2026-09-20 12:27:02
616,ICICIBANK,1174.06,1627,-2.97,NORMAL,2026-09-20 12:27:03
617,RELIANCE,3456.73,1267,16.0,TRIGGERED,2026-09-20 12:27:03
618,LT,3607.45,366,-0.35,NORMAL,2026-09-20 12:27:04
619,RELIANCE,3456.24,529,15.98,TRIGGERED,2026-09-20 12:27:04
620,TCS,4814.51,615,16.86,TRIGGERED,2026-09-20 12:27:05
621,TATAMOTORS,1060.58,382,8.22,TRIGGERED,2026-09-20 12:27:05
622,LT,3604.59,226,-0.43,NORMAL,2026-09-20 12:27:06
623,HDFCBANK,1864.93,1498,13.03,TRIGGERED,2026-09-20 12:27:06
624,ICICIBANK,1173.08,1832,-3.05,NORMAL,2026-09-20 12:27:07
625,LT,3608.68,714,-0.31,NORMAL,2026-09-20 12:27:07
626,TCS,4817.18,1511,16.92,TRIGGERED,2026-09-20 12:27:07
627,TCS,4801.86,966,16.55,TRIGGERED,2026-09-20 12:27:08
628,HDFCBANK,1864.85,289,13.02,TRIGGERED,2026-09-20 12:27:08
629,BHARTIARTL,1596.49,777,7.15,TRIGGERED,2026-09-20 12:27:09
630,TATAMOTORS,1062.71,1609,8.44,TRIGGERED,2026-09-20 12:27:09
631,SBIN,909.46,1774,10.91,TRIGGERED,2026-09-20 12:27:10
632,INFY,1908.82,578,4.88,NORMAL,2026-09-20 12:27:10
633,BHARTIARTL,1597.2,591,7.19,TRIGGERED,2026-09-20 12:27:10
634,ICICIBANK,1173.33,609,-3.03,NORMAL,2026-09-20 12:27:11
635,INFY,1906.21,1892,4.74,NORMAL,2026-09-20 12:27:11
636,LT,3610.79,1810,-0.25,NORMAL,2026-09-20 12:27:12
637,SBIN,908.17,175,10.75,TRIGGERED,2026-09-20 12:27:12
638,TATAMOTORS,1066.07,514,8.78,TRIGGERED,2026-09-20 12:27:13
639,ITC,464.37,73,-5.23,TRIGGERED,2026-09-20 12:27:13
640,ICICIBANK,1177.29,1243,-2.7,NORMAL,2026-09-20 12:27:13
641,LT,3412.2,449,-5.74,TRIGGERED,2026-09-20 12:27:14
642,TCS,4806.65,342,16.67,TRIGGERED,2026-09-20 12:27:14
643,ITC,464.96,1259,-5.11,TRIGGERED,2026-09-20 12:27:15
644,ITC,465.19,733,-5.06,TRIGGERED,2026-09-20 12:27:15
645,ICICIBANK,1175.41,744,-2.86,NORMAL,2026-09-20 12:27:15
646,TATAMOTORS,1062.8,1629,8.45,TRIGGERED,2026-09-20 12:27:16
647,LT,3398.77,1737,-6.11,TRIGGERED,2026-09-20 12:27:16
648,TCS,4815.15,1720,16.87,TRIGGERED,2026-09-20 12:27:17
649,SBIN,910.75,1345,11.07,TRIGGERED,2026-09-20 12:27:17
650,BHARTIARTL,1594.08,845,6.99,TRIGGERED,2026-09-20 12:27:17
651,SBIN,910.62,466,11.05,TRIGGERED,2026-09-20 12:27:18
652,LT,3394.72,904,-6.22,TRIGGERED,2026-09-20 12:27:18
653,ICICIBANK,1170.79,1658,-3.24,NORMAL,2026-09-20 12:27:19
654,ICICIBANK,1169.64,1581,-3.34,NORMAL,2026-09-20 12:27:19
655,TATAMOTORS,1063.72,285,8.54,TRIGGERED,2026-09-20 12:27:19
656,SBIN,909.99,1599,10.97,TRIGGERED,2026-09-20 12:27:20
657,SBIN,906.94,1385,10.6,TRIGGERED,2026-09-20 12:27:20
658,ITC,466.53,406,-4.79,NORMAL,2026-09-20 12:27:21
659,TATAMOTORS,1122.22,1024,14.51,TRIGGERED,2026-09-20 12:27:21
660,HDFCBANK,1967.42,105,19.24,TRIGGERED,2026-09-20 12:27:21
661,INFY,1913.65,1189,5.15,TRIGGERED,2026-09-20 12:27:22
662,RELIANCE,3462.8,1748,16.2,TRIGGERED,2026-09-20 12:27:22
663,ICICIBANK,1165.79,711,-3.65,NORMAL,2026-09-20 12:27:23
664,HDFCBANK,1967.72,417,19.26,TRIGGERED,2026-09-20 12:27:23
665,SBIN,908.17,183,10.75,TRIGGERED,2026-09-20 12:27:23
666,RELIANCE,3460.06,670,16.11,TRIGGERED,2026-09-20 12:27:24
667,ITC,466.58,1722,-4.78,NORMAL,2026-09-20 12:27:24
668,BHARTIARTL,1590.98,1416,6.78,TRIGGERED,2026-09-20 12:27:25
669,RELIANCE,3453.95,1842,15.9,TRIGGERED,2026-09-20 12:27:25
670,TATAMOTORS,1119.17,806,14.2,TRIGGERED,2026-09-20 12:27:25
671,SBIN,907.56,265,10.68,TRIGGERED,2026-09-20 12:27:26
672,TCS,4798.28,321,16.46,TRIGGERED,2026-09-20 12:27:26
673,RELIANCE,3464.89,472,16.27,TRIGGERED,2026-09-20 12:27:27
674,TATAMOTORS,1180.72,1420,20.48,TRIGGERED,2026-09-20 12:27:27
675,TCS,4804.23,25,16.61,TRIGGERED,2026-09-20 12:27:27
676,ITC,466.37,595,-4.82,NORMAL,2026-09-20 12:27:28
677,ICICIBANK,1165.36,1110,-3.69,NORMAL,2026-09-20 12:27:28
678,ITC,492.02,723,0.41,NORMAL,2026-09-20 12:27:29
679,INFY,1907.56,1322,4.81,NORMAL,2026-09-20 12:27:29
680,ICICIBANK,1229.45,1965,1.61,NORMAL,2026-09-20 12:27:29
681,TATAMOTORS,1181.96,1580,20.61,TRIGGERED,2026-09-20 12:27:30
682,HDFCBANK,1965.56,935,19.12,TRIGGERED,2026-09-20 12:27:30
683,ITC,492.11,217,0.43,NORMAL,2026-09-20 12:27:31
684,SBIN,909.64,472,10.93,TRIGGERED,2026-09-20 12:27:31
685,TATAMOTORS,1186.35,1370,21.06,TRIGGERED,2026-09-20 12:27:31
686,INFY,1912.91,1749,5.1,TRIGGERED,2026-09-20 12:27:32
687,LT,3396.04,1525,-6.19,TRIGGERED,2026-09-20 12:27:32
688,BHARTIARTL,1596.88,1858,7.17,TRIGGERED,2026-09-20 12:27:33
689,BHARTIARTL,1601.6,584,7.49,TRIGGERED,2026-09-20 12:27:33
690,RELIANCE,3463.77,513,16.23,TRIGGERED,2026-09-20 12:27:33
691,TATAMOTORS,1186.88,815,21.11,TRIGGERED,2026-09-20 12:27:34
692,TCS,4800.72,382,16.52,TRIGGERED,2026-09-20 12:27:34
693,BHARTIARTL,1604.43,564,7.68,TRIGGERED,2026-09-20 12:27:35
694,LT,3385.16,1683,-6.49,TRIGGERED,2026-09-20 12:27:35
695,SBIN,908.5,1731,10.79,TRIGGERED,2026-09-20 12:27:36
696,RELIANCE,3474.47,651,16.59,TRIGGERED,2026-09-20 12:27:36
697,INFY,1906.1,1008,4.73,NORMAL,2026-09-20 12:27:36
698,SBIN,907.88,576,10.72,TRIGGERED,2026-09-20 12:27:37
699,HDFCBANK,1971.34,33,19.48,TRIGGERED,2026-09-20 12:27:37
700,RELIANCE,3479.0,1751,16.74,TRIGGERED,2026-09-20 12:27:38
701,BHARTIARTL,1516.19,1922,1.76,NORMAL,2026-09-20 12:27:38
702,HDFCBANK,1970.8,1298,19.44,TRIGGERED,2026-09-20 12:27:38
703,BHARTIARTL,1519.75,1862,2.0,NORMAL,2026-09-20 12:27:39
704,ICICIBANK,1226.2,1817,1.34,NORMAL,2026-09-20 12:27:39
705,HDFCBANK,1966.45,262,19.18,TRIGGERED,2026-09-20 12:27:40
706,HDFCBANK,1961.89,1374,18.9,TRIGGERED,2026-09-20 12:27:40
707,TCS,4536.68,246,10.11,TRIGGERED,2026-09-20 12:27:40
708,TCS,4786.2,688,16.17,TRIGGERED,2026-09-20 12:27:41
709,BHARTIARTL,1521.12,825,2.09,NORMAL,2026-09-20 12:27:41
710,TCS,4795.03,1235,16.38,TRIGGERED,2026-09-20 12:27:42
711,INFY,1905.52,1341,4.7,NORMAL,2026-09-20 12:27:42
712,HDFCBANK,1957.0,1127,18.61,TRIGGERED,2026-09-20 12:27:42
713,TATAMOTORS,1187.1,1091,21.13,TRIGGERED,2026-09-20 12:27:43
714,TATAMOTORS,1186.75,1848,21.1,TRIGGERED,2026-09-20 12:27:43
715,RELIANCE,3483.13,883,16.88,TRIGGERED,2026-09-20 12:27:44
716,INFY,2010.32,299,10.46,TRIGGERED,2026-09-20 12:27:44
717,BHARTIARTL,1437.46,428,-3.53,NORMAL,2026-09-20 12:27:44
718,SBIN,904.55,148,10.31,TRIGGERED,2026-09-20 12:27:45
719,ICICIBANK,1223.18,1907,1.09,NORMAL,2026-09-20 12:27:45
720,BHARTIARTL,1440.77,535,-3.3,NORMAL,2026-09-20 12:27:46
721,HDFCBANK,1956.5,1510,18.58,TRIGGERED,2026-09-20 12:27:46
722,INFY,2012.54,139,10.58,TRIGGERED,2026-09-20 12:27:46
723,RELIANCE,3291.56,1398,10.46,TRIGGERED,2026-09-20 12:27:47
724,BHARTIARTL,1442.64,1917,-3.18,NORMAL,2026-09-20 12:27:47
725,SBIN,901.47,1607,9.94,TRIGGERED,2026-09-20 12:27:48
726,ITC,490.37,895,0.08,NORMAL,2026-09-20 12:27:48
727,RELIANCE,3282.01,1182,10.13,TRIGGERED,2026-09-20 12:27:48
728,LT,3394.03,1318,-6.24,TRIGGERED,2026-09-20 12:27:49
729,SBIN,898.96,1816,9.63,TRIGGERED,2026-09-20 12:27:49
730,LT,3398.62,25,-6.12,TRIGGERED,2026-09-20 12:27:50
731,LT,3389.49,1472,-6.37,TRIGGERED,2026-09-20 12:27:50
732,HDFCBANK,1955.57,985,18.52,TRIGGERED,2026-09-20 12:27:50
733,ICICIBANK,1228.05,1259,1.49,NORMAL,2026-09-20 12:27:51
734,HDFCBANK,1951.79,1497,18.29,TRIGGERED,2026-09-20 12:27:51
735,ICICIBANK,1224.53,636,1.2,NORMAL,2026-09-20 12:27:52
736,TCS,4789.45,1598,16.25,TRIGGERED,2026-09-20 12:27:52
737,ITC,492.22,202,0.45,NORMAL,2026-09-20 12:27:52
738,ITC,465.15,25,-5.07,TRIGGERED,2026-09-20 12:27:53
739,ICICIBANK,1220.56,1344,0.87,NORMAL,2026-09-20 12:27:53
740,SBIN,895.44,981,9.2,TRIGGERED,2026-09-20 12:27:54
741,INFY,2011.83,1764,10.54,TRIGGERED,2026-09-20 12:27:54
742,HDFCBANK,1952.27,1377,18.32,TRIGGERED,2026-09-20 12:27:54
743,SBIN,846.19,788,3.19,NORMAL,2026-09-20 12:27:55
744,ITC,463.9,1644,-5.33,TRIGGERED,2026-09-20 12:27:55
745,LT,3380.0,1610,-6.63,TRIGGERED,2026-09-20 12:27:56
746,BHARTIARTL,1442.01,1317,-3.22,NORMAL,2026-09-20 12:27:56
747,ICICIBANK,1220.04,1103,0.83,NORMAL,2026-09-20 12:27:56
748,TCS,4778.3,953,15.98,TRIGGERED,2026-09-20 12:27:57
749,TCS,4790.19,466,16.27,TRIGGERED,2026-09-20 12:27:57
750,TATAMOTORS,1189.5,1353,21.38,TRIGGERED,2026-09-20 12:27:58
751,RELIANCE,3283.49,301,10.18,TRIGGERED,2026-09-20 12:27:58
752,ITC,463.41,101,-5.43,TRIGGERED,2026-09-20 12:27:58
753,INFY,2018.28,373,10.89,TRIGGERED,2026-09-20 12:27:59
754,HDFCBANK,1951.67,779,18.28,TRIGGERED,2026-09-20 12:27:59
755,SBIN,799.65,792,-2.48,NORMAL,2026-09-20 12:28:00
756,INFY,2016.96,1708,10.82,TRIGGERED,2026-09-20 12:28:00
757,BHARTIARTL,1440.77,1411,-3.3,NORMAL,2026-09-20 12:28:00
758,SBIN,799.68,1344,-2.48,NORMAL,2026-09-20 12:28:01
759,RELIANCE,3277.05,577,9.97,TRIGGERED,2026-09-20 12:28:01
760,ITC,461.71,37,-5.77,TRIGGERED,2026-09-20 12:28:02
761,INFY,2022.96,258,11.15,TRIGGERED,2026-09-20 12:28:02
762,INFY,2024.51,125,11.24,TRIGGERED,2026-09-20 12:28:02
763,TCS,4780.87,1173,16.04,TRIGGERED,2026-09-20 12:28:03
764,TATAMOTORS,1189.51,533,21.38,TRIGGERED,2026-09-20 12:28:03
765,LT,3386.56,52,-6.45,TRIGGERED,2026-09-20 12:28:04
766,ITC,463.28,755,-5.45,TRIGGERED,2026-09-20 12:28:04
767,RELIANCE,3287.32,1076,10.31,TRIGGERED,2026-09-20 12:28:05
768,RELIANCE,3287.06,1223,10.3,TRIGGERED,2026-09-20 12:28:05
769,RELIANCE,3295.62,415,10.59,TRIGGERED,2026-09-20 12:28:05
770,RELIANCE,3293.73,67,10.53,TRIGGERED,2026-09-20 12:28:06
771,TATAMOTORS,1194.16,1940,21.85,TRIGGERED,2026-09-20 12:28:06
772,INFY,2018.03,435,10.88,TRIGGERED,2026-09-20 12:28:07
773,LT,3384.16,448,-6.51,TRIGGERED,2026-09-20 12:28:07
774,INFY,2012.9,1631,10.6,TRIGGERED,2026-09-20 12:28:07
775,ICICIBANK,1224.87,1987,1.23,NORMAL,2026-09-20 12:28:08
776,LT,3371.93,280,-6.85,TRIGGERED,2026-09-20 12:28:08
777,ITC,462.4,1112,-5.63,TRIGGERED,2026-09-20 12:28:09
778,HDFCBANK,1956.33,780,18.57,TRIGGERED,2026-09-20 12:28:09
779,ICICIBANK,1222.21,1382,1.01,NORMAL,2026-09-20 12:28:09
780,SBIN,755.7,1398,-7.84,TRIGGERED,2026-09-20 12:28:10
781,ITC,462.58,1374,-5.6,TRIGGERED,2026-09-20 12:28:10
782,LT,3557.39,1546,-1.73,NORMAL,2026-09-20 12:28:11
783,TCS,4786.58,1405,16.18,TRIGGERED,2026-09-20 12:28:11
784,HDFCBANK,1848.73,413,12.04,TRIGGERED,2026-09-20 12:28:11
785,INFY,2006.38,637,10.24,TRIGGERED,2026-09-20 12:28:12
786,ITC,464.32,866,-5.24,TRIGGERED,2026-09-20 12:28:12
787,ITC,462.75,709,-5.56,TRIGGERED,2026-09-20 12:28:13
788,ITC,461.1,1437,-5.9,TRIGGERED,2026-09-20 12:28:13
789,TCS,4789.88,349,16.26,TRIGGERED,2026-09-20 12:28:13
790,SBIN,755.55,1938,-7.86,TRIGGERED,2026-09-20 12:28:14
791,TATAMOTORS,1197.26,828,22.17,TRIGGERED,2026-09-20 12:28:14
792,TATAMOTORS,1199.17,80,22.36,TRIGGERED,2026-09-20 12:28:15
793,RELIANCE,3299.93,1075,10.74,TRIGGERED,2026-09-20 12:28:15
794,RELIANCE,3288.51,1104,10.35,TRIGGERED,2026-09-20 12:28:15
795,HDFCBANK,1847.14,90,11.95,TRIGGERED,2026-09-20 12:28:16
796,INFY,2014.37,1325,10.68,TRIGGERED,2026-09-20 12:28:16
797,LT,3562.14,1903,-1.6,NORMAL,2026-09-20 12:28:17
798,HDFCBANK,1844.01,1819,11.76,TRIGGERED,2026-09-20 12:28:17
799,SBIN,753.72,1222,-8.08,TRIGGERED,2026-09-20 12:28:17
800,TATAMOTORS,1198.98,1185,22.34,TRIGGERED,2026-09-20 12:28:18
801,TCS,4772.3,35,15.83,TRIGGERED,2026-09-20 12:28:18
802,ICICIBANK,1225.18,668,1.25,NORMAL,2026-09-20 12:28:19
803,ICICIBANK,1292.56,1030,6.82,TRIGGERED,2026-09-20 12:28:19
804,TATAMOTORS,1197.8,705,22.22,TRIGGERED,2026-09-20 12:28:19
805,TCS,4764.91,568,15.65,TRIGGERED,2026-09-20 12:28:20
806,ICICIBANK,1221.47,1452,0.95,NORMAL,2026-09-20 12:28:20
807,RELIANCE,3282.52,1026,10.15,TRIGGERED,2026-09-20 12:28:21
808,RELIANCE,3279.23,977,10.04,TRIGGERED,2026-09-20 12:28:21
809,BHARTIARTL,1442.5,161,-3.19,NORMAL,2026-09-20 12:28:21
810,RELIANCE,3098.87,1885,3.99,NORMAL,2026-09-20 12:28:22
811,ITC,460.44,1413,-6.03,TRIGGERED,2026-09-20 12:28:22
812,INFY,2016.01,1021,10.77,TRIGGERED,2026-09-20 12:28:23
813,TCS,4775.61,62,15.91,TRIGGERED,2026-09-20 12:28:23
814,LT,3557.81,503,-1.72,NORMAL,2026-09-20 12:28:24
815,INFY,2023.4,1172,11.18,TRIGGERED,2026-09-20 12:28:24
816,RELIANCE,3094.1,1998,3.83,NORMAL,2026-09-20 12:28:24
817,RELIANCE,3097.35,1599,3.94,NORMAL,2026-09-20 12:28:25
818,ICICIBANK,1221.34,1726,0.94,NORMAL,2026-09-20 12:28:25
819,TCS,4783.11,371,16.09,TRIGGERED,2026-09-20 12:28:26
820,HDFCBANK,1846.28,1623,11.9,TRIGGERED,2026-09-20 12:28:26
821,RELIANCE,3108.66,32,4.32,NORMAL,2026-09-20 12:28:26
822,ICICIBANK,1224.86,275,1.23,NORMAL,2026-09-20 12:28:27
823,INFY,2029.88,1826,11.53,TRIGGERED,2026-09-20 12:28:27
824,SBIN,751.16,530,-8.4,TRIGGERED,2026-09-20 12:28:28
825,LT,3546.26,579,-2.04,NORMAL,2026-09-20 12:28:28
826,TATAMOTORS,1201.53,1059,22.61,TRIGGERED,2026-09-20 12:28:28
827,TATAMOTORS,1203.68,1489,22.82,TRIGGERED,2026-09-20 12:28:29
828,INFY,2037.82,1545,11.97,TRIGGERED,2026-09-20 12:28:29
829,ITC,462.2,1144,-5.67,TRIGGERED,2026-09-20 12:28:30
830,SBIN,792.47,640,-3.36,NORMAL,2026-09-20 12:28:30
831,LT,3547.88,1428,-1.99,NORMAL,2026-09-20 12:28:30
832,RELIANCE,3116.72,1219,4.59,NORMAL,2026-09-20 12:28:31
833,LT,3352.75,1603,-7.38,TRIGGERED,2026-09-20 12:28:31
834,ICICIBANK,1224.23,340,1.18,NORMAL,2026-09-20 12:28:32
835,RELIANCE,3124.77,238,4.86,NORMAL,2026-09-20 12:28:32
836,BHARTIARTL,1442.76,1974,-3.17,NORMAL,2026-09-20 12:28:32
837,INFY,2037.99,1367,11.98,TRIGGERED,2026-09-20 12:28:33
838,TCS,4792.31,255,16.32,TRIGGERED,2026-09-20 12:28:33
839,LT,3347.48,876,-7.53,TRIGGERED,2026-09-20 12:28:34
840,INFY,2041.82,1373,12.19,TRIGGERED,2026-09-20 12:28:34
841,RELIANCE,3134.72,1090,5.19,TRIGGERED,2026-09-20 12:28:34
842,HDFCBANK,1846.3,1438,11.9,TRIGGERED,2026-09-20 12:28:35
843,RELIANCE,3307.13,1346,10.98,TRIGGERED,2026-09-20 12:28:35
844,HDFCBANK,1840.87,290,11.57,TRIGGERED,2026-09-20 12:28:36
845,HDFCBANK,1838.46,726,11.42,TRIGGERED,2026-09-20 12:28:36
846,BHARTIARTL,1443.06,961,-3.15,NORMAL,2026-09-20 12:28:36
847,INFY,2041.25,1287,12.16,TRIGGERED,2026-09-20 12:28:37
848,RELIANCE,3319.59,1133,11.4,TRIGGERED,2026-09-20 12:28:37
849,LT,3343.97,1882,-7.63,TRIGGERED,2026-09-20 12:28:38
850,ICICIBANK,1228.17,1464,1.5,NORMAL,2026-09-20 12:28:38
851,TCS,4808.89,27,16.72,TRIGGERED,2026-09-20 12:28:38
852,RELIANCE,3327.46,329,11.66,TRIGGERED,2026-09-20 12:28:39
853,SBIN,791.34,760,-3.5,NORMAL,2026-09-20 12:28:39
854,ITC,463.46,1793,-5.42,TRIGGERED,2026-09-20 12:28:40
855,SBIN,792.28,673,-3.38,NORMAL,2026-09-20 12:28:40
856,ICICIBANK,1227.89,1936,1.48,NORMAL,2026-09-20 12:28:40
857,LT,3160.05,1418,-12.71,TRIGGERED,2026-09-20 12:28:41
858,ICICIBANK,1232.6,1100,1.87,NORMAL,2026-09-20 12:28:41
859,BHARTIARTL,1442.57,1993,-3.18,NORMAL,2026-09-20 12:28:42
860,BHARTIARTL,1438.74,1638,-3.44,NORMAL,2026-09-20 12:28:42
861,HDFCBANK,1939.58,871,17.55,TRIGGERED,2026-09-20 12:28:42
862,LT,3152.89,1125,-12.9,TRIGGERED,2026-09-20 12:28:43
863,LT,3164.0,665,-12.6,TRIGGERED,2026-09-20 12:28:43
864,TATAMOTORS,1199.71,508,22.42,TRIGGERED,2026-09-20 12:28:44
865,INFY,2042.68,199,12.24,TRIGGERED,2026-09-20 12:28:44
866,SBIN,790.03,1662,-3.65,NORMAL,2026-09-20 12:28:44
867,BHARTIARTL,1437.86,538,-3.5,NORMAL,2026-09-20 12:28:45
868,TATAMOTORS,1196.17,681,22.06,TRIGGERED,2026-09-20 12:28:45
869,SBIN,787.71,1464,-3.94,NORMAL,2026-09-20 12:28:46
870,SBIN,789.17,88,-3.76,NORMAL,2026-09-20 12:28:46
871,RELIANCE,3324.66,829,11.57,TRIGGERED,2026-09-20 12:28:46
872,SBIN,787.08,441,-4.01,NORMAL,2026-09-20 12:28:47
873,INFY,2046.55,1950,12.45,TRIGGERED,2026-09-20 12:28:47
874,RELIANCE,3327.62,534,11.67,TRIGGERED,2026-09-20 12:28:48
875,ITC,463.56,1438,-5.4,TRIGGERED,2026-09-20 12:28:48
876,BHARTIARTL,1435.94,1420,-3.63,NORMAL,2026-09-20 12:28:48
877,ICICIBANK,1235.0,1017,2.07,NORMAL,2026-09-20 12:28:49
878,TCS,4810.58,1863,16.76,TRIGGERED,2026-09-20 12:28:49
879,TCS,4820.21,1438,17.0,TRIGGERED,2026-09-20 12:28:50
880,SBIN,790.04,1679,-3.65,NORMAL,2026-09-20 12:28:50
881,RELIANCE,3330.37,402,11.76,TRIGGERED,2026-09-20 12:28:50
882,INFY,2048.21,1380,12.54,TRIGGERED,2026-09-20 12:28:51
883,HDFCBANK,1943.49,698,17.79,TRIGGERED,2026-09-20 12:28:51
884,INFY,2046.75,1035,12.46,TRIGGERED,2026-09-20 12:28:52
885,HDFCBANK,1941.56,1266,17.67,TRIGGERED,2026-09-20 12:28:52
886,SBIN,790.87,1497,-3.55,NORMAL,2026-09-20 12:28:52
887,LT,3165.62,978,-12.55,TRIGGERED,2026-09-20 12:28:53
888,HDFCBANK,1934.36,704,17.23,TRIGGERED,2026-09-20 12:28:53
889,BHARTIARTL,1440.36,597,-3.33,NORMAL,2026-09-20 12:28:54
890,BHARTIARTL,1442.94,1647,-3.16,NORMAL,2026-09-20 12:28:54
891,INFY,2042.75,407,12.24,TRIGGERED,2026-09-20 12:28:54
892,ICICIBANK,1232.44,1462,1.85,NORMAL,2026-09-20 12:28:55
893,TCS,4804.17,1318,16.61,TRIGGERED,2026-09-20 12:28:55
894,ICICIBANK,1229.08,258,1.58,NORMAL,2026-09-20 12:28:56
895,TATAMOTORS,1192.08,1143,21.64,TRIGGERED,2026-09-20 12:28:56
896,ITC,462.2,1907,-5.67,TRIGGERED,2026-09-20 12:28:57
897,HDFCBANK,1827.97,1041,10.79,TRIGGERED,2026-09-20 12:28:57
898,ICICIBANK,1233.13,469,1.91,NORMAL,2026-09-20 12:28:57
899,SBIN,791.58,1267,-3.47,NORMAL,2026-09-20 12:28:58
900,INFY,2037.14,1498,11.93,TRIGGERED,2026-09-20 12:28:58
901,LT,3154.32,669,-12.86,TRIGGERED,2026-09-20 12:28:59
902,RELIANCE,3326.11,518,11.61,TRIGGERED,2026-09-20 12:28:59
903,RELIANCE,3316.65,130,11.3,TRIGGERED,2026-09-20 12:28:59
904,BHARTIARTL,1438.46,948,-3.46,NORMAL,2026-09-20 12:29:00
905,BHARTIARTL,1439.97,429,-3.36,NORMAL,2026-09-20 12:29:00
906,BHARTIARTL,1438.16,1089,-3.48,NORMAL,2026-09-20 12:29:01
907,BHARTIARTL,1517.26,303,1.83,NORMAL,2026-09-20 12:29:01
908,RELIANCE,3319.23,641,11.38,TRIGGERED,2026-09-20 12:29:01
909,HDFCBANK,1727.43,1382,4.69,NORMAL,2026-09-20 12:29:02
910,TATAMOTORS,1192.72,219,21.71,TRIGGERED,2026-09-20 12:29:02
911,BHARTIARTL,1523.28,783,2.23,NORMAL,2026-09-20 12:29:03
912,ICICIBANK,1235.45,1811,2.1,NORMAL,2026-09-20 12:29:03
913,TATAMOTORS,1127.12,886,15.01,TRIGGERED,2026-09-20 12:29:03
914,ICICIBANK,1237.62,1548,2.28,NORMAL,2026-09-20 12:29:04
915,ITC,461.74,679,-5.77,TRIGGERED,2026-09-20 12:29:04
916,ICICIBANK,1239.02,1083,2.4,NORMAL,2026-09-20 12:29:05
917,LT,3166.45,1902,-12.53,TRIGGERED,2026-09-20 12:29:05
918,LT,3163.12,888,-12.62,TRIGGERED,2026-09-20 12:29:05
919,TCS,4814.87,1770,16.87,TRIGGERED,2026-09-20 12:29:06
920,BHARTIARTL,1526.48,1601,2.45,NORMAL,2026-09-20 12:29:06
921,BHARTIARTL,1524.9,261,2.34,NORMAL,2026-09-20 12:29:07
922,HDFCBANK,1726.01,438,4.61,NORMAL,2026-09-20 12:29:07
923,TCS,4823.42,1948,17.07,TRIGGERED,2026-09-20 12:29:07
924,SBIN,791.74,1248,-3.45,NORMAL,2026-09-20 12:29:08
925,BHARTIARTL,1441.03,1011,-3.29,NORMAL,2026-09-20 12:29:08
926,INFY,2040.48,1050,12.11,TRIGGERED,2026-09-20 12:29:09
927,BHARTIARTL,1437.45,1038,-3.53,NORMAL,2026-09-20 12:29:09
928,TATAMOTORS,1122.88,81,14.58,TRIGGERED,2026-09-20 12:29:09
929,ICICIBANK,1241.21,1513,2.58,NORMAL,2026-09-20 12:29:10
930,ITC,461.12,773,-5.89,TRIGGERED,2026-09-20 12:29:10
931,TATAMOTORS,1120.56,875,14.34,TRIGGERED,2026-09-20 12:29:11
932,RELIANCE,3309.42,47,11.05,TRIGGERED,2026-09-20 12:29:11
933,TATAMOTORS,1121.76,812,14.47,TRIGGERED,2026-09-20 12:29:11
934,LT,3165.5,423,-12.56,TRIGGERED,2026-09-20 12:29:12
935,TCS,4836.67,1507,17.39,TRIGGERED,2026-09-20 12:29:12
936,TCS,4851.98,1313,17.77,TRIGGERED,2026-09-20 12:29:13
937,BHARTIARTL,1442.39,604,-3.2,NORMAL,2026-09-20 12:29:13
938,ICICIBANK,1236.3,557,2.17,NORMAL,2026-09-20 12:29:13
939,ICICIBANK,1239.19,224,2.41,NORMAL,2026-09-20 12:29:14
940,ITC,460.06,615,-6.11,TRIGGERED,2026-09-20 12:29:14
941,ITC,460.83,289,-5.95,TRIGGERED,2026-09-20 12:29:15
942,SBIN,792.39,1416,-3.37,NORMAL,2026-09-20 12:29:15
943,ITC,460.87,67,-5.94,TRIGGERED,2026-09-20 12:29:15
944,TATAMOTORS,1125.77,411,14.87,TRIGGERED,2026-09-20 12:29:16
945,TCS,4848.69,1525,17.69,TRIGGERED,2026-09-20 12:29:16
946,LT,3176.78,83,-12.24,TRIGGERED,2026-09-20 12:29:17
947,RELIANCE,3320.92,749,11.44,TRIGGERED,2026-09-20 12:29:17
948,RELIANCE,3317.73,988,11.33,TRIGGERED,2026-09-20 12:29:17
949,ITC,459.43,1867,-6.24,TRIGGERED,2026-09-20 12:29:18
950,HDFCBANK,1730.86,113,4.9,NORMAL,2026-09-20 12:29:18
951,BHARTIARTL,1439.39,1527,-3.4,NORMAL,2026-09-20 12:29:19
952,BHARTIARTL,1441.47,1291,-3.26,NORMAL,2026-09-20 12:29:19
953,SBIN,790.34,422,-3.62,NORMAL,2026-09-20 12:29:19
954,RELIANCE,3305.62,70,10.93,TRIGGERED,2026-09-20 12:29:20
955,RELIANCE,3298.69,1467,10.69,TRIGGERED,2026-09-20 12:29:20
956,HDFCBANK,1726.32,1569,4.63,NORMAL,2026-09-20 12:29:21
957,INFY,2047.58,1702,12.5,TRIGGERED,2026-09-20 12:29:21
958,INFY,2044.5,1959,12.34,TRIGGERED,2026-09-20 12:29:21
959,ICICIBANK,1238.64,1289,2.37,NORMAL,2026-09-20 12:29:22
960,SBIN,787.52,1702,-3.96,NORMAL,2026-09-20 12:29:22
961,HDFCBANK,1730.77,1387,4.9,NORMAL,2026-09-20 12:29:23
962,TATAMOTORS,1125.98,775,14.9,TRIGGERED,2026-09-20 12:29:23
963,ICICIBANK,1240.95,878,2.56,NORMAL,2026-09-20 12:29:23
964,BHARTIARTL,1440.27,971,-3.34,NORMAL,2026-09-20 12:29:24
965,SBIN,788.06,1393,-3.9,NORMAL,2026-09-20 12:29:24
966,RELIANCE,3301.41,1134,10.79,TRIGGERED,2026-09-20 12:29:25
967,SBIN,786.83,1526,-4.05,NORMAL,2026-09-20 12:29:25
968,ICICIBANK,1244.36,933,2.84,NORMAL,2026-09-20 12:29:25
969,ICICIBANK,1240.92,316,2.56,NORMAL,2026-09-20 12:29:26
970,TCS,4854.72,86,17.83,TRIGGERED,2026-09-20 12:29:26
971,INFY,2041.93,794,12.19,TRIGGERED,2026-09-20 12:29:27
972,HDFCBANK,1729.07,287,4.79,NORMAL,2026-09-20 12:29:27
973,TCS,4852.78,1954,17.79,TRIGGERED,2026-09-20 12:29:27
974,HDFCBANK,1733.38,1296,5.05,TRIGGERED,2026-09-20 12:29:28
975,LT,3184.24,1415,-12.04,TRIGGERED,2026-09-20 12:29:28
976,HDFCBANK,1733.54,1553,5.06,TRIGGERED,2026-09-20 12:29:29
977,INFY,2037.65,775,11.96,TRIGGERED,2026-09-20 12:29:29
978,TCS,4850.38,1507,17.73,TRIGGERED,2026-09-20 12:29:30
979,SBIN,789.38,1462,-3.73,NORMAL,2026-09-20 12:29:30
980,RELIANCE,3313.63,1002,11.2,TRIGGERED,2026-09-20 12:29:30
981,INFY,2029.51,763,11.51,TRIGGERED,2026-09-20 12:29:31
982,INFY,2024.6,761,11.24,TRIGGERED,2026-09-20 12:29:31
983,SBIN,788.39,123,-3.85,NORMAL,2026-09-20 12:29:32
984,HDFCBANK,1729.12,1713,4.8,NORMAL,2026-09-20 12:29:32
985,INFY,2019.45,1769,10.96,TRIGGERED,2026-09-20 12:29:32
986,RELIANCE,3315.26,508,11.25,TRIGGERED,2026-09-20 12:29:33
987,INFY,2018.9,1415,10.93,TRIGGERED,2026-09-20 12:29:33
988,LT,3191.66,1135,-11.83,TRIGGERED,2026-09-20 12:29:34
989,HDFCBANK,1734.66,431,5.13,TRIGGERED,2026-09-20 12:29:34
990,TCS,4837.6,668,17.42,TRIGGERED,2026-09-20 12:29:34
991,HDFCBANK,1729.65,293,4.83,NORMAL,2026-09-20 12:29:35
992,LT,3184.43,825,-12.03,TRIGGERED,2026-09-20 12:29:35
993,RELIANCE,3311.92,817,11.14,TRIGGERED,2026-09-20 12:29:36
994,BHARTIARTL,1444.93,1573,-3.02,NORMAL,2026-09-20 12:29:36
995,RELIANCE,3301.12,216,10.78,TRIGGERED,2026-09-20 12:29:36
996,SBIN,790.12,1658,-3.64,NORMAL,2026-09-20 12:29:37
997,ITC,458.89,1141,-6.35,TRIGGERED,2026-09-20 12:29:37
998,RELIANCE,3119.56,1864,4.68,NORMAL,2026-09-20 12:29:38
999,BHARTIARTL,1447.48,1433,-2.85,NORMAL,2026-09-20 12:29:38
1000,TATAMOTORS,1129.2,1342,15.22,TRIGGERED,2026-09-20 12:29:38
1001,SBIN,791.27,554,-3.5,NORMAL,2026-09-20 12:29:39
1002,TCS,4830.49,307,17.24,TRIGGERED,2026-09-20 12:29:39
1003,RELIANCE,3123.55,1523,4.82,NORMAL,2026-09-20 12:29:40
1004,HDFCBANK,1727.42,1382,4.69,NORMAL,2026-09-20 12:29:40
1005,TCS,4817.09,504,16.92,TRIGGERED,2026-09-20 12:29:40
1006,ITC,458.92,536,-6.34,TRIGGERED,2026-09-20 12:29:41
1007,LT,3184.35,1302,-12.03,TRIGGERED,2026-09-20 12:29:41
1008,ICICIBANK,1244.89,681,2.88,NORMAL,2026-09-20 12:29:42
1009,ICICIBANK,1247.88,1152,3.13,NORMAL,2026-09-20 12:29:42
1010,RELIANCE,3115.88,771,4.56,NORMAL,2026-09-20 12:29:42
1011,ICICIBANK,1250.99,1329,3.39,NORMAL,2026-09-20 12:29:43
1012,ICICIBANK,1250.21,352,3.32,NORMAL,2026-09-20 12:29:43
1013,TCS,4812.19,541,16.8,TRIGGERED,2026-09-20 12:29:44
1014,ICICIBANK,1253.46,40,3.59,NORMAL,2026-09-20 12:29:44
1015,INFY,2024.42,1217,11.23,TRIGGERED,2026-09-20 12:29:44
1016,TCS,4813.48,137,16.83,TRIGGERED,2026-09-20 12:29:45
1017,TCS,4832.29,45,17.29,TRIGGERED,2026-09-20 12:29:45
1018,SBIN,788.64,1125,-3.82,NORMAL,2026-09-20 12:29:46
1019,ITC,458.59,835,-6.41,TRIGGERED,2026-09-20 12:29:46
1020,ITC,458.27,1095,-6.48,TRIGGERED,2026-09-20 12:29:46
1021,SBIN,790.8,850,-3.56,NORMAL,2026-09-20 12:29:47
1022,INFY,2024.07,983,11.21,TRIGGERED,2026-09-20 12:29:47
1023,SBIN,789.41,759,-3.73,NORMAL,2026-09-20 12:29:48
1024,TCS,4814.88,1591,16.87,TRIGGERED,2026-09-20 12:29:48
1025,LT,3190.79,1699,-11.86,TRIGGERED,2026-09-20 12:29:48
1026,LT,3199.07,1232,-11.63,TRIGGERED,2026-09-20 12:29:49
1027,ICICIBANK,1252.25,294,3.49,NORMAL,2026-09-20 12:29:49
1028,SBIN,788.94,1700,-3.79,NORMAL,2026-09-20 12:29:50
1029,SBIN,790.05,1038,-3.65,NORMAL,2026-09-20 12:29:50
1030,HDFCBANK,1730.61,99,4.89,NORMAL,2026-09-20 12:29:50
1031,RELIANCE,3121.2,1573,4.74,NORMAL,2026-09-20 12:29:51
1032,RELIANCE,3111.97,565,4.43,NORMAL,2026-09-20 12:29:51
1033,ITC,458.8,1730,-6.37,TRIGGERED,2026-09-20 12:29:52
1034,TCS,4828.44,127,17.2,TRIGGERED,2026-09-20 12:29:52
1035,BHARTIARTL,1447.81,96,-2.83,NORMAL,2026-09-20 12:29:53
1036,TCS,4820.87,1336,17.01,TRIGGERED,2026-09-20 12:29:53
1037,ITC,459.94,339,-6.13,TRIGGERED,2026-09-20 12:29:53
1038,LT,3375.02,1594,-6.77,TRIGGERED,2026-09-20 12:29:54
1039,BHARTIARTL,1447.43,1446,-2.86,NORMAL,2026-09-20 12:29:54
1040,INFY,2023.98,1213,11.21,TRIGGERED,2026-09-20 12:29:55
1041,SBIN,833.5,98,1.65,NORMAL,2026-09-20 12:29:55
1042,LT,3371.43,1313,-6.87,TRIGGERED,2026-09-20 12:29:55
1043,LT,3376.66,1298,-6.72,TRIGGERED,2026-09-20 12:29:56
1044,RELIANCE,3122.9,1597,4.8,NORMAL,2026-09-20 12:29:56
1045,LT,3379.03,630,-6.66,TRIGGERED,2026-09-20 12:29:57
1046,BHARTIARTL,1444.33,101,-3.07,NORMAL,2026-09-20 12:29:57
1047,LT,3389.89,189,-6.36,TRIGGERED,2026-09-20 12:29:57
1048,TATAMOTORS,1067.09,935,8.89,TRIGGERED,2026-09-20 12:29:58
1049,INFY,2021.57,1690,11.08,TRIGGERED,2026-09-20 12:29:58
1050,RELIANCE,3121.14,821,4.74,NORMAL,2026-09-20 12:29:59
1051,SBIN,833.57,1825,1.65,NORMAL,2026-09-20 12:29:59
1052,HDFCBANK,1732.34,1317,4.99,NORMAL,2026-09-20 12:29:59
1053,HDFCBANK,1739.03,155,5.4,TRIGGERED,2026-09-20 12:30:00
1054,SBIN,831.67,987,1.42,NORMAL,2026-09-20 12:30:00
1055,SBIN,834.53,1166,1.77,NORMAL,2026-09-20 12:30:01
1056,SBIN,837.52,1402,2.14,NORMAL,2026-09-20 12:30:01
1057,HDFCBANK,1744.63,396,5.74,TRIGGERED,2026-09-20 12:30:01
1058,ITC,460.3,1433,-6.06,TRIGGERED,2026-09-20 12:30:02
1059,HDFCBANK,1744.18,1340,5.71,TRIGGERED,2026-09-20 12:30:02
1060,INFY,2020.95,1523,11.04,TRIGGERED,2026-09-20 12:30:03
1061,BHARTIARTL,1447.85,219,-2.83,NORMAL,2026-09-20 12:30:03
1062,LT,3396.7,1475,-6.17,TRIGGERED,2026-09-20 12:30:03
1063,ICICIBANK,1249.19,994,3.24,NORMAL,2026-09-20 12:30:04
1064,HDFCBANK,1746.37,312,5.84,TRIGGERED,2026-09-20 12:30:04
1065,HDFCBANK,1753.35,172,6.26,TRIGGERED,2026-09-20 12:30:05
1066,TATAMOTORS,1071.35,1165,9.32,TRIGGERED,2026-09-20 12:30:05
1067,RELIANCE,3116.55,92,4.58,NORMAL,2026-09-20 12:30:05
1068,RELIANCE,3127.72,1087,4.96,NORMAL,2026-09-20 12:30:06
1069,RELIANCE,3124.29,693,4.84,NORMAL,2026-09-20 12:30:06
1070,TCS,5086.02,1369,23.45,TRIGGERED,2026-09-20 12:30:07
1071,BHARTIARTL,1453.39,1678,-2.46,NORMAL,2026-09-20 12:30:07
1072,ITC,460.07,1861,-6.11,TRIGGERED,2026-09-20 12:30:07
1073,HDFCBANK,1757.16,626,6.49,TRIGGERED,2026-09-20 12:30:08
1074,ICICIBANK,1248.55,451,3.19,NORMAL,2026-09-20 12:30:08
1075,RELIANCE,3136.24,738,5.24,TRIGGERED,2026-09-20 12:30:09
1076,ITC,459.76,411,-6.17,TRIGGERED,2026-09-20 12:30:09
1077,HDFCBANK,1753.35,691,6.26,TRIGGERED,2026-09-20 12:30:09
1078,INFY,2028.68,1717,11.47,TRIGGERED,2026-09-20 12:30:10
1079,ITC,460.1,109,-6.1,TRIGGERED,2026-09-20 12:30:10
1080,SBIN,836.81,1487,2.05,NORMAL,2026-09-20 12:30:11
1081,ICICIBANK,1250.66,1277,3.36,NORMAL,2026-09-20 12:30:11
1082,ITC,461.39,347,-5.84,TRIGGERED,2026-09-20 12:30:11
1083,LT,3389.04,942,-6.38,TRIGGERED,2026-09-20 12:30:12
1084,TATAMOTORS,1068.11,222,8.99,TRIGGERED,2026-09-20 12:30:12
1085,RELIANCE,3139.27,423,5.34,TRIGGERED,2026-09-20 12:30:13
1086,HDFCBANK,1756.93,1284,6.48,TRIGGERED,2026-09-20 12:30:13
1087,LT,3399.69,516,-6.09,TRIGGERED,2026-09-20 12:30:14
1088,ITC,461.76,167,-5.76,TRIGGERED,2026-09-20 12:30:14
1089,RELIANCE,3143.1,1163,5.47,TRIGGERED,2026-09-20 12:30:14
1090,RELIANCE,3139.74,594,5.36,TRIGGERED,2026-09-20 12:30:15
1091,LT,3408.06,354,-5.85,TRIGGERED,2026-09-20 12:30:15
1092,ITC,463.38,962,-5.43,TRIGGERED,2026-09-20 12:30:16
1093,SBIN,837.93,473,2.19,NORMAL,2026-09-20 12:30:16
1094,TCS,5102.49,296,23.85,TRIGGERED,2026-09-20 12:30:16
1095,TATAMOTORS,1071.95,298,9.38,TRIGGERED,2026-09-20 12:30:17
1096,TCS,5106.5,867,23.94,TRIGGERED,2026-09-20 12:30:17
1097,INFY,2025.8,172,11.31,TRIGGERED,2026-09-20 12:30:18
1098,TATAMOTORS,1074.28,1012,9.62,TRIGGERED,2026-09-20 12:30:18
1099,HDFCBANK,1763.67,335,6.89,TRIGGERED,2026-09-20 12:30:18
1100,LT,3395.44,529,-6.2,TRIGGERED,2026-09-20 12:30:19
1101,BHARTIARTL,1452.86,1584,-2.49,NORMAL,2026-09-20 12:30:19
1102,ITC,437.89,1845,-10.63,TRIGGERED,2026-09-20 12:30:20
1103,ICICIBANK,1253.68,579,3.61,NORMAL,2026-09-20 12:30:20
1104,INFY,2025.83,1365,11.31,TRIGGERED,2026-09-20 12:30:20
1105,SBIN,840.44,1456,2.49,NORMAL,2026-09-20 12:30:21
1106,ICICIBANK,1256.03,1641,3.8,NORMAL,2026-09-20 12:30:21
1107,ICICIBANK,1251.31,1518,3.41,NORMAL,2026-09-20 12:30:22
1108,LT,3394.95,1832,-6.22,TRIGGERED,2026-09-20 12:30:22
1109,INFY,2026.24,1146,11.33,TRIGGERED,2026-09-20 12:30:22
1110,ITC,439.35,1296,-10.34,TRIGGERED,2026-09-20 12:30:23
1111,TATAMOTORS,1073.11,294,9.5,TRIGGERED,2026-09-20 12:30:23
1112,ITC,438.63,1324,-10.48,TRIGGERED,2026-09-20 12:30:24
1113,HDFCBANK,1762.35,1825,6.81,TRIGGERED,2026-09-20 12:30:24
1114,BHARTIARTL,1448.82,946,-2.76,NORMAL,2026-09-20 12:30:24
1115,BHARTIARTL,1445.09,930,-3.01,NORMAL,2026-09-20 12:30:25
1116,ICICIBANK,1246.32,968,3.0,NORMAL,2026-09-20 12:30:25
1117,TCS,4825.64,1030,17.13,TRIGGERED,2026-09-20 12:30:26
1118,TATAMOTORS,1014.09,1169,3.48,NORMAL,2026-09-20 12:30:26
1119,SBIN,886.66,27,8.13,TRIGGERED,2026-09-20 12:30:27
1120,TATAMOTORS,1017.63,1634,3.84,NORMAL,2026-09-20 12:30:27
1121,ITC,438.93,1068,-10.42,TRIGGERED,2026-09-20 12:30:27
1122,ITC,438.69,1043,-10.47,TRIGGERED,2026-09-20 12:30:28
1123,BHARTIARTL,1445.89,1950,-2.96,NORMAL,2026-09-20 12:30:28
1124,SBIN,887.19,218,8.19,TRIGGERED,2026-09-20 12:30:29
1125,RELIANCE,3134.26,1700,5.18,TRIGGERED,2026-09-20 12:30:29
1126,ICICIBANK,1250.64,616,3.36,NORMAL,2026-09-20 12:30:29
1127,RELIANCE,3146.49,568,5.59,TRIGGERED,2026-09-20 12:30:30
1128,RELIANCE,3134.52,1300,5.19,TRIGGERED,2026-09-20 12:30:30
1129,LT,3392.3,152,-6.29,TRIGGERED,2026-09-20 12:30:31
1130,BHARTIARTL,1442.52,358,-3.19,NORMAL,2026-09-20 12:30:31
1131,RELIANCE,3128.46,1282,4.98,NORMAL,2026-09-20 12:30:31
1132,RELIANCE,3128.7,1742,4.99,NORMAL,2026-09-20 12:30:32
1133,HDFCBANK,1768.73,139,7.2,TRIGGERED,2026-09-20 12:30:32
1134,SBIN,890.52,1338,8.6,TRIGGERED,2026-09-20 12:30:33
1135,HDFCBANK,1671.45,368,1.3,NORMAL,2026-09-20 12:30:33
1136,INFY,2021.64,25,11.08,TRIGGERED,2026-09-20 12:30:33
1137,ITC,462.82,1530,-5.55,TRIGGERED,2026-09-20 12:30:34
1138,SBIN,891.86,940,8.76,TRIGGERED,2026-09-20 12:30:34
1139,ITC,463.33,1885,-5.44,TRIGGERED,2026-09-20 12:30:35
1140,HDFCBANK,1670.33,1898,1.23,NORMAL,2026-09-20 12:30:35
1141,TATAMOTORS,1014.5,486,3.52,NORMAL,2026-09-20 12:30:35
1142,HDFCBANK,1668.53,277,1.12,NORMAL,2026-09-20 12:30:36
1143,INFY,2019.95,847,10.99,TRIGGERED,2026-09-20 12:30:36
1144,TATAMOTORS,1013.47,1788,3.42,NORMAL,2026-09-20 12:30:37
1145,ITC,461.55,1652,-5.81,TRIGGERED,2026-09-20 12:30:37
1146,TCS,4809.22,550,16.73,TRIGGERED,2026-09-20 12:30:37
1147,SBIN,890.83,433,8.64,TRIGGERED,2026-09-20 12:30:38
1148,LT,3391.21,1186,-6.32,TRIGGERED,2026-09-20 12:30:38
1149,ITC,462.81,559,-5.55,TRIGGERED,2026-09-20 12:30:39
1150,TATAMOTORS,1010.54,1019,3.12,NORMAL,2026-09-20 12:30:39
1151,TATAMOTORS,1012.9,830,3.36,NORMAL,2026-09-20 12:30:39
1152,TCS,4803.01,1831,16.58,TRIGGERED,2026-09-20 12:30:40
1153,ITC,461.02,885,-5.91,TRIGGERED,2026-09-20 12:30:40
1154,BHARTIARTL,1442.3,326,-3.2,NORMAL,2026-09-20 12:30:41
1155,SBIN,892.62,244,8.86,TRIGGERED,2026-09-20 12:30:41
1156,BHARTIARTL,1446.68,485,-2.91,NORMAL,2026-09-20 12:30:41
1157,HDFCBANK,1665.53,175,0.94,NORMAL,2026-09-20 12:30:42
1158,ICICIBANK,1247.97,871,3.14,NORMAL,2026-09-20 12:30:42
1159,HDFCBANK,1664.18,1502,0.86,NORMAL,2026-09-20 12:30:43
1160,TATAMOTORS,1008.94,307,2.95,NORMAL,2026-09-20 12:30:43
1161,INFY,2017.7,68,10.86,TRIGGERED,2026-09-20 12:30:43
1162,SBIN,892.57,1157,8.85,TRIGGERED,2026-09-20 12:30:44
1163,TCS,4785.42,702,16.15,TRIGGERED,2026-09-20 12:30:44
1164,RELIANCE,3300.78,1000,10.76,TRIGGERED,2026-09-20 12:30:45
1165,ICICIBANK,1246.28,120,3.0,NORMAL,2026-09-20 12:30:45
1166,SBIN,889.31,679,8.45,TRIGGERED,2026-09-20 12:30:46
1167,TCS,4790.84,136,16.28,TRIGGERED,2026-09-20 12:30:46
1168,SBIN,889.21,1602,8.44,TRIGGERED,2026-09-20 12:30:46
1169,SBIN,889.14,318,8.43,TRIGGERED,2026-09-20 12:30:47
1170,INFY,2128.67,59,16.96,TRIGGERED,2026-09-20 12:30:47
1171,SBIN,891.45,1583,8.71,TRIGGERED,2026-09-20 12:30:48
1172,ITC,461.37,1439,-5.84,TRIGGERED,2026-09-20 12:30:48
1173,LT,3392.81,325,-6.28,TRIGGERED,2026-09-20 12:30:49
1174,HDFCBANK,1572.65,539,-4.69,NORMAL,2026-09-20 12:30:49
1175,TATAMOTORS,1006.24,802,2.68,NORMAL,2026-09-20 12:30:49
1176,LT,3579.41,632,-1.12,NORMAL,2026-09-20 12:30:50
1177,LT,3592.16,365,-0.77,NORMAL,2026-09-20 12:30:50
1178,ITC,460.45,1459,-6.03,TRIGGERED,2026-09-20 12:30:51
1179,TCS,4786.61,1110,16.18,TRIGGERED,2026-09-20 12:30:51
1180,INFY,2128.59,552,16.96,TRIGGERED,2026-09-20 12:30:51
1181,TCS,4784.4,1274,16.13,TRIGGERED,2026-09-20 12:30:52
1182,RELIANCE,3310.5,1683,11.09,TRIGGERED,2026-09-20 12:30:52
1183,INFY,2133.75,99,17.24,TRIGGERED,2026-09-20 12:30:53
1184,BHARTIARTL,1444.08,1235,-3.08,NORMAL,2026-09-20 12:30:53
1185,HDFCBANK,1568.36,823,-4.95,NORMAL,2026-09-20 12:30:53
1186,RELIANCE,3317.8,1906,11.34,TRIGGERED,2026-09-20 12:30:54
1187,INFY,2134.22,1226,17.26,TRIGGERED,2026-09-20 12:30:54
1188,INFY,2016.84,417,10.82,TRIGGERED,2026-09-20 12:30:55
1189,TATAMOTORS,1004.5,1277,2.5,NORMAL,2026-09-20 12:30:55
1190,LT,3602.23,539,-0.49,NORMAL,2026-09-20 12:30:55
1191,RELIANCE,3309.15,570,11.05,TRIGGERED,2026-09-20 12:30:56
1192,HDFCBANK,1567.78,1289,-4.98,NORMAL,2026-09-20 12:30:56
1193,BHARTIARTL,1445.12,67,-3.01,NORMAL,2026-09-20 12:30:57
1194,BHARTIARTL,1446.17,1009,-2.94,NORMAL,2026-09-20 12:30:57
1195,TATAMOTORS,1005.59,359,2.61,NORMAL,2026-09-20 12:30:57
1196,ITC,461.41,1321,-5.83,TRIGGERED,2026-09-20 12:30:58
1197,LT,3608.62,1615,-0.31,NORMAL,2026-09-20 12:30:58
1198,BHARTIARTL,1440.56,905,-3.32,NORMAL,2026-09-20 12:30:59
1199,SBIN,892.03,1261,8.78,TRIGGERED,2026-09-20 12:30:59
1200,INFY,2019.45,1285,10.96,TRIGGERED,2026-09-20 12:31:00
1201,HDFCBANK,1563.8,1813,-5.22,TRIGGERED,2026-09-20 12:31:00
1202,RELIANCE,3297.81,186,10.66,TRIGGERED,2026-09-20 12:31:00
1203,TCS,4767.04,33,15.7,TRIGGERED,2026-09-20 12:31:01
1204,SBIN,890.98,1300,8.66,TRIGGERED,2026-09-20 12:31:01
1205,ICICIBANK,1247.54,1048,3.1,NORMAL,2026-09-20 12:31:02
1206,ITC,461.56,312,-5.8,TRIGGERED,2026-09-20 12:31:02
1207,TATAMOTORS,1003.28,271,2.38,NORMAL,2026-09-20 12:31:02
1208,ICICIBANK,1244.41,403,2.84,NORMAL,2026-09-20 12:31:03
1209,TCS,4766.66,701,15.7,TRIGGERED,2026-09-20 12:31:03
1210,TCS,5028.83,50,22.06,TRIGGERED,2026-09-20 12:31:04
1211,RELIANCE,3300.36,1892,10.75,TRIGGERED,2026-09-20 12:31:04
1212,INFY,2013.59,1030,10.64,TRIGGERED,2026-09-20 12:31:04
1213,ICICIBANK,1246.27,150,3.0,NORMAL,2026-09-20 12:31:05
1214,TATAMOTORS,1004.02,1625,2.45,NORMAL,2026-09-20 12:31:05
1215,TCS,5040.44,141,22.34,TRIGGERED,2026-09-20 12:31:06
1216,ICICIBANK,1177.73,1438,-2.67,NORMAL,2026-09-20 12:31:06
1217,SBIN,887.8,759,8.27,TRIGGERED,2026-09-20 12:31:06
1218,RELIANCE,3304.26,175,10.88,TRIGGERED,2026-09-20 12:31:07
1219,TATAMOTORS,1002.27,1345,2.27,NORMAL,2026-09-20 12:31:07
1220,ITC,463.03,1303,-5.5,TRIGGERED,2026-09-20 12:31:08
1221,LT,3608.22,1307,-0.33,NORMAL,2026-09-20 12:31:08
1222,TATAMOTORS,1002.24,1650,2.27,NORMAL,2026-09-20 12:31:08
1223,ICICIBANK,1176.67,1240,-2.75,NORMAL,2026-09-20 12:31:09
1224,HDFCBANK,1569.43,844,-4.88,NORMAL,2026-09-20 12:31:09
1225,TATAMOTORS,1004.24,1291,2.47,NORMAL,2026-09-20 12:31:10
1226,BHARTIARTL,1445.21,252,-3.01,NORMAL,2026-09-20 12:31:10
1227,ICICIBANK,1174.48,1715,-2.94,NORMAL,2026-09-20 12:31:10
1228,TATAMOTORS,1001.83,1509,2.23,NORMAL,2026-09-20 12:31:11
1229,TATAMOTORS,999.18,582,1.96,NORMAL,2026-09-20 12:31:11
1230,HDFCBANK,1572.09,70,-4.72,NORMAL,2026-09-20 12:31:12
1231,LT,3603.37,44,-0.46,NORMAL,2026-09-20 12:31:12
1232,HDFCBANK,1567.06,438,-5.03,TRIGGERED,2026-09-20 12:31:12
1233,SBIN,936.63,1640,14.22,TRIGGERED,2026-09-20 12:31:13
1234,SBIN,936.54,1194,14.21,TRIGGERED,2026-09-20 12:31:13
1235,ITC,463.54,609,-5.4,TRIGGERED,2026-09-20 12:31:14
1236,ICICIBANK,1178.87,990,-2.57,NORMAL,2026-09-20 12:31:14
1237,RELIANCE,3291.84,241,10.46,TRIGGERED,2026-09-20 12:31:14
1238,RELIANCE,3110.79,1788,4.39,NORMAL,2026-09-20 12:31:15
1239,BHARTIARTL,1443.08,1749,-3.15,NORMAL,2026-09-20 12:31:15
1240,HDFCBANK,1563.32,87,-5.25,TRIGGERED,2026-09-20 12:31:16
1241,TATAMOTORS,998.3,30,1.87,NORMAL,2026-09-20 12:31:16
1242,ITC,464.48,817,-5.21,TRIGGERED,2026-09-20 12:31:16
1243,INFY,2018.14,164,10.89,TRIGGERED,2026-09-20 12:31:17
1244,TATAMOTORS,943.39,1976,-3.74,NORMAL,2026-09-20 12:31:17
1245,ICICIBANK,1183.53,1657,-2.19,NORMAL,2026-09-20 12:31:18
1246,TATAMOTORS,946.51,1028,-3.42,NORMAL,2026-09-20 12:31:18
1247,INFY,2129.14,1287,16.99,TRIGGERED,2026-09-20 12:31:19
1248,LT,3605.98,1082,-0.39,NORMAL,2026-09-20 12:31:19
1249,RELIANCE,3115.26,1587,4.54,NORMAL,2026-09-20 12:31:19
1250,INFY,2129.74,1701,17.02,TRIGGERED,2026-09-20 12:31:20
1251,HDFCBANK,1562.25,1000,-5.32,TRIGGERED,2026-09-20 12:31:20
1252,ICICIBANK,1248.62,1677,3.19,NORMAL,2026-09-20 12:31:21
1253,RELIANCE,3114.59,1831,4.52,NORMAL,2026-09-20 12:31:21
1254,SBIN,936.78,147,14.24,TRIGGERED,2026-09-20 12:31:21
1255,TATAMOTORS,944.65,1507,-3.61,NORMAL,2026-09-20 12:31:22
1256,SBIN,937.24,364,14.3,TRIGGERED,2026-09-20 12:31:22
1257,ICICIBANK,1244.49,1479,2.85,NORMAL,2026-09-20 12:31:23
1258,RELIANCE,3111.1,1589,4.4,NORMAL,2026-09-20 12:31:23
1259,LT,3619.12,89,-0.02,NORMAL,2026-09-20 12:31:23
1260,TATAMOTORS,944.61,1044,-3.61,NORMAL,2026-09-20 12:31:24
1261,ICICIBANK,1242.75,1416,2.71,NORMAL,2026-09-20 12:31:24
1262,HDFCBANK,1561.51,548,-5.36,TRIGGERED,2026-09-20 12:31:25
1263,INFY,2128.74,983,16.96,TRIGGERED,2026-09-20 12:31:25
1264,TCS,5057.05,615,22.74,TRIGGERED,2026-09-20 12:31:25
1265,SBIN,939.75,1976,14.6,TRIGGERED,2026-09-20 12:31:26
1266,TCS,5048.1,973,22.53,TRIGGERED,2026-09-20 12:31:26
1267,HDFCBANK,1561.59,419,-5.36,TRIGGERED,2026-09-20 12:31:27
1268,SBIN,939.91,555,14.62,TRIGGERED,2026-09-20 12:31:27
1269,ICICIBANK,1238.78,414,2.38,NORMAL,2026-09-20 12:31:27
1270,TATAMOTORS,942.93,1834,-3.78,NORMAL,2026-09-20 12:31:28
1271,RELIANCE,3111.4,609,4.41,NORMAL,2026-09-20 12:31:28
1272,HDFCBANK,1566.48,1021,-5.06,TRIGGERED,2026-09-20 12:31:29
1273,HDFCBANK,1563.92,1271,-5.22,TRIGGERED,2026-09-20 12:31:29
1274,SBIN,940.19,1227,14.66,TRIGGERED,2026-09-20 12:31:29
1275,TATAMOTORS,943.28,1612,-3.75,NORMAL,2026-09-20 12:31:30
1276,BHARTIARTL,1443.13,1777,-3.15,NORMAL,2026-09-20 12:31:30
1277,SBIN,940.86,1814,14.74,TRIGGERED,2026-09-20 12:31:31
1278,BHARTIARTL,1445.71,1526,-2.97,NORMAL,2026-09-20 12:31:31
1279,ICICIBANK,1234.36,1730,2.01,NORMAL,2026-09-20 12:31:31
1280,RELIANCE,3103.37,660,4.14,NORMAL,2026-09-20 12:31:32
1281,ITC,464.53,1206,-5.2,TRIGGERED,2026-09-20 12:31:32
1282,SBIN,992.61,1922,21.05,TRIGGERED,2026-09-20 12:31:33
1283,SBIN,996.25,610,21.49,TRIGGERED,2026-09-20 12:31:33
1284,BHARTIARTL,1444.59,813,-3.05,NORMAL,2026-09-20 12:31:33
1285,RELIANCE,3274.06,105,9.87,TRIGGERED,2026-09-20 12:31:34
1286,HDFCBANK,1562.46,1924,-5.31,TRIGGERED,2026-09-20 12:31:34
1287,INFY,2136.62,1901,17.4,TRIGGERED,2026-09-20 12:31:35
1288,TCS,5049.91,841,22.57,TRIGGERED,2026-09-20 12:31:35
1289,LT,3607.68,1484,-0.34,NORMAL,2026-09-20 12:31:35
1290,SBIN,997.25,1945,21.62,TRIGGERED,2026-09-20 12:31:36
1291,LT,3594.5,1599,-0.7,NORMAL,2026-09-20 12:31:36
1292,LT,3599.85,1183,-0.56,NORMAL,2026-09-20 12:31:37
1293,TATAMOTORS,945.62,1972,-3.51,NORMAL,2026-09-20 12:31:37
1294,TCS,5048.98,1451,22.55,TRIGGERED,2026-09-20 12:31:37
1295,LT,3594.82,1203,-0.7,NORMAL,2026-09-20 12:31:38
1296,BHARTIARTL,1445.09,1886,-3.01,NORMAL,2026-09-20 12:31:38
1297,TCS,5061.55,1184,22.85,TRIGGERED,2026-09-20 12:31:39
1298,ICICIBANK,1229.74,1481,1.63,NORMAL,2026-09-20 12:31:39
1299,INFY,2254.13,1572,23.85,TRIGGERED,2026-09-20 12:31:39
1300,LT,3397.1,793,-6.16,TRIGGERED,2026-09-20 12:31:40
1301,BHARTIARTL,1449.45,1151,-2.72,NORMAL,2026-09-20 12:31:40
1302,LT,3398.94,505,-6.11,TRIGGERED,2026-09-20 12:31:41
1303,RELIANCE,3266.35,1922,9.61,TRIGGERED,2026-09-20 12:31:41
1304,ICICIBANK,1231.74,176,1.8,NORMAL,2026-09-20 12:31:41
1305,TATAMOTORS,946.3,1639,-3.44,NORMAL,2026-09-20 12:31:42
1306,BHARTIARTL,1446.65,1047,-2.91,NORMAL,2026-09-20 12:31:42
1307,TATAMOTORS,945.82,1802,-3.49,NORMAL,2026-09-20 12:31:43
1308,SBIN,998.27,1756,21.74,TRIGGERED,2026-09-20 12:31:43
1309,SBIN,996.99,76,21.58,TRIGGERED,2026-09-20 12:31:43
1310,HDFCBANK,1563.37,1795,-5.25,TRIGGERED,2026-09-20 12:31:44
1311,TATAMOTORS,949.24,115,-3.14,NORMAL,2026-09-20 12:31:44
1312,SBIN,998.42,324,21.76,TRIGGERED,2026-09-20 12:31:45
1313,BHARTIARTL,1447.18,793,-2.87,NORMAL,2026-09-20 12:31:45
1314,SBIN,997.2,1840,21.61,TRIGGERED,2026-09-20 12:31:46
1315,RELIANCE,3274.82,1425,9.89,TRIGGERED,2026-09-20 12:31:46
1316,ICICIBANK,1232.61,1332,1.87,NORMAL,2026-09-20 12:31:46
1317,BHARTIARTL,1445.28,985,-3.0,NORMAL,2026-09-20 12:31:47
1318,BHARTIARTL,1444.71,283,-3.04,NORMAL,2026-09-20 12:31:47
1319,BHARTIARTL,1446.16,1257,-2.94,NORMAL,2026-09-20 12:31:48
1320,LT,3409.54,1417,-5.81,TRIGGERED,2026-09-20 12:31:48
1321,RELIANCE,3283.76,488,10.19,TRIGGERED,2026-09-20 12:31:48
1322,HDFCBANK,1567.23,1080,-5.02,TRIGGERED,2026-09-20 12:31:49
1323,BHARTIARTL,1449.42,1282,-2.72,NORMAL,2026-09-20 12:31:49
1324,BHARTIARTL,1452.34,1224,-2.53,NORMAL,2026-09-20 12:31:50
1325,SBIN,996.7,788,21.55,TRIGGERED,2026-09-20 12:31:50
1326,ITC,465.01,1563,-5.1,TRIGGERED,2026-09-20 12:31:50
1327,ICICIBANK,1231.55,260,1.78,NORMAL,2026-09-20 12:31:51
1328,SBIN,941.88,689,14.86,TRIGGERED,2026-09-20 12:31:51
1329,ICICIBANK,1231.22,1057,1.75,NORMAL,2026-09-20 12:31:52
1330,HDFCBANK,1573.47,1110,-4.64,NORMAL,2026-09-20 12:31:52
1331,ITC,466.46,857,-4.8,NORMAL,2026-09-20 12:31:52
1332,SBIN,942.06,273,14.89,TRIGGERED,2026-09-20 12:31:53
1333,ITC,466.0,1155,-4.9,NORMAL,2026-09-20 12:31:53
1334,RELIANCE,3273.98,457,9.87,TRIGGERED,2026-09-20 12:31:54
1335,HDFCBANK,1486.93,79,-9.88,TRIGGERED,2026-09-20 12:31:54
1336,RELIANCE,3272.97,743,9.83,TRIGGERED,2026-09-20 12:31:54
1337,SBIN,941.17,307,14.78,TRIGGERED,2026-09-20 12:31:55
1338,BHARTIARTL,1457.03,1629,-2.21,NORMAL,2026-09-20 12:31:55
1339,HDFCBANK,1482.13,714,-10.17,TRIGGERED,2026-09-20 12:31:56
1340,RELIANCE,3271.72,1013,9.79,TRIGGERED,2026-09-20 12:31:56
1341,HDFCBANK,1484.22,1001,-10.05,TRIGGERED,2026-09-20 12:31:56
1342,ITC,466.37,1336,-4.82,NORMAL,2026-09-20 12:31:57
1343,SBIN,943.88,1489,15.11,TRIGGERED,2026-09-20 12:31:57
1344,BHARTIARTL,1453.13,576,-2.47,NORMAL,2026-09-20 12:31:58
1345,LT,3406.96,1599,-5.89,TRIGGERED,2026-09-20 12:31:58
1346,INFY,2257.58,329,24.04,TRIGGERED,2026-09-20 12:31:58
1347,TCS,5058.69,483,22.78,TRIGGERED,2026-09-20 12:31:59
1348,INFY,2261.31,731,24.25,TRIGGERED,2026-09-20 12:31:59
1349,BHARTIARTL,1448.19,967,-2.81,NORMAL,2026-09-20 12:32:00
1350,TCS,5060.94,1165,22.84,TRIGGERED,2026-09-20 12:32:00
1351,ITC,467.63,873,-4.57,NORMAL,2026-09-20 12:32:00
1352,BHARTIARTL,1452.02,125,-2.55,NORMAL,2026-09-20 12:32:01
1353,ITC,467.91,1083,-4.51,NORMAL,2026-09-20 12:32:01
1354,TCS,5046.35,1330,22.48,TRIGGERED,2026-09-20 12:32:02
1355,SBIN,944.65,480,15.2,TRIGGERED,2026-09-20 12:32:02
1356,ITC,466.64,192,-4.77,NORMAL,2026-09-20 12:32:02
1357,HDFCBANK,1490.14,1743,-9.69,TRIGGERED,2026-09-20 12:32:03
1358,SBIN,944.35,183,15.16,TRIGGERED,2026-09-20 12:32:03
1359,RELIANCE,3262.34,1070,9.47,TRIGGERED,2026-09-20 12:32:04
1360,TATAMOTORS,950.97,710,-2.96,NORMAL,2026-09-20 12:32:04
1361,LT,3419.66,1534,-5.53,TRIGGERED,2026-09-20 12:32:04
1362,INFY,2261.18,548,24.24,TRIGGERED,2026-09-20 12:32:05
1363,INFY,2259.33,775,24.14,TRIGGERED,2026-09-20 12:32:05
1364,ITC,440.97,1025,-10.01,TRIGGERED,2026-09-20 12:32:06
1365,TATAMOTORS,948.02,1393,-3.26,NORMAL,2026-09-20 12:32:06
1366,BHARTIARTL,1457.45,802,-2.18,NORMAL,2026-09-20 12:32:06
1367,RELIANCE,3256.61,1655,9.28,TRIGGERED,2026-09-20 12:32:07
1368,LT,3422.24,584,-5.46,TRIGGERED,2026-09-20 12:32:07
1369,BHARTIARTL,1461.83,42,-1.89,NORMAL,2026-09-20 12:32:08
1370,TCS,5046.4,1331,22.49,TRIGGERED,2026-09-20 12:32:08
1371,ICICIBANK,1234.95,53,2.06,NORMAL,2026-09-20 12:32:08
1372,HDFCBANK,1408.18,506,-14.66,TRIGGERED,2026-09-20 12:32:09
1373,TATAMOTORS,950.05,168,-3.06,NORMAL,2026-09-20 12:32:09
1374,INFY,2261.14,1751,24.24,TRIGGERED,2026-09-20 12:32:10
1375,BHARTIARTL,1465.83,56,-1.62,NORMAL,2026-09-20 12:32:10
1376,ICICIBANK,1230.48,254,1.69,NORMAL,2026-09-20 12:32:10
1377,LT,3413.71,300,-5.7,TRIGGERED,2026-09-20 12:32:11
1378,HDFCBANK,1403.44,249,-14.94,TRIGGERED,2026-09-20 12:32:11
1379,ITC,416.72,75,-14.96,TRIGGERED,2026-09-20 12:32:12
1380,ICICIBANK,1230.65,559,1.71,NORMAL,2026-09-20 12:32:12
1381,LT,3403.63,180,-5.98,TRIGGERED,2026-09-20 12:32:12
1382,TCS,5031.88,1670,22.13,TRIGGERED,2026-09-20 12:32:13
1383,ICICIBANK,1229.9,999,1.64,NORMAL,2026-09-20 12:32:13
1384,TCS,5037.57,1797,22.27,TRIGGERED,2026-09-20 12:32:14
1385,ICICIBANK,1230.46,332,1.69,NORMAL,2026-09-20 12:32:14
1386,TATAMOTORS,948.47,1800,-3.22,NORMAL,2026-09-20 12:32:14
1387,HDFCBANK,1407.35,1362,-14.71,TRIGGERED,2026-09-20 12:32:15
1388,ICICIBANK,1226.68,1829,1.38,NORMAL,2026-09-20 12:32:15
1389,INFY,2136.78,603,17.41,TRIGGERED,2026-09-20 12:32:16
1390,RELIANCE,3259.33,1838,9.37,TRIGGERED,2026-09-20 12:32:16
1391,BHARTIARTL,1460.51,883,-1.98,NORMAL,2026-09-20 12:32:16
1392,TCS,5038.83,1716,22.3,TRIGGERED,2026-09-20 12:32:17
1393,RELIANCE,3265.54,1402,9.58,TRIGGERED,2026-09-20 12:32:17
1394,ITC,417.54,437,-14.79,TRIGGERED,2026-09-20 12:32:18
1395,SBIN,944.1,1617,15.13,TRIGGERED,2026-09-20 12:32:18
1396,ITC,417.37,181,-14.82,TRIGGERED,2026-09-20 12:32:18
1397,HDFCBANK,1405.86,722,-14.8,TRIGGERED,2026-09-20 12:32:19
1398,SBIN,944.99,37,15.24,TRIGGERED,2026-09-20 12:32:19
1399,ICICIBANK,1227.61,1965,1.46,NORMAL,2026-09-20 12:32:20
1400,HDFCBANK,1403.87,1867,-14.92,TRIGGERED,2026-09-20 12:32:20
1401,INFY,2140.35,1880,17.6,TRIGGERED,2026-09-20 12:32:20
1402,ITC,417.65,1720,-14.77,TRIGGERED,2026-09-20 12:32:21
1403,RELIANCE,3262.13,1650,9.47,TRIGGERED,2026-09-20 12:32:21
1404,SBIN,942.95,1304,14.99,TRIGGERED,2026-09-20 12:32:22
1405,TCS,5033.74,265,22.18,TRIGGERED,2026-09-20 12:32:22
1406,TATAMOTORS,951.5,1175,-2.91,NORMAL,2026-09-20 12:32:22
1407,BHARTIARTL,1455.14,922,-2.34,NORMAL,2026-09-20 12:32:23
1408,SBIN,946.23,873,15.39,TRIGGERED,2026-09-20 12:32:23
1409,ICICIBANK,1225.43,864,1.28,NORMAL,2026-09-20 12:32:24
1410,TATAMOTORS,954.09,656,-2.64,NORMAL,2026-09-20 12:32:24
1411,TCS,5310.6,1467,28.9,TRIGGERED,2026-09-20 12:32:25
1412,TATAMOTORS,954.59,92,-2.59,NORMAL,2026-09-20 12:32:25
1413,ITC,440.62,1578,-10.08,TRIGGERED,2026-09-20 12:32:25
1414,TATAMOTORS,953.19,232,-2.74,NORMAL,2026-09-20 12:32:26
1415,HDFCBANK,1401.49,1930,-15.06,TRIGGERED,2026-09-20 12:32:26
1416,TATAMOTORS,954.75,1670,-2.58,NORMAL,2026-09-20 12:32:27
1417,BHARTIARTL,1455.96,136,-2.28,NORMAL,2026-09-20 12:32:27
1418,RELIANCE,3273.9,284,9.86,TRIGGERED,2026-09-20 12:32:27
1419,HDFCBANK,1398.91,256,-15.22,TRIGGERED,2026-09-20 12:32:28
1420,LT,3409.83,767,-5.81,TRIGGERED,2026-09-20 12:32:28
1421,LT,3415.81,1577,-5.64,TRIGGERED,2026-09-20 12:32:29
1422,ICICIBANK,1228.27,309,1.51,NORMAL,2026-09-20 12:32:29
1423,TATAMOTORS,952.99,1084,-2.76,NORMAL,2026-09-20 12:32:29
1424,HDFCBANK,1403.0,357,-14.97,TRIGGERED,2026-09-20 12:32:30
1425,TCS,5328.34,482,29.33,TRIGGERED,2026-09-20 12:32:30
1426,ICICIBANK,1232.06,1109,1.82,NORMAL,2026-09-20 12:32:31
1427,LT,3417.47,346,-5.59,TRIGGERED,2026-09-20 12:32:31
1428,INFY,2132.66,1784,17.18,TRIGGERED,2026-09-20 12:32:31
1429,ICICIBANK,1232.23,1423,1.84,NORMAL,2026-09-20 12:32:32
1430,TATAMOTORS,953.98,1000,-2.66,NORMAL,2026-09-20 12:32:32
1431,INFY,2138.78,1585,17.52,TRIGGERED,2026-09-20 12:32:33
1432,ITC,416.39,1285,-15.02,TRIGGERED,2026-09-20 12:32:33
1433,TCS,5320.44,1830,29.14,TRIGGERED,2026-09-20 12:32:33
1434,ICICIBANK,1234.61,505,2.03,NORMAL,2026-09-20 12:32:34
1435,BHARTIARTL,1450.28,1764,-2.67,NORMAL,2026-09-20 12:32:34
1436,INFY,2144.98,1995,17.86,TRIGGERED,2026-09-20 12:32:35
1437,ICICIBANK,1234.18,505,2.0,NORMAL,2026-09-20 12:32:35
1438,HDFCBANK,1325.84,1397,-19.65,TRIGGERED,2026-09-20 12:32:35
1439,RELIANCE,3261.84,1214,9.46,TRIGGERED,2026-09-20 12:32:36
1440,ITC,415.34,1402,-15.24,TRIGGERED,2026-09-20 12:32:36
1441,SBIN,949.58,549,15.8,TRIGGERED,2026-09-20 12:32:37
1442,LT,3418.08,1247,-5.58,TRIGGERED,2026-09-20 12:32:37
1443,INFY,2138.69,1396,17.51,TRIGGERED,2026-09-20 12:32:37
1444,BHARTIARTL,1444.69,178,-3.04,NORMAL,2026-09-20 12:32:38
1445,LT,3409.33,258,-5.82,TRIGGERED,2026-09-20 12:32:38
1446,SBIN,946.92,1075,15.48,TRIGGERED,2026-09-20 12:32:39
1447,LT,3413.34,1571,-5.71,TRIGGERED,2026-09-20 12:32:39
1448,TATAMOTORS,1006.45,1047,2.7,NORMAL,2026-09-20 12:32:39
1449,TCS,5306.43,416,28.8,TRIGGERED,2026-09-20 12:32:40
1450,ICICIBANK,1229.67,1184,1.63,NORMAL,2026-09-20 12:32:40
1451,TCS,5326.67,1146,29.29,TRIGGERED,2026-09-20 12:32:41
1452,LT,3419.41,1730,-5.54,TRIGGERED,2026-09-20 12:32:41
1453,INFY,2139.65,307,17.56,TRIGGERED,2026-09-20 12:32:41
1454,BHARTIARTL,1524.15,115,2.29,NORMAL,2026-09-20 12:32:42
1455,ICICIBANK,1226.04,142,1.33,NORMAL,2026-09-20 12:32:42
1456,SBIN,944.82,1265,15.22,TRIGGERED,2026-09-20 12:32:43
1457,INFY,2141.31,662,17.65,TRIGGERED,2026-09-20 12:32:43
1458,ITC,413.91,284,-15.53,TRIGGERED,2026-09-20 12:32:43
1459,ICICIBANK,1227.18,966,1.42,NORMAL,2026-09-20 12:32:44
1460,TCS,5322.29,1218,29.18,TRIGGERED,2026-09-20 12:32:44
1461,TATAMOTORS,1004.53,1757,2.5,NORMAL,2026-09-20 12:32:45
1462,BHARTIARTL,1522.46,255,2.18,NORMAL,2026-09-20 12:32:45
1463,ICICIBANK,1229.29,1478,1.59,NORMAL,2026-09-20 12:32:45
1464,LT,3422.54,1973,-5.45,TRIGGERED,2026-09-20 12:32:46
1465,RELIANCE,3254.2,1061,9.2,TRIGGERED,2026-09-20 12:32:46
1466,ICICIBANK,1234.0,529,1.98,NORMAL,2026-09-20 12:32:47
1467,ITC,412.9,836,-15.73,TRIGGERED,2026-09-20 12:32:47
1468,TCS,5329.01,1227,29.34,TRIGGERED,2026-09-20 12:32:47
1469,RELIANCE,3245.33,1839,8.9,TRIGGERED,2026-09-20 12:32:48
1470,LT,3426.1,1589,-5.36,TRIGGERED,2026-09-20 12:32:48
1471,INFY,2135.39,936,17.33,TRIGGERED,2026-09-20 12:32:49
1472,HDFCBANK,1327.95,1333,-19.52,TRIGGERED,2026-09-20 12:32:49
1473,RELIANCE,3247.79,1679,8.99,TRIGGERED,2026-09-20 12:32:49
1474,LT,3434.18,1886,-5.13,TRIGGERED,2026-09-20 12:32:50
1475,HDFCBANK,1254.91,740,-23.94,TRIGGERED,2026-09-20 12:32:50
1476,TCS,5326.45,931,29.28,TRIGGERED,2026-09-20 12:32:51
1477,INFY,2140.03,1174,17.58,TRIGGERED,2026-09-20 12:32:51
1478,RELIANCE,3238.41,1295,8.67,TRIGGERED,2026-09-20 12:32:51
1479,ITC,413.03,1046,-15.71,TRIGGERED,2026-09-20 12:32:52
1480,HDFCBANK,1185.89,850,-28.13,TRIGGERED,2026-09-20 12:32:52
1481,TCS,5324.2,1267,29.23,TRIGGERED,2026-09-20 12:32:53
1482,TCS,5320.91,1643,29.15,TRIGGERED,2026-09-20 12:32:53
1483,INFY,2133.04,1733,17.2,TRIGGERED,2026-09-20 12:32:53
1484,LT,3245.3,1796,-10.35,TRIGGERED,2026-09-20 12:32:54
1485,TCS,5304.83,477,28.76,TRIGGERED,2026-09-20 12:32:54
1486,ITC,414.23,1446,-15.46,TRIGGERED,2026-09-20 12:32:55
1487,RELIANCE,3247.48,1121,8.98,TRIGGERED,2026-09-20 12:32:55
1488,RELIANCE,3253.85,895,9.19,TRIGGERED,2026-09-20 12:32:56
1489,RELIANCE,3257.21,1775,9.3,TRIGGERED,2026-09-20 12:32:56
1490,INFY,2128.37,1713,16.94,TRIGGERED,2026-09-20 12:32:56
1491,LT,3232.5,582,-10.7,TRIGGERED,2026-09-20 12:32:57
1492,RELIANCE,3257.17,1523,9.3,TRIGGERED,2026-09-20 12:32:57
1493,HDFCBANK,1190.38,1136,-27.86,TRIGGERED,2026-09-20 12:32:58
1494,BHARTIARTL,1519.71,1552,1.99,NORMAL,2026-09-20 12:32:58
1495,INFY,2132.36,1573,17.16,TRIGGERED,2026-09-20 12:32:58
1496,SBIN,942.62,1831,14.95,TRIGGERED,2026-09-20 12:32:59
1497,SBIN,994.46,1202,21.28,TRIGGERED,2026-09-20 12:32:59
1498,TATAMOTORS,1007.93,448,2.85,NORMAL,2026-09-20 12:33:00
1499,LT,3224.55,789,-10.92,TRIGGERED,2026-09-20 12:33:00
1500,TCS,5324.56,1324,29.24,TRIGGERED,2026-09-20 12:33:00
1501,INFY,2132.43,702,17.17,TRIGGERED,2026-09-20 12:33:01
1502,LT,3227.42,329,-10.84,TRIGGERED,2026-09-20 12:33:01
1503,ITC,413.58,483,-15.6,TRIGGERED,2026-09-20 12:33:02
1504,SBIN,992.99,1166,21.1,TRIGGERED,2026-09-20 12:33:02
1505,RELIANCE,3264.75,168,9.56,TRIGGERED,2026-09-20 12:33:02
1506,SBIN,994.21,1530,21.25,TRIGGERED,2026-09-20 12:33:03
1507,INFY,2127.9,1272,16.92,TRIGGERED,2026-09-20 12:33:03
1508,BHARTIARTL,1519.22,1923,1.96,NORMAL,2026-09-20 12:33:04
1509,HDFCBANK,1124.91,176,-31.82,TRIGGERED,2026-09-20 12:33:04
1510,RELIANCE,3262.88,1612,9.49,TRIGGERED,2026-09-20 12:33:04
1511,INFY,2126.76,1286,16.85,TRIGGERED,2026-09-20 12:33:05
1512,LT,3216.85,206,-11.14,TRIGGERED,2026-09-20 12:33:05
1513,HDFCBANK,1121.93,1257,-32.0,TRIGGERED,2026-09-20 12:33:06
1514,ICICIBANK,1233.02,904,1.9,NORMAL,2026-09-20 12:33:06
1515,ICICIBANK,1233.57,1589,1.95,NORMAL,2026-09-20 12:33:06
1516,LT,3210.82,1927,-11.3,TRIGGERED,2026-09-20 12:33:07
1517,INFY,2123.41,641,16.67,TRIGGERED,2026-09-20 12:33:07
1518,ICICIBANK,1236.55,522,2.19,NORMAL,2026-09-20 12:33:08
1519,ICICIBANK,1233.98,520,1.98,NORMAL,2026-09-20 12:33:08
1520,ICICIBANK,1229.77,896,1.63,NORMAL,2026-09-20 12:33:08
1521,INFY,2129.66,1727,17.01,TRIGGERED,2026-09-20 12:33:09
1522,HDFCBANK,1125.08,1599,-31.81,TRIGGERED,2026-09-20 12:33:09
1523,BHARTIARTL,1515.87,201,1.74,NORMAL,2026-09-20 12:33:10
1524,TATAMOTORS,1004.1,582,2.46,NORMAL,2026-09-20 12:33:10
1525,HDFCBANK,1123.35,402,-31.92,TRIGGERED,2026-09-20 12:33:10
1526,LT,3214.92,1058,-11.19,TRIGGERED,2026-09-20 12:33:11
1527,TATAMOTORS,1002.76,1635,2.32,NORMAL,2026-09-20 12:33:11
1528,TATAMOTORS,1004.06,491,2.46,NORMAL,2026-09-20 12:33:12
1529,BHARTIARTL,1515.99,874,1.74,NORMAL,2026-09-20 12:33:12
1530,RELIANCE,3257.97,1537,9.33,TRIGGERED,2026-09-20 12:33:12
1531,ITC,415.12,1292,-15.28,TRIGGERED,2026-09-20 12:33:13
1532,ICICIBANK,1297.41,236,7.22,TRIGGERED,2026-09-20 12:33:13
1533,ITC,413.74,1574,-15.56,TRIGGERED,2026-09-20 12:33:14
1534,HDFCBANK,1125.05,1669,-31.82,TRIGGERED,2026-09-20 12:33:14
1535,RELIANCE,3250.13,693,9.06,TRIGGERED,2026-09-20 12:33:14
1536,HDFCBANK,1128.16,656,-31.63,TRIGGERED,2026-09-20 12:33:15
1537,RELIANCE,3071.37,48,3.07,NORMAL,2026-09-20 12:33:15
1538,INFY,2134.8,1639,17.3,TRIGGERED,2026-09-20 12:33:16
1539,TATAMOTORS,1007.23,617,2.78,NORMAL,2026-09-20 12:33:16
1540,TCS,5309.26,508,28.87,TRIGGERED,2026-09-20 12:33:16
1541,SBIN,990.24,247,20.76,TRIGGERED,2026-09-20 12:33:17
1542,HDFCBANK,1128.09,998,-31.63,TRIGGERED,2026-09-20 12:33:17
1543,BHARTIARTL,1520.73,39,2.06,NORMAL,2026-09-20 12:33:18
1544,TATAMOTORS,1010.98,437,3.16,NORMAL,2026-09-20 12:33:18
1545,LT,3220.76,389,-11.03,TRIGGERED,2026-09-20 12:33:18
1546,BHARTIARTL,1437.09,713,-3.55,NORMAL,2026-09-20 12:33:19
1547,TATAMOTORS,1011.98,1923,3.26,NORMAL,2026-09-20 12:33:19
1548,SBIN,989.52,120,20.67,TRIGGERED,2026-09-20 12:33:20
1549,SBIN,1043.94,1560,27.31,TRIGGERED,2026-09-20 12:33:20
1550,LT,3229.39,390,-10.79,TRIGGERED,2026-09-20 12:33:20
1551,ICICIBANK,1292.69,43,6.83,TRIGGERED,2026-09-20 12:33:21
1552,HDFCBANK,1124.32,1628,-31.86,TRIGGERED,2026-09-20 12:33:21
1553,ICICIBANK,1297.86,161,7.26,TRIGGERED,2026-09-20 12:33:22
1554,ITC,412.12,939,-15.89,TRIGGERED,2026-09-20 12:33:22
1555,ICICIBANK,1298.13,1696,7.28,TRIGGERED,2026-09-20 12:33:23
1556,ICICIBANK,1299.11,1448,7.36,TRIGGERED,2026-09-20 12:33:23
1557,RELIANCE,3080.63,1678,3.38,NORMAL,2026-09-20 12:33:23
1558,ICICIBANK,1301.1,1956,7.53,TRIGGERED,2026-09-20 12:33:24
1559,SBIN,1045.33,702,27.48,TRIGGERED,2026-09-20 12:33:24
1560,TATAMOTORS,1015.31,472,3.6,NORMAL,2026-09-20 12:33:25
1561,LT,3240.01,1920,-10.5,TRIGGERED,2026-09-20 12:33:25
1562,TATAMOTORS,1019.15,1386,3.99,NORMAL,2026-09-20 12:33:25
1563,BHARTIARTL,1516.13,242,1.75,NORMAL,2026-09-20 12:33:26
1564,RELIANCE,3082.51,1112,3.44,NORMAL,2026-09-20 12:33:26
1565,SBIN,1048.19,485,27.83,TRIGGERED,2026-09-20 12:33:27
1566,TCS,5296.14,1677,28.55,TRIGGERED,2026-09-20 12:33:27
1567,RELIANCE,3071.98,1961,3.09,NORMAL,2026-09-20 12:33:27
1568,SBIN,1105.84,514,34.86,TRIGGERED,2026-09-20 12:33:28
1569,ICICIBANK,1305.86,1279,7.92,TRIGGERED,2026-09-20 12:33:28
1570,LT,3232.75,573,-10.7,TRIGGERED,2026-09-20 12:33:29
1571,ITC,413.15,77,-15.68,TRIGGERED,2026-09-20 12:33:29
1572,ITC,411.98,701,-15.92,TRIGGERED,2026-09-20 12:33:29
1573,BHARTIARTL,1519.79,256,2.0,NORMAL,2026-09-20 12:33:30
1574,BHARTIARTL,1518.15,962,1.89,NORMAL,2026-09-20 12:33:30
1575,RELIANCE,3077.51,1342,3.27,NORMAL,2026-09-20 12:33:31
1576,TCS,5286.21,1544,28.31,TRIGGERED,2026-09-20 12:33:31
1577,SBIN,1104.75,451,34.73,TRIGGERED,2026-09-20 12:33:31
1578,HDFCBANK,1123.72,119,-31.9,TRIGGERED,2026-09-20 12:33:32
1579,TATAMOTORS,1017.52,933,3.83,NORMAL,2026-09-20 12:33:32
1580,HDFCBANK,1127.02,373,-31.7,TRIGGERED,2026-09-20 12:33:33
1581,INFY,2129.08,1453,16.98,TRIGGERED,2026-09-20 12:33:33
1582,SBIN,1100.42,151,34.2,TRIGGERED,2026-09-20 12:33:33
1583,SBIN,1101.59,1471,34.34,TRIGGERED,2026-09-20 12:33:34
1584,SBIN,1105.55,1464,34.82,TRIGGERED,2026-09-20 12:33:34
1585,TATAMOTORS,1014.61,761,3.53,NORMAL,2026-09-20 12:33:35
1586,ICICIBANK,1309.33,541,8.21,TRIGGERED,2026-09-20 12:33:35
1587,INFY,2120.78,177,16.53,TRIGGERED,2026-09-20 12:33:35
1588,RELIANCE,3070.04,807,3.02,NORMAL,2026-09-20 12:33:36
1589,ITC,411.1,1597,-16.1,TRIGGERED,2026-09-20 12:33:36
1590,SBIN,1104.2,1618,34.66,TRIGGERED,2026-09-20 12:33:37
1591,RELIANCE,3067.57,1036,2.94,NORMAL,2026-09-20 12:33:37
1592,LT,3235.2,494,-10.63,TRIGGERED,2026-09-20 12:33:37
1593,HDFCBANK,1123.06,770,-31.94,TRIGGERED,2026-09-20 12:33:38
1594,ITC,411.26,1318,-16.07,TRIGGERED,2026-09-20 12:33:38
1595,RELIANCE,3061.36,175,2.73,NORMAL,2026-09-20 12:33:39
1596,INFY,2126.06,597,16.82,TRIGGERED,2026-09-20 12:33:39
1597,ITC,410.97,440,-16.13,TRIGGERED,2026-09-20 12:33:39
1598,BHARTIARTL,1516.87,542,1.8,NORMAL,2026-09-20 12:33:40
1599,ITC,410.2,684,-16.29,TRIGGERED,2026-09-20 12:33:40
1600,BHARTIARTL,1513.07,458,1.55,NORMAL,2026-09-20 12:33:41
1601,TCS,5289.12,363,28.38,TRIGGERED,2026-09-20 12:33:41
1602,INFY,2131.39,1130,17.11,TRIGGERED,2026-09-20 12:33:41
1603,ITC,432.76,397,-11.68,TRIGGERED,2026-09-20 12:33:42
1604,LT,3224.38,1505,-10.93,TRIGGERED,2026-09-20 12:33:42
1605,RELIANCE,3072.61,437,3.11,NORMAL,2026-09-20 12:33:43
1606,BHARTIARTL,1508.13,1367,1.22,NORMAL,2026-09-20 12:33:43
1607,RELIANCE,3078.34,1461,3.3,NORMAL,2026-09-20 12:33:43
1608,INFY,2125.29,935,16.77,TRIGGERED,2026-09-20 12:33:44
1609,SBIN,1101.19,1311,34.29,TRIGGERED,2026-09-20 12:33:44
1610,RELIANCE,3090.55,1250,3.71,NORMAL,2026-09-20 12:33:45
1611,INFY,2126.9,495,16.86,TRIGGERED,2026-09-20 12:33:45
1612,RELIANCE,3082.1,125,3.43,NORMAL,2026-09-20 12:33:46
1613,SBIN,1040.62,1593,26.9,TRIGGERED,2026-09-20 12:33:46
1614,INFY,2125.31,1666,16.78,TRIGGERED,2026-09-20 12:33:46
1615,HDFCBANK,1122.13,846,-31.99,TRIGGERED,2026-09-20 12:33:47
1616,SBIN,1041.75,1321,27.04,TRIGGERED,2026-09-20 12:33:47
1617,INFY,2117.14,49,16.33,TRIGGERED,2026-09-20 12:33:48
1618,INFY,2117.13,1551,16.33,TRIGGERED,2026-09-20 12:33:48
1619,TATAMOTORS,1012.93,710,3.36,NORMAL,2026-09-20 12:33:48
1620,LT,3047.04,1620,-15.83,TRIGGERED,2026-09-20 12:33:49
1621,INFY,2125.09,586,16.76,TRIGGERED,2026-09-20 12:33:49
1622,LT,3048.48,399,-15.79,TRIGGERED,2026-09-20 12:33:50
1623,LT,3216.15,1561,-11.16,TRIGGERED,2026-09-20 12:33:50
1624,TATAMOTORS,1014.3,1844,3.5,NORMAL,2026-09-20 12:33:50
1625,ITC,431.29,348,-11.98,TRIGGERED,2026-09-20 12:33:51
1626,TCS,5273.52,1992,28.0,TRIGGERED,2026-09-20 12:33:51
1627,ICICIBANK,1306.11,1944,7.94,TRIGGERED,2026-09-20 12:33:52
1628,HDFCBANK,1122.05,1734,-32.0,TRIGGERED,2026-09-20 12:33:52
1629,SBIN,1045.34,148,27.48,TRIGGERED,2026-09-20 12:33:52
1630,SBIN,1047.88,544,27.79,TRIGGERED,2026-09-20 12:33:53
1631,SBIN,1046.44,863,27.61,TRIGGERED,2026-09-20 12:33:53
1632,LT,3209.74,1398,-11.33,TRIGGERED,2026-09-20 12:33:54
1633,INFY,2132.44,1861,17.17,TRIGGERED,2026-09-20 12:33:54
1634,INFY,2140.26,1473,17.6,TRIGGERED,2026-09-20 12:33:55
1635,ICICIBANK,1306.47,1495,7.97,TRIGGERED,2026-09-20 12:33:55
1636,HDFCBANK,1121.11,58,-32.05,TRIGGERED,2026-09-20 12:33:55
1637,HDFCBANK,1124.89,1345,-31.82,TRIGGERED,2026-09-20 12:33:56
1638,RELIANCE,2912.58,1176,-2.26,NORMAL,2026-09-20 12:33:56
1639,BHARTIARTL,1510.68,128,1.39,NORMAL,2026-09-20 12:33:57
1640,BHARTIARTL,1427.59,1352,-4.19,NORMAL,2026-09-20 12:33:57
1641,HDFCBANK,1124.57,814,-31.84,TRIGGERED,2026-09-20 12:33:57
1642,TCS,5287.71,368,28.34,TRIGGERED,2026-09-20 12:33:58
1643,SBIN,1047.35,1169,27.73,TRIGGERED,2026-09-20 12:33:58
1644,RELIANCE,2915.53,1280,-2.16,NORMAL,2026-09-20 12:33:59
1645,HDFCBANK,1120.76,1822,-32.08,TRIGGERED,2026-09-20 12:33:59
1646,RELIANCE,2916.77,1776,-2.12,NORMAL,2026-09-20 12:33:59
1647,SBIN,1043.62,1759,27.27,TRIGGERED,2026-09-20 12:34:00
1648,RELIANCE,2914.8,982,-2.19,NORMAL,2026-09-20 12:34:00
1649,ITC,430.65,1986,-12.11,TRIGGERED,2026-09-20 12:34:01
1650,HDFCBANK,1118.97,716,-32.18,TRIGGERED,2026-09-20 12:34:01
1651,SBIN,1046.2,28,27.59,TRIGGERED,2026-09-20 12:34:01
1652,RELIANCE,2907.63,849,-2.43,NORMAL,2026-09-20 12:34:02
1653,LT,3200.21,744,-11.6,TRIGGERED,2026-09-20 12:34:02
1654,LT,3200.85,1179,-11.58,TRIGGERED,2026-09-20 12:34:03
1655,TATAMOTORS,1015.69,1475,3.64,NORMAL,2026-09-20 12:34:03
1656,TCS,5296.04,984,28.54,TRIGGERED,2026-09-20 12:34:03
1657,RELIANCE,2896.83,1327,-2.79,NORMAL,2026-09-20 12:34:04
1658,ITC,429.51,1507,-12.34,TRIGGERED,2026-09-20 12:34:04
1659,HDFCBANK,1122.21,1738,-31.99,TRIGGERED,2026-09-20 12:34:05
1660,HDFCBANK,1120.41,1336,-32.1,TRIGGERED,2026-09-20 12:34:05
1661,TATAMOTORS,1014.55,1088,3.53,NORMAL,2026-09-20 12:34:05
1662,HDFCBANK,1117.95,338,-32.25,TRIGGERED,2026-09-20 12:34:06
1663,ITC,429.68,1955,-12.31,TRIGGERED,2026-09-20 12:34:06
1664,HDFCBANK,1115.02,715,-32.42,TRIGGERED,2026-09-20 12:34:07
1665,TCS,5280.78,1874,28.17,TRIGGERED,2026-09-20 12:34:07
1666,TATAMOTORS,1014.03,816,3.47,NORMAL,2026-09-20 12:34:07
1667,TCS,5292.99,1781,28.47,TRIGGERED,2026-09-20 12:34:08
1668,RELIANCE,2897.19,685,-2.78,NORMAL,2026-09-20 12:34:08
1669,BHARTIARTL,1506.11,1911,1.08,NORMAL,2026-09-20 12:34:09
1670,SBIN,1044.89,210,27.43,TRIGGERED,2026-09-20 12:34:09
1671,LT,3212.34,95,-11.26,TRIGGERED,2026-09-20 12:34:09
1672,ICICIBANK,1305.27,1047,7.87,TRIGGERED,2026-09-20 12:34:10
1673,HDFCBANK,1112.8,328,-32.56,TRIGGERED,2026-09-20 12:34:10
1674,LT,3217.66,1246,-11.11,TRIGGERED,2026-09-20 12:34:11
1675,TATAMOTORS,1015.79,448,3.65,NORMAL,2026-09-20 12:34:11
1676,ICICIBANK,1303.57,1052,7.73,TRIGGERED,2026-09-20 12:34:11
1677,ITC,430.23,1943,-12.2,TRIGGERED,2026-09-20 12:34:12
1678,INFY,2136.92,1560,17.41,TRIGGERED,2026-09-20 12:34:12
1679,ITC,428.92,697,-12.47,TRIGGERED,2026-09-20 12:34:13
1680,SBIN,1044.58,508,27.39,TRIGGERED,2026-09-20 12:34:13
1681,TATAMOTORS,1016.8,355,3.76,NORMAL,2026-09-20 12:34:13
1682,HDFCBANK,1113.98,1723,-32.49,TRIGGERED,2026-09-20 12:34:14
1683,LT,3207.08,1887,-11.41,TRIGGERED,2026-09-20 12:34:14
1684,LT,3219.55,1228,-11.06,TRIGGERED,2026-09-20 12:34:15
1685,INFY,2019.39,1611,10.96,TRIGGERED,2026-09-20 12:34:15
1686,BHARTIARTL,1510.1,974,1.35,NORMAL,2026-09-20 12:34:15
1687,LT,3216.81,185,-11.14,TRIGGERED,2026-09-20 12:34:16
1688,SBIN,1044.47,26,27.37,TRIGGERED,2026-09-20 12:34:16
1689,LT,3204.8,370,-11.47,TRIGGERED,2026-09-20 12:34:17
1690,BHARTIARTL,1509.44,462,1.3,NORMAL,2026-09-20 12:34:17
1691,LT,3198.37,520,-11.65,TRIGGERED,2026-09-20 12:34:17
1692,ITC,429.04,1706,-12.44,TRIGGERED,2026-09-20 12:34:18
1693,INFY,2022.38,88,11.12,TRIGGERED,2026-09-20 12:34:18
1694,RELIANCE,2889.44,1470,-3.04,NORMAL,2026-09-20 12:34:19
1695,INFY,2029.03,784,11.49,TRIGGERED,2026-09-20 12:34:19
1696,ICICIBANK,1307.5,1543,8.06,TRIGGERED,2026-09-20 12:34:19
1697,SBIN,1040.94,1175,26.94,TRIGGERED,2026-09-20 12:34:20
1698,TATAMOTORS,1016.84,817,3.76,NORMAL,2026-09-20 12:34:20
1699,RELIANCE,2900.01,156,-2.68,NORMAL,2026-09-20 12:34:21
1700,TCS,5288.67,299,28.37,TRIGGERED,2026-09-20 12:34:21
1701,SBIN,1044.33,756,27.36,TRIGGERED,2026-09-20 12:34:22
1702,INFY,2026.29,1144,11.33,TRIGGERED,2026-09-20 12:34:22
1703,SBIN,1044.57,1834,27.39,TRIGGERED,2026-09-20 12:34:22
1704,SBIN,1042.9,1534,27.18,TRIGGERED,2026-09-20 12:34:23
1705,RELIANCE,2888.57,1400,-3.07,NORMAL,2026-09-20 12:34:23
1706,ITC,452.64,286,-7.62,TRIGGERED,2026-09-20 12:34:24
1707,ITC,451.28,53,-7.9,TRIGGERED,2026-09-20 12:34:24
1708,INFY,2029.33,61,11.5,TRIGGERED,2026-09-20 12:34:24
1709,BHARTIARTL,1515.0,1315,1.68,NORMAL,2026-09-20 12:34:25
1710,ITC,452.05,1081,-7.74,TRIGGERED,2026-09-20 12:34:25
1711,BHARTIARTL,1520.86,1933,2.07,NORMAL,2026-09-20 12:34:26
1712,HDFCBANK,1114.87,152,-32.43,TRIGGERED,2026-09-20 12:34:26
1713,TATAMOTORS,1020.19,600,4.1,NORMAL,2026-09-20 12:34:26
1714,ICICIBANK,1310.57,493,8.31,TRIGGERED,2026-09-20 12:34:27
1715,TATAMOTORS,1017.79,1397,3.86,NORMAL,2026-09-20 12:34:27
1716,TCS,5269.43,1266,27.9,TRIGGERED,2026-09-20 12:34:28
1717,TCS,5265.35,664,27.8,TRIGGERED,2026-09-20 12:34:28
1718,RELIANCE,2729.7,1984,-8.4,TRIGGERED,2026-09-20 12:34:28
1719,BHARTIARTL,1518.9,1461,1.94,NORMAL,2026-09-20 12:34:29
1720,ITC,452.43,1290,-7.67,TRIGGERED,2026-09-20 12:34:29
1721,SBIN,1040.53,1500,26.89,TRIGGERED,2026-09-20 12:34:30
1722,TATAMOTORS,1015.18,620,3.59,NORMAL,2026-09-20 12:34:30
1723,ICICIBANK,1312.1,303,8.44,TRIGGERED,2026-09-20 12:34:30
1724,RELIANCE,2738.2,1630,-8.11,TRIGGERED,2026-09-20 12:34:31
1725,HDFCBANK,1114.2,1243,-32.47,TRIGGERED,2026-09-20 12:34:31
1726,INFY,2025.92,1776,11.31,TRIGGERED,2026-09-20 12:34:32
1727,HDFCBANK,1117.07,1293,-32.3,TRIGGERED,2026-09-20 12:34:32
1728,ITC,453.1,627,-7.53,TRIGGERED,2026-09-20 12:34:32
1729,INFY,2028.22,1413,11.44,TRIGGERED,2026-09-20 12:34:33
1730,TCS,5554.94,209,34.83,TRIGGERED,2026-09-20 12:34:33
1731,ITC,454.18,1184,-7.31,TRIGGERED,2026-09-20 12:34:34
1732,HDFCBANK,1055.63,1831,-36.02,TRIGGERED,2026-09-20 12:34:34
1733,LT,3192.58,1330,-11.81,TRIGGERED,2026-09-20 12:34:34
1734,BHARTIARTL,1516.28,201,1.76,NORMAL,2026-09-20 12:34:35
1735,INFY,2025.57,1485,11.3,TRIGGERED,2026-09-20 12:34:35
1736,ICICIBANK,1315.29,551,8.7,TRIGGERED,2026-09-20 12:34:36
1737,BHARTIARTL,1516.03,1151,1.75,NORMAL,2026-09-20 12:34:36
1738,SBIN,1038.95,1451,26.7,TRIGGERED,2026-09-20 12:34:36
1739,ITC,454.37,1508,-7.27,TRIGGERED,2026-09-20 12:34:37
1740,SBIN,1036.59,1153,26.41,TRIGGERED,2026-09-20 12:34:37
1741,LT,3202.86,831,-11.52,TRIGGERED,2026-09-20 12:34:38
1742,ICICIBANK,1319.34,1929,9.04,TRIGGERED,2026-09-20 12:34:38
1743,TCS,5576.48,1391,35.35,TRIGGERED,2026-09-20 12:34:38
1744,INFY,2018.3,81,10.9,TRIGGERED,2026-09-20 12:34:39
1745,INFY,1907.29,1464,4.8,NORMAL,2026-09-20 12:34:39
1746,LT,3214.97,1407,-11.19,TRIGGERED,2026-09-20 12:34:40
1747,INFY,1912.61,1949,5.09,TRIGGERED,2026-09-20 12:34:40
1748,INFY,1907.34,1453,4.8,NORMAL,2026-09-20 12:34:40
1749,RELIANCE,2741.45,1394,-8.01,TRIGGERED,2026-09-20 12:34:41
1750,SBIN,1034.74,1810,26.19,TRIGGERED,2026-09-20 12:34:41
1751,TATAMOTORS,1016.28,1934,3.7,NORMAL,2026-09-20 12:34:42
1752,LT,3227.69,540,-10.84,TRIGGERED,2026-09-20 12:34:42
1753,RELIANCE,2731.63,1420,-8.33,TRIGGERED,2026-09-20 12:34:42
1754,TCS,5565.25,1968,35.08,TRIGGERED,2026-09-20 12:34:43
1755,TCS,5544.39,269,34.57,TRIGGERED,2026-09-20 12:34:43
1756,INFY,1903.12,833,4.57,NORMAL,2026-09-20 12:34:44
1757,TATAMOTORS,1014.45,710,3.52,NORMAL,2026-09-20 12:34:44
1758,TATAMOTORS,1010.48,991,3.11,NORMAL,2026-09-20 12:34:44
1759,LT,3224.41,1087,-10.93,TRIGGERED,2026-09-20 12:34:45
1760,HDFCBANK,1053.32,359,-36.16,TRIGGERED,2026-09-20 12:34:45
1761,INFY,1908.74,213,4.88,NORMAL,2026-09-20 12:34:46
1762,INFY,1909.33,1834,4.91,NORMAL,2026-09-20 12:34:46
1763,TCS,5239.45,940,27.17,TRIGGERED,2026-09-20 12:34:46
1764,TCS,5219.94,1341,26.7,TRIGGERED,2026-09-20 12:34:47
1765,BHARTIARTL,1510.25,1844,1.36,NORMAL,2026-09-20 12:34:47
1766,RELIANCE,2581.39,334,-13.38,TRIGGERED,2026-09-20 12:34:48
1767,HDFCBANK,1051.99,327,-36.24,TRIGGERED,2026-09-20 12:34:48
1768,INFY,1902.46,1987,4.53,NORMAL,2026-09-20 12:34:48
1769,BHARTIARTL,1504.27,598,0.96,NORMAL,2026-09-20 12:34:49
1770,ITC,454.51,750,-7.24,TRIGGERED,2026-09-20 12:34:49
1771,LT,3236.21,1817,-10.6,TRIGGERED,2026-09-20 12:34:50
1772,BHARTIARTL,1500.21,1865,0.69,NORMAL,2026-09-20 12:34:50
1773,RELIANCE,2580.9,736,-13.39,TRIGGERED,2026-09-20 12:34:50
1774,BHARTIARTL,1505.52,1433,1.04,NORMAL,2026-09-20 12:34:51
1775,LT,3242.03,1236,-10.44,TRIGGERED,2026-09-20 12:34:51
1776,ICICIBANK,1316.17,1534,8.77,TRIGGERED,2026-09-20 12:34:52
1777,BHARTIARTL,1508.13,864,1.22,NORMAL,2026-09-20 12:34:52
1778,INFY,1906.66,1359,4.76,NORMAL,2026-09-20 12:34:53
1779,ICICIBANK,1317.67,123,8.9,TRIGGERED,2026-09-20 12:34:53
1780,ITC,453.19,141,-7.51,TRIGGERED,2026-09-20 12:34:53
1781,ITC,454.3,992,-7.29,TRIGGERED,2026-09-20 12:34:54
1782,TATAMOTORS,954.9,1386,-2.56,NORMAL,2026-09-20 12:34:54
1783,TATAMOTORS,953.36,878,-2.72,NORMAL,2026-09-20 12:34:55
1784,HDFCBANK,1052.11,1264,-36.24,TRIGGERED,2026-09-20 12:34:55
1785,TCS,5235.74,484,27.08,TRIGGERED,2026-09-20 12:34:55
1786,ITC,452.52,1288,-7.65,TRIGGERED,2026-09-20 12:34:56
1787,TATAMOTORS,952.21,939,-2.84,NORMAL,2026-09-20 12:34:56
1788,TCS,4947.77,1719,20.09,TRIGGERED,2026-09-20 12:34:57
1789,HDFCBANK,1050.57,846,-36.33,TRIGGERED,2026-09-20 12:34:57
1790,HDFCBANK,1054.52,1432,-36.09,TRIGGERED,2026-09-20 12:34:57
1791,INFY,1909.87,1743,4.94,NORMAL,2026-09-20 12:34:58
1792,ICICIBANK,1317.94,511,8.92,TRIGGERED,2026-09-20 12:34:58
1793,BHARTIARTL,1504.82,256,0.99,NORMAL,2026-09-20 12:34:59
1794,TATAMOTORS,953.05,1599,-2.75,NORMAL,2026-09-20 12:34:59
1795,RELIANCE,2584.85,559,-13.26,TRIGGERED,2026-09-20 12:34:59
1796,HDFCBANK,1052.6,1440,-36.21,TRIGGERED,2026-09-20 12:35:00
1797,INFY,1910.49,685,4.97,NORMAL,2026-09-20 12:35:00
1798,TCS,4951.45,1058,20.18,TRIGGERED,2026-09-20 12:35:01
1799,TCS,5223.78,855,26.79,TRIGGERED,2026-09-20 12:35:01
1800,TCS,5205.58,1601,26.35,TRIGGERED,2026-09-20 12:35:01
1801,BHARTIARTL,1499.4,424,0.63,NORMAL,2026-09-20 12:35:02
1802,ITC,452.94,1907,-7.56,TRIGGERED,2026-09-20 12:35:02
1803,BHARTIARTL,1498.37,959,0.56,NORMAL,2026-09-20 12:35:03
1804,TATAMOTORS,949.46,1379,-3.12,NORMAL,2026-09-20 12:35:03
1805,SBIN,1036.29,1592,26.38,TRIGGERED,2026-09-20 12:35:03
1806,BHARTIARTL,1499.38,1868,0.63,NORMAL,2026-09-20 12:35:04
1807,HDFCBANK,1050.82,251,-36.31,TRIGGERED,2026-09-20 12:35:04
1808,HDFCBANK,1051.82,1261,-36.25,TRIGGERED,2026-09-20 12:35:05
1809,SBIN,1037.74,1251,26.55,TRIGGERED,2026-09-20 12:35:05
1810,INFY,1910.16,899,4.95,NORMAL,2026-09-20 12:35:05
1811,HDFCBANK,1048.59,384,-36.45,TRIGGERED,2026-09-20 12:35:06
1812,TCS,5187.97,1719,25.92,TRIGGERED,2026-09-20 12:35:06
1813,SBIN,1034.92,1843,26.21,TRIGGERED,2026-09-20 12:35:07
1814,SBIN,1037.57,54,26.53,TRIGGERED,2026-09-20 12:35:07
1815,TATAMOTORS,945.95,737,-3.47,NORMAL,2026-09-20 12:35:07
1816,TATAMOTORS,947.98,109,-3.27,NORMAL,2026-09-20 12:35:08
1817,ITC,452.12,1144,-7.73,TRIGGERED,2026-09-20 12:35:08
1818,ICICIBANK,1314.47,1302,8.63,TRIGGERED,2026-09-20 12:35:09
1819,HDFCBANK,1045.86,1483,-36.61,TRIGGERED,2026-09-20 12:35:09
1820,ICICIBANK,1317.17,1715,8.86,TRIGGERED,2026-09-20 12:35:09
1821,RELIANCE,2585.06,1932,-13.25,TRIGGERED,2026-09-20 12:35:10
1822,HDFCBANK,1045.77,1778,-36.62,TRIGGERED,2026-09-20 12:35:10
1823,SBIN,1041.19,1756,26.97,TRIGGERED,2026-09-20 12:35:11
1824,LT,3242.86,245,-10.42,TRIGGERED,2026-09-20 12:35:11
1825,ICICIBANK,1314.46,548,8.63,TRIGGERED,2026-09-20 12:35:11
1826,ICICIBANK,1309.22,582,8.2,TRIGGERED,2026-09-20 12:35:12
1827,RELIANCE,2590.45,166,-13.07,TRIGGERED,2026-09-20 12:35:12
1828,RELIANCE,2582.95,972,-13.32,TRIGGERED,2026-09-20 12:35:13
1829,HDFCBANK,1048.85,951,-36.43,TRIGGERED,2026-09-20 12:35:13
1830,TATAMOTORS,950.81,432,-2.98,NORMAL,2026-09-20 12:35:13
1831,ICICIBANK,1305.55,1026,7.9,TRIGGERED,2026-09-20 12:35:14
1832,LT,3242.61,183,-10.43,TRIGGERED,2026-09-20 12:35:14
1833,HDFCBANK,1044.88,1711,-36.67,TRIGGERED,2026-09-20 12:35:15
1834,RELIANCE,2585.73,1404,-13.23,TRIGGERED,2026-09-20 12:35:15
1835,TCS,5207.55,955,26.4,TRIGGERED,2026-09-20 12:35:15
1836,INFY,1908.87,1756,4.88,NORMAL,2026-09-20 12:35:16
1837,HDFCBANK,1048.04,1345,-36.48,TRIGGERED,2026-09-20 12:35:16
1838,RELIANCE,2594.41,288,-12.94,TRIGGERED,2026-09-20 12:35:17
1839,INFY,1909.02,1845,4.89,NORMAL,2026-09-20 12:35:17
1840,INFY,1905.04,1054,4.67,NORMAL,2026-09-20 12:35:17
1841,SBIN,1042.7,1446,27.16,TRIGGERED,2026-09-20 12:35:18
1842,ICICIBANK,1310.57,128,8.31,TRIGGERED,2026-09-20 12:35:18
1843,INFY,1905.3,1831,4.69,NORMAL,2026-09-20 12:35:19
1844,TATAMOTORS,952.16,1049,-2.84,NORMAL,2026-09-20 12:35:19
1845,INFY,1904.91,235,4.67,NORMAL,2026-09-20 12:35:19
1846,ITC,450.63,787,-8.03,TRIGGERED,2026-09-20 12:35:20
1847,BHARTIARTL,1502.42,1081,0.83,NORMAL,2026-09-20 12:35:20
1848,HDFCBANK,1051.11,1564,-36.3,TRIGGERED,2026-09-20 12:35:21
1849,INFY,1901.26,1080,4.46,NORMAL,2026-09-20 12:35:21
1850,LT,3247.13,373,-10.3,TRIGGERED,2026-09-20 12:35:21
1851,LT,3256.98,937,-10.03,TRIGGERED,2026-09-20 12:35:22
1852,ITC,451.15,1969,-7.93,TRIGGERED,2026-09-20 12:35:22
1853,BHARTIARTL,1507.71,615,1.19,NORMAL,2026-09-20 12:35:23
1854,ITC,450.58,1983,-8.04,TRIGGERED,2026-09-20 12:35:23
1855,SBIN,1044.2,1200,27.34,TRIGGERED,2026-09-20 12:35:23
1856,RELIANCE,2598.37,760,-12.81,TRIGGERED,2026-09-20 12:35:24
1857,TATAMOTORS,954.35,852,-2.62,NORMAL,2026-09-20 12:35:24
1858,INFY,1906.76,119,4.77,NORMAL,2026-09-20 12:35:25
1859,ICICIBANK,1306.76,246,8.0,TRIGGERED,2026-09-20 12:35:25
1860,RELIANCE,2606.44,416,-12.54,TRIGGERED,2026-09-20 12:35:25
1861,INFY,1902.98,1834,4.56,NORMAL,2026-09-20 12:35:26
1862,SBIN,1044.65,1547,27.4,TRIGGERED,2026-09-20 12:35:26
1863,ICICIBANK,1307.05,1423,8.02,TRIGGERED,2026-09-20 12:35:27
1864,SBIN,987.19,1050,20.39,TRIGGERED,2026-09-20 12:35:27
1865,TCS,5202.81,931,26.28,TRIGGERED,2026-09-20 12:35:27
1866,ITC,448.94,1717,-8.38,TRIGGERED,2026-09-20 12:35:28
1867,TATAMOTORS,957.12,61,-2.33,NORMAL,2026-09-20 12:35:28
1868,RELIANCE,2605.03,718,-12.58,TRIGGERED,2026-09-20 12:35:29
1869,HDFCBANK,1051.66,463,-36.26,TRIGGERED,2026-09-20 12:35:29
1870,HDFCBANK,1051.24,1078,-36.29,TRIGGERED,2026-09-20 12:35:29
1871,HDFCBANK,1049.43,1169,-36.4,TRIGGERED,2026-09-20 12:35:30
1872,HDFCBANK,1046.8,1265,-36.56,TRIGGERED,2026-09-20 12:35:30
1873,ITC,448.66,1788,-8.44,TRIGGERED,2026-09-20 12:35:31
1874,ITC,473.34,1558,-3.4,NORMAL,2026-09-20 12:35:31
1875,LT,3264.95,122,-9.81,TRIGGERED,2026-09-20 12:35:31
1876,TCS,5197.24,952,26.15,TRIGGERED,2026-09-20 12:35:32
1877,RELIANCE,2597.39,1072,-12.84,TRIGGERED,2026-09-20 12:35:32
1878,RELIANCE,2589.7,439,-13.1,TRIGGERED,2026-09-20 12:35:33
1879,BHARTIARTL,1501.91,1727,0.8,NORMAL,2026-09-20 12:35:33
1880,ICICIBANK,1302.98,1507,7.68,TRIGGERED,2026-09-20 12:35:33
1881,SBIN,990.16,856,20.75,TRIGGERED,2026-09-20 12:35:34
1882,INFY,1896.56,1644,4.21,NORMAL,2026-09-20 12:35:34
1883,SBIN,993.92,921,21.21,TRIGGERED,2026-09-20 12:35:35
1884,ITC,473.13,1078,-3.44,NORMAL,2026-09-20 12:35:35
1885,SBIN,991.63,1297,20.93,TRIGGERED,2026-09-20 12:35:35
1886,TCS,5186.06,1468,25.88,TRIGGERED,2026-09-20 12:35:36
1887,TATAMOTORS,957.2,1478,-2.33,NORMAL,2026-09-20 12:35:36
1888,RELIANCE,2580.02,32,-13.42,TRIGGERED,2026-09-20 12:35:37
1889,ICICIBANK,1307.87,1534,8.09,TRIGGERED,2026-09-20 12:35:37
1890,HDFCBANK,1043.58,504,-36.75,TRIGGERED,2026-09-20 12:35:37
1891,TCS,5177.39,1904,25.66,TRIGGERED,2026-09-20 12:35:38
1892,ITC,474.81,330,-3.1,NORMAL,2026-09-20 12:35:38
1893,TCS,5183.43,680,25.81,TRIGGERED,2026-09-20 12:35:39
1894,HDFCBANK,1039.46,487,-37.0,TRIGGERED,2026-09-20 12:35:39
1895,RELIANCE,2575.36,877,-13.58,TRIGGERED,2026-09-20 12:35:39
1896,SBIN,989.97,1255,20.73,TRIGGERED,2026-09-20 12:35:40
1897,INFY,2000.87,747,9.94,TRIGGERED,2026-09-20 12:35:40
1898,INFY,1998.82,1525,9.83,TRIGGERED,2026-09-20 12:35:41
1899,ICICIBANK,1379.8,390,14.03,TRIGGERED,2026-09-20 12:35:41
1900,RELIANCE,2565.39,959,-13.91,TRIGGERED,2026-09-20 12:35:41
1901,ITC,474.65,1375,-3.13,NORMAL,2026-09-20 12:35:42
1902,TCS,4898.34,44,18.89,TRIGGERED,2026-09-20 12:35:42
1903,TATAMOTORS,956.25,868,-2.42,NORMAL,2026-09-20 12:35:43
1904,TCS,4911.65,478,19.21,TRIGGERED,2026-09-20 12:35:43
1905,BHARTIARTL,1497.93,930,0.53,NORMAL,2026-09-20 12:35:44
1906,SBIN,992.14,1387,20.99,TRIGGERED,2026-09-20 12:35:44
1907,INFY,1992.18,595,9.46,TRIGGERED,2026-09-20 12:35:44
1908,TATAMOTORS,953.43,452,-2.71,NORMAL,2026-09-20 12:35:45
1909,ICICIBANK,1380.85,761,14.12,TRIGGERED,2026-09-20 12:35:45
1910,ICICIBANK,1382.66,98,14.27,TRIGGERED,2026-09-20 12:35:46
1911,ITC,473.77,1383,-3.31,NORMAL,2026-09-20 12:35:46
1912,ICICIBANK,1380.74,1751,14.11,TRIGGERED,2026-09-20 12:35:46
1913,HDFCBANK,1035.52,1298,-37.24,TRIGGERED,2026-09-20 12:35:47
1914,RELIANCE,2575.52,1821,-13.57,TRIGGERED,2026-09-20 12:35:47
1915,ICICIBANK,1382.11,1754,14.22,TRIGGERED,2026-09-20 12:35:48
1916,ITC,472.32,1125,-3.61,NORMAL,2026-09-20 12:35:48
1917,SBIN,989.73,1505,20.7,TRIGGERED,2026-09-20 12:35:48
1918,HDFCBANK,1032.44,1551,-37.43,TRIGGERED,2026-09-20 12:35:49
1919,TCS,4913.49,1139,19.26,TRIGGERED,2026-09-20 12:35:49
1920,INFY,1999.15,1744,9.84,TRIGGERED,2026-09-20 12:35:50
1921,HDFCBANK,1031.76,1663,-37.47,TRIGGERED,2026-09-20 12:35:50
1922,RELIANCE,2581.98,1913,-13.36,TRIGGERED,2026-09-20 12:35:50
1923,SBIN,992.45,798,21.03,TRIGGERED,2026-09-20 12:35:51
1924,BHARTIARTL,1497.4,402,0.5,NORMAL,2026-09-20 12:35:51
1925,ITC,474.09,293,-3.25,NORMAL,2026-09-20 12:35:52
1926,TCS,5183.73,315,25.82,TRIGGERED,2026-09-20 12:35:52
1927,ITC,473.5,1252,-3.37,NORMAL,2026-09-20 12:35:52
1928,TCS,4898.62,1839,18.9,TRIGGERED,2026-09-20 12:35:53
1929,RELIANCE,2723.99,1424,-8.59,TRIGGERED,2026-09-20 12:35:53
1930,ICICIBANK,1306.09,1738,7.94,TRIGGERED,2026-09-20 12:35:54
1931,ICICIBANK,1305.46,95,7.89,TRIGGERED,2026-09-20 12:35:54
1932,BHARTIARTL,1497.69,660,0.52,NORMAL,2026-09-20 12:35:54
1933,BHARTIARTL,1500.63,1690,0.71,NORMAL,2026-09-20 12:35:55
1934,LT,3275.88,1618,-9.51,TRIGGERED,2026-09-20 12:35:55
1935,TATAMOTORS,952.7,1807,-2.79,NORMAL,2026-09-20 12:35:56
1936,SBIN,937.87,969,14.37,TRIGGERED,2026-09-20 12:35:56
1937,ITC,472.92,556,-3.49,NORMAL,2026-09-20 12:35:56
1938,TATAMOTORS,953.44,673,-2.71,NORMAL,2026-09-20 12:35:57
1939,LT,3286.29,443,-9.22,TRIGGERED,2026-09-20 12:35:57
1940,TATAMOTORS,1005.88,1436,2.64,NORMAL,2026-09-20 12:35:58
1941,HDFCBANK,1030.9,1976,-37.52,TRIGGERED,2026-09-20 12:35:58
1942,RELIANCE,2715.28,1575,-8.88,TRIGGERED,2026-09-20 12:35:58
1943,TATAMOTORS,1004.3,835,2.48,NORMAL,2026-09-20 12:35:59
1944,TCS,4879.73,1136,18.44,TRIGGERED,2026-09-20 12:35:59
1945,TATAMOTORS,1002.92,1567,2.34,NORMAL,2026-09-20 12:36:00
1946,TCS,4876.45,50,18.36,TRIGGERED,2026-09-20 12:36:00
1947,ITC,471.66,1168,-3.74,NORMAL,2026-09-20 12:36:00
1948,ICICIBANK,1302.28,576,7.63,TRIGGERED,2026-09-20 12:36:01
1949,HDFCBANK,1031.7,1402,-37.47,TRIGGERED,2026-09-20 12:36:01
1950,TATAMOTORS,999.09,871,1.95,NORMAL,2026-09-20 12:36:02
1951,INFY,1991.88,664,9.44,TRIGGERED,2026-09-20 12:36:02
1952,RELIANCE,2864.62,476,-3.87,NORMAL,2026-09-20 12:36:02
1953,ICICIBANK,1300.93,866,7.51,TRIGGERED,2026-09-20 12:36:03
1954,BHARTIARTL,1506.46,497,1.1,NORMAL,2026-09-20 12:36:03
1955,SBIN,940.77,1307,14.73,TRIGGERED,2026-09-20 12:36:04
1956,INFY,1996.32,489,9.69,TRIGGERED,2026-09-20 12:36:04
1957,TATAMOTORS,1002.01,360,2.25,NORMAL,2026-09-20 12:36:04
1958,TCS,4872.18,1121,18.26,TRIGGERED,2026-09-20 12:36:05
1959,BHARTIARTL,1423.6,588,-4.46,NORMAL,2026-09-20 12:36:05
1960,BHARTIARTL,1429.03,1752,-4.09,NORMAL,2026-09-20 12:36:06
1961,HDFCBANK,1028.62,966,-37.66,TRIGGERED,2026-09-20 12:36:06
1962,RELIANCE,2861.1,813,-3.99,NORMAL,2026-09-20 12:36:06
1963,RELIANCE,2867.27,1441,-3.78,NORMAL,2026-09-20 12:36:07
1964,LT,3280.47,1243,-9.38,TRIGGERED,2026-09-20 12:36:07
1965,HDFCBANK,1032.4,1232,-37.43,TRIGGERED,2026-09-20 12:36:08
1966,ITC,471.48,1119,-3.78,NORMAL,2026-09-20 12:36:08
1967,TATAMOTORS,998.7,289,1.91,NORMAL,2026-09-20 12:36:08
1968,LT,3274.87,1845,-9.53,TRIGGERED,2026-09-20 12:36:09
1969,BHARTIARTL,1429.11,821,-4.09,NORMAL,2026-09-20 12:36:09
1970,TATAMOTORS,999.27,281,1.97,NORMAL,2026-09-20 12:36:10
1971,TCS,4867.59,562,18.15,TRIGGERED,2026-09-20 12:36:10
1972,SBIN,943.7,996,15.09,TRIGGERED,2026-09-20 12:36:10
1973,INFY,1998.93,1128,9.83,TRIGGERED,2026-09-20 12:36:11
1974,ITC,473.09,627,-3.45,NORMAL,2026-09-20 12:36:11
1975,ICICIBANK,1304.23,1583,7.79,TRIGGERED,2026-09-20 12:36:12
1976,LT,3265.6,268,-9.79,TRIGGERED,2026-09-20 12:36:12
1977,HDFCBANK,1032.15,1713,-37.45,TRIGGERED,2026-09-20 12:36:12
1978,RELIANCE,2874.75,649,-3.53,NORMAL,2026-09-20 12:36:13
1979,ITC,472.0,1198,-3.67,NORMAL,2026-09-20 12:36:13
1980,BHARTIARTL,1429.61,632,-4.05,NORMAL,2026-09-20 12:36:14
1981,TATAMOTORS,1002.09,132,2.25,NORMAL,2026-09-20 12:36:14
1982,ICICIBANK,1301.59,470,7.57,TRIGGERED,2026-09-20 12:36:14
1983,ITC,472.89,1438,-3.49,NORMAL,2026-09-20 12:36:15
1984,TATAMOTORS,1005.49,515,2.6,NORMAL,2026-09-20 12:36:15
1985,HDFCBANK,1032.83,1472,-37.4,TRIGGERED,2026-09-20 12:36:16
1986,INFY,2006.91,916,10.27,TRIGGERED,2026-09-20 12:36:16
1987,LT,3258.6,1304,-9.98,TRIGGERED,2026-09-20 12:36:17
1988,TCS,4855.13,816,17.84,TRIGGERED,2026-09-20 12:36:17
1989,ICICIBANK,1300.67,1450,7.49,TRIGGERED,2026-09-20 12:36:17
1990,HDFCBANK,1035.33,1595,-37.25,TRIGGERED,2026-09-20 12:36:18
1991,HDFCBANK,1035.33,1889,-37.25,TRIGGERED,2026-09-20 12:36:18
1992,RELIANCE,2716.64,827,-8.84,TRIGGERED,2026-09-20 12:36:19
1993,ITC,472.78,1279,-3.51,NORMAL,2026-09-20 12:36:19
1994,ICICIBANK,1297.35,1458,7.22,TRIGGERED,2026-09-20 12:36:19
1995,LT,3245.91,474,-10.33,TRIGGERED,2026-09-20 12:36:20
1996,BHARTIARTL,1424.43,1377,-4.4,NORMAL,2026-09-20 12:36:20
1997,SBIN,942.28,452,14.91,TRIGGERED,2026-09-20 12:36:21
1998,BHARTIARTL,1423.19,1908,-4.48,NORMAL,2026-09-20 12:36:21
1999,INFY,2010.15,853,10.45,TRIGGERED,2026-09-20 12:36:21
2000,SBIN,994.11,196,21.23,TRIGGERED,2026-09-20 12:36:22
2001,BHARTIARTL,1424.83,232,-4.37,NORMAL,2026-09-20 12:36:22
2002,RELIANCE,2726.43,1143,-8.51,TRIGGERED,2026-09-20 12:36:23
2003,HDFCBANK,1092.27,1640,-33.8,TRIGGERED,2026-09-20 12:36:23
2004,TCS,4863.0,1570,18.03,TRIGGERED,2026-09-20 12:36:23
2005,RELIANCE,2731.03,1241,-8.35,TRIGGERED,2026-09-20 12:36:24
2006,ICICIBANK,1298.22,917,7.29,TRIGGERED,2026-09-20 12:36:24
2007,LT,3241.08,1109,-10.47,TRIGGERED,2026-09-20 12:36:25
2008,BHARTIARTL,1346.46,1879,-9.63,TRIGGERED,2026-09-20 12:36:25
2009,LT,3229.95,497,-10.77,TRIGGERED,2026-09-20 12:36:25
2010,LT,3236.22,1850,-10.6,TRIGGERED,2026-09-20 12:36:26
2011,RELIANCE,2740.35,179,-8.04,TRIGGERED,2026-09-20 12:36:26
2012,INFY,2014.84,1054,10.71,TRIGGERED,2026-09-20 12:36:27
2013,LT,3414.21,458,-5.68,TRIGGERED,2026-09-20 12:36:27
2014,SBIN,995.4,802,21.39,TRIGGERED,2026-09-20 12:36:27
2015,SBIN,996.93,296,21.58,TRIGGERED,2026-09-20 12:36:28
2016,TATAMOTORS,1002.33,1259,2.28,NORMAL,2026-09-20 12:36:28
2017,TATAMOTORS,947.2,340,-3.35,NORMAL,2026-09-20 12:36:29
2018,LT,3427.08,1703,-5.33,TRIGGERED,2026-09-20 12:36:29
2019,TATAMOTORS,948.48,1282,-3.22,NORMAL,2026-09-20 12:36:29
2020,SBIN,996.13,369,21.48,TRIGGERED,2026-09-20 12:36:30
2021,ICICIBANK,1303.0,482,7.69,TRIGGERED,2026-09-20 12:36:30
2022,HDFCBANK,1094.62,1709,-33.66,TRIGGERED,2026-09-20 12:36:31
2023,BHARTIARTL,1342.93,1692,-9.87,TRIGGERED,2026-09-20 12:36:31
2024,SBIN,998.4,264,21.76,TRIGGERED,2026-09-20 12:36:31
2025,LT,3435.51,224,-5.1,TRIGGERED,2026-09-20 12:36:32
2026,INFY,2009.41,1875,10.41,TRIGGERED,2026-09-20 12:36:32
2027,INFY,2005.81,398,10.21,TRIGGERED,2026-09-20 12:36:33
2028,ICICIBANK,1304.77,931,7.83,TRIGGERED,2026-09-20 12:36:33
2029,ITC,471.65,488,-3.74,NORMAL,2026-09-20 12:36:33
2030,LT,3447.42,1968,-4.77,NORMAL,2026-09-20 12:36:34
2031,RELIANCE,2731.62,347,-8.33,TRIGGERED,2026-09-20 12:36:34
2032,RELIANCE,2734.67,30,-8.23,TRIGGERED,2026-09-20 12:36:35
2033,SBIN,1000.63,1112,22.03,TRIGGERED,2026-09-20 12:36:35
2034,HDFCBANK,1092.61,1851,-33.78,TRIGGERED,2026-09-20 12:36:35
2035,ITC,497.59,1589,1.55,NORMAL,2026-09-20 12:36:36
2036,ICICIBANK,1304.5,1999,7.81,TRIGGERED,2026-09-20 12:36:36
2037,SBIN,1055.66,391,28.74,TRIGGERED,2026-09-20 12:36:37
2038,LT,3452.61,1129,-4.62,NORMAL,2026-09-20 12:36:37
2039,INFY,2006.4,903,10.24,TRIGGERED,2026-09-20 12:36:37
2040,TATAMOTORS,948.44,1674,-3.22,NORMAL,2026-09-20 12:36:38
2041,LT,3448.92,1814,-4.73,NORMAL,2026-09-20 12:36:38
2042,TCS,4868.67,158,18.17,TRIGGERED,2026-09-20 12:36:39
2043,TATAMOTORS,945.58,788,-3.51,NORMAL,2026-09-20 12:36:39
2044,LT,3451.64,265,-4.65,NORMAL,2026-09-20 12:36:39
2045,TATAMOTORS,948.65,1759,-3.2,NORMAL,2026-09-20 12:36:40
2046,SBIN,1058.22,172,29.05,TRIGGERED,2026-09-20 12:36:40
2047,SBIN,1058.02,438,29.03,TRIGGERED,2026-09-20 12:36:41
2048,ITC,496.4,437,1.31,NORMAL,2026-09-20 12:36:41
2049,TATAMOTORS,946.56,795,-3.41,NORMAL,2026-09-20 12:36:41
2050,LT,3449.53,1209,-4.71,NORMAL,2026-09-20 12:36:42
2051,TCS,4856.63,232,17.88,TRIGGERED,2026-09-20 12:36:42
2052,BHARTIARTL,1340.28,1608,-10.05,TRIGGERED,2026-09-20 12:36:43
2053,BHARTIARTL,1343.48,221,-9.83,TRIGGERED,2026-09-20 12:36:43
2054,ICICIBANK,1299.66,1589,7.41,TRIGGERED,2026-09-20 12:36:43
2055,ICICIBANK,1302.99,241,7.69,TRIGGERED,2026-09-20 12:36:44
2056,TCS,4871.53,1786,18.24,TRIGGERED,2026-09-20 12:36:44
2057,LT,3639.25,882,0.53,NORMAL,2026-09-20 12:36:45
2058,ITC,496.92,815,1.41,NORMAL,2026-09-20 12:36:45
2059,TCS,4854.48,1486,17.83,TRIGGERED,2026-09-20 12:36:45
2060,ICICIBANK,1306.78,1546,8.0,TRIGGERED,2026-09-20 12:36:46
2061,ICICIBANK,1378.65,1729,13.94,TRIGGERED,2026-09-20 12:36:46
2062,RELIANCE,2885.08,1974,-3.19,NORMAL,2026-09-20 12:36:47
2063,ITC,496.35,297,1.3,NORMAL,2026-09-20 12:36:47
2064,TCS,4868.94,1540,18.18,TRIGGERED,2026-09-20 12:36:47
2065,TCS,4874.13,74,18.3,TRIGGERED,2026-09-20 12:36:48
2066,RELIANCE,2876.03,682,-3.49,NORMAL,2026-09-20 12:36:48
2067,ITC,496.86,132,1.4,NORMAL,2026-09-20 12:36:49
2068,HDFCBANK,1094.31,1150,-33.68,TRIGGERED,2026-09-20 12:36:49
2069,SBIN,1058.48,753,29.08,TRIGGERED,2026-09-20 12:36:49
2070,RELIANCE,2874.99,1446,-3.52,NORMAL,2026-09-20 12:36:50
2071,RELIANCE,2880.72,856,-3.33,NORMAL,2026-09-20 12:36:50
2072,RELIANCE,2889.76,1751,-3.03,NORMAL,2026-09-20 12:36:51
2073,ITC,495.87,1778,1.2,NORMAL,2026-09-20 12:36:51
2074,HDFCBANK,1090.13,277,-33.93,TRIGGERED,2026-09-20 12:36:51
2075,ICICIBANK,1379.28,1803,13.99,TRIGGERED,2026-09-20 12:36:52
2076,SBIN,1061.19,571,29.41,TRIGGERED,2026-09-20 12:36:52
2077,ITC,496.16,847,1.26,NORMAL,2026-09-20 12:36:53
2078,BHARTIARTL,1348.7,468,-9.48,TRIGGERED,2026-09-20 12:36:53
2079,TCS,5142.21,558,24.81,TRIGGERED,2026-09-20 12:36:53
2080,HDFCBANK,1093.98,215,-33.7,TRIGGERED,2026-09-20 12:36:54
2081,TCS,5122.22,603,24.33,TRIGGERED,2026-09-20 12:36:54
2082,SBIN,1061.66,1558,29.47,TRIGGERED,2026-09-20 12:36:55
2083,RELIANCE,2898.48,971,-2.74,NORMAL,2026-09-20 12:36:55
2084,SBIN,1060.05,867,29.27,TRIGGERED,2026-09-20 12:36:55
2085,SBIN,1061.34,195,29.43,TRIGGERED,2026-09-20 12:36:56
2086,ITC,497.88,1670,1.61,NORMAL,2026-09-20 12:36:56
2087,RELIANCE,2894.65,603,-2.86,NORMAL,2026-09-20 12:36:57
2088,LT,3634.0,180,0.39,NORMAL,2026-09-20 12:36:57
2089,INFY,2006.62,679,10.25,TRIGGERED,2026-09-20 12:36:57
2090,LT,3645.41,1073,0.7,NORMAL,2026-09-20 12:36:58
2091,INFY,2011.05,1957,10.5,TRIGGERED,2026-09-20 12:36:58
2092,LT,3632.51,1605,0.35,NORMAL,2026-09-20 12:36:59
2093,LT,3640.25,1412,0.56,NORMAL,2026-09-20 12:36:59
2094,INFY,2003.15,112,10.06,TRIGGERED,2026-09-20 12:37:00
2095,SBIN,1060.91,586,29.38,TRIGGERED,2026-09-20 12:37:00
2096,HDFCBANK,1092.56,1258,-33.78,TRIGGERED,2026-09-20 12:37:00
2097,ITC,496.74,106,1.38,NORMAL,2026-09-20 12:37:01
2098,ITC,497.95,933,1.62,NORMAL,2026-09-20 12:37:01
2099,TATAMOTORS,947.2,1345,-3.35,NORMAL,2026-09-20 12:37:02
2100,SBIN,1061.42,815,29.44,TRIGGERED,2026-09-20 12:37:02
2101,TCS,5142.26,1412,24.81,TRIGGERED,2026-09-20 12:37:02
2102,BHARTIARTL,1347.66,195,-9.55,TRIGGERED,2026-09-20 12:37:03
2103,HDFCBANK,1095.46,833,-33.61,TRIGGERED,2026-09-20 12:37:03
2104,RELIANCE,3053.86,237,2.48,NORMAL,2026-09-20 12:37:04
2105,ICICIBANK,1382.74,277,14.28,TRIGGERED,2026-09-20 12:37:04
2106,HDFCBANK,1093.9,1445,-33.7,TRIGGERED,2026-09-20 12:37:04
2107,TATAMOTORS,943.99,1338,-3.67,NORMAL,2026-09-20 12:37:05
2108,INFY,2009.62,1853,10.42,TRIGGERED,2026-09-20 12:37:05
2109,INFY,2007.13,608,10.28,TRIGGERED,2026-09-20 12:37:06
2110,LT,3644.79,1077,0.68,NORMAL,2026-09-20 12:37:06
2111,ICICIBANK,1386.01,835,14.55,TRIGGERED,2026-09-20 12:37:06
2112,HDFCBANK,1096.02,1107,-33.57,TRIGGERED,2026-09-20 12:37:07
2113,INFY,2014.88,1065,10.71,TRIGGERED,2026-09-20 12:37:07
2114,HDFCBANK,1099.91,306,-33.34,TRIGGERED,2026-09-20 12:37:08
2115,ITC,499.38,48,1.91,NORMAL,2026-09-20 12:37:08
2116,ICICIBANK,1383.34,1191,14.33,TRIGGERED,2026-09-20 12:37:08
2117,HDFCBANK,1100.0,992,-33.33,TRIGGERED,2026-09-20 12:37:09
2118,INFY,2022.47,1330,11.12,TRIGGERED,2026-09-20 12:37:09
2119,INFY,1911.23,1322,5.01,TRIGGERED,2026-09-20 12:37:10
2120,HDFCBANK,1104.15,1348,-33.08,TRIGGERED,2026-09-20 12:37:10
2121,TCS,5156.39,681,25.16,TRIGGERED,2026-09-20 12:37:10
2122,LT,3659.27,434,1.08,NORMAL,2026-09-20 12:37:11
2123,ICICIBANK,1385.64,1149,14.52,TRIGGERED,2026-09-20 12:37:11
2124,LT,3660.74,966,1.13,NORMAL,2026-09-20 12:37:12
2125,LT,3649.62,1228,0.82,NORMAL,2026-09-20 12:37:12
2126,TATAMOTORS,945.59,315,-3.51,NORMAL,2026-09-20 12:37:12
2127,TCS,5155.99,737,25.15,TRIGGERED,2026-09-20 12:37:13
2128,ITC,471.91,1643,-3.69,NORMAL,2026-09-20 12:37:13
2129,SBIN,1063.45,450,29.69,TRIGGERED,2026-09-20 12:37:14
2130,SBIN,1067.49,1514,30.18,TRIGGERED,2026-09-20 12:37:14
2131,TATAMOTORS,946.02,760,-3.47,NORMAL,2026-09-20 12:37:14
2132,TCS,5172.74,1137,25.55,TRIGGERED,2026-09-20 12:37:15
2133,TCS,5162.22,1943,25.3,TRIGGERED,2026-09-20 12:37:15
2134,LT,3657.1,1006,1.02,NORMAL,2026-09-20 12:37:16
2135,ITC,471.26,1488,-3.82,NORMAL,2026-09-20 12:37:16
2136,BHARTIARTL,1342.46,828,-9.9,TRIGGERED,2026-09-20 12:37:16
2137,BHARTIARTL,1346.09,1274,-9.66,TRIGGERED,2026-09-20 12:37:17
2138,RELIANCE,3065.77,1404,2.88,NORMAL,2026-09-20 12:37:17
2139,INFY,1915.68,176,5.26,TRIGGERED,2026-09-20 12:37:18
2140,LT,3648.99,157,0.8,NORMAL,2026-09-20 12:37:18
2141,TCS,5150.32,1376,25.01,TRIGGERED,2026-09-20 12:37:18
2142,TATAMOTORS,943.34,64,-3.74,NORMAL,2026-09-20 12:37:19
2143,BHARTIARTL,1349.04,454,-9.46,TRIGGERED,2026-09-20 12:37:19
2144,INFY,1921.57,493,5.58,TRIGGERED,2026-09-20 12:37:20
2145,LT,3656.36,308,1.0,NORMAL,2026-09-20 12:37:20
2146,TATAMOTORS,945.66,165,-3.5,NORMAL,2026-09-20 12:37:20
2147,TCS,5134.07,1374,24.61,TRIGGERED,2026-09-20 12:37:21
2148,SBIN,1065.41,400,29.93,TRIGGERED,2026-09-20 12:37:21
2149,RELIANCE,3057.98,1506,2.62,NORMAL,2026-09-20 12:37:22
2150,BHARTIARTL,1347.76,492,-9.55,TRIGGERED,2026-09-20 12:37:22
2151,BHARTIARTL,1349.76,1590,-9.41,TRIGGERED,2026-09-20 12:37:22
2152,ITC,469.7,1053,-4.14,NORMAL,2026-09-20 12:37:23
2153,HDFCBANK,1106.05,495,-32.97,TRIGGERED,2026-09-20 12:37:23
2154,TATAMOTORS,947.65,1325,-3.3,NORMAL,2026-09-20 12:37:24
2155,SBIN,1064.14,1985,29.77,TRIGGERED,2026-09-20 12:37:24
2156,TCS,5132.62,152,24.58,TRIGGERED,2026-09-20 12:37:24
2157,HDFCBANK,1109.31,589,-32.77,TRIGGERED,2026-09-20 12:37:25
2158,RELIANCE,3226.17,1343,8.26,TRIGGERED,2026-09-20 12:37:25
2159,TATAMOTORS,949.19,687,-3.14,NORMAL,2026-09-20 12:37:26
2160,BHARTIARTL,1275.52,820,-14.39,TRIGGERED,2026-09-20 12:37:26
2161,TATAMOTORS,1001.4,155,2.18,NORMAL,2026-09-20 12:37:26
2162,BHARTIARTL,1274.71,1788,-14.45,TRIGGERED,2026-09-20 12:37:27
2163,RELIANCE,3218.25,962,7.99,TRIGGERED,2026-09-20 12:37:27
2164,TATAMOTORS,1005.12,793,2.56,NORMAL,2026-09-20 12:37:28
2165,RELIANCE,3219.17,70,8.03,TRIGGERED,2026-09-20 12:37:28
2166,ITC,495.53,1605,1.13,NORMAL,2026-09-20 12:37:28
2167,ICICIBANK,1382.61,1636,14.27,TRIGGERED,2026-09-20 12:37:29
2168,ITC,496.93,828,1.41,NORMAL,2026-09-20 12:37:29
2169,SBIN,1059.97,94,29.26,TRIGGERED,2026-09-20 12:37:30
2170,RELIANCE,3213.76,1203,7.84,TRIGGERED,2026-09-20 12:37:30
2171,SBIN,1057.03,1085,28.91,TRIGGERED,2026-09-20 12:37:30
2172,RELIANCE,3214.79,60,7.88,TRIGGERED,2026-09-20 12:37:31
2173,HDFCBANK,1105.03,1178,-33.03,TRIGGERED,2026-09-20 12:37:31
2174,TATAMOTORS,1006.87,848,2.74,NORMAL,2026-09-20 12:37:32
2175,RELIANCE,3213.16,725,7.82,TRIGGERED,2026-09-20 12:37:32
2176,ITC,498.11,360,1.66,NORMAL,2026-09-20 12:37:32
2177,RELIANCE,3214.69,673,7.88,TRIGGERED,2026-09-20 12:37:33
2178,ICICIBANK,1377.8,407,13.87,TRIGGERED,2026-09-20 12:37:33
2179,TATAMOTORS,1004.96,614,2.55,NORMAL,2026-09-20 12:37:34
2180,RELIANCE,3208.59,341,7.67,TRIGGERED,2026-09-20 12:37:34
2181,ITC,500.01,828,2.04,NORMAL,2026-09-20 12:37:34
2182,ITC,498.12,1316,1.66,NORMAL,2026-09-20 12:37:35
2183,HDFCBANK,1101.51,339,-33.24,TRIGGERED,2026-09-20 12:37:35
2184,RELIANCE,3215.27,1907,7.89,TRIGGERED,2026-09-20 12:37:36
2185,ITC,498.01,1656,1.63,NORMAL,2026-09-20 12:37:36
2186,LT,3642.7,1337,0.63,NORMAL,2026-09-20 12:37:36
2187,RELIANCE,3223.68,1897,8.18,TRIGGERED,2026-09-20 12:37:37
2188,TCS,5144.35,251,24.86,TRIGGERED,2026-09-20 12:37:37
2189,SBIN,1055.24,1418,28.69,TRIGGERED,2026-09-20 12:37:38
2190,TATAMOTORS,1008.3,1216,2.89,NORMAL,2026-09-20 12:37:38
2191,BHARTIARTL,1270.12,446,-14.76,TRIGGERED,2026-09-20 12:37:38
2192,TATAMOTORS,1008.47,445,2.91,NORMAL,2026-09-20 12:37:39
2193,TCS,5151.14,1879,25.03,TRIGGERED,2026-09-20 12:37:39
2194,LT,3641.94,153,0.61,NORMAL,2026-09-20 12:37:40
2195,TCS,5154.28,562,25.1,TRIGGERED,2026-09-20 12:37:40
2196,LT,3631.08,351,0.31,NORMAL,2026-09-20 12:37:40
2197,RELIANCE,3213.24,1641,7.83,TRIGGERED,2026-09-20 12:37:41
2198,HDFCBANK,1098.77,533,-33.41,TRIGGERED,2026-09-20 12:37:41
2199,INFY,1928.75,656,5.98,TRIGGERED,2026-09-20 12:37:42
2200,LT,3617.5,1759,-0.07,NORMAL,2026-09-20 12:37:42
2201,TATAMOTORS,1011.91,1302,3.26,NORMAL,2026-09-20 12:37:42
2202,LT,3615.56,46,-0.12,NORMAL,2026-09-20 12:37:43
2203,ITC,499.75,843,1.99,NORMAL,2026-09-20 12:37:43
2204,HDFCBANK,1038.34,509,-37.07,TRIGGERED,2026-09-20 12:37:44
2205,ICICIBANK,1382.21,494,14.23,TRIGGERED,2026-09-20 12:37:44
2206,TCS,5165.06,1542,25.37,TRIGGERED,2026-09-20 12:37:44
2207,TCS,5147.2,1855,24.93,TRIGGERED,2026-09-20 12:37:45
2208,ICICIBANK,1379.37,710,14.0,TRIGGERED,2026-09-20 12:37:45
2209,TCS,5160.12,1399,25.25,TRIGGERED,2026-09-20 12:37:46
2210,INFY,1930.72,938,6.08,TRIGGERED,2026-09-20 12:37:46
2211,BHARTIARTL,1269.42,1163,-14.8,TRIGGERED,2026-09-20 12:37:47
2212,TCS,5443.93,1690,32.13,TRIGGERED,2026-09-20 12:37:47
2213,LT,3615.51,382,-0.12,NORMAL,2026-09-20 12:37:47
2214,SBIN,997.2,330,21.61,TRIGGERED,2026-09-20 12:37:48
2215,LT,3602.62,1146,-0.48,NORMAL,2026-09-20 12:37:48
2216,ITC,499.8,462,2.0,NORMAL,2026-09-20 12:37:49
2217,HDFCBANK,1037.78,101,-37.1,TRIGGERED,2026-09-20 12:37:49
2218,ITC,501.58,1191,2.36,NORMAL,2026-09-20 12:37:49
2219,ICICIBANK,1375.56,455,13.68,TRIGGERED,2026-09-20 12:37:50
2220,RELIANCE,3218.34,995,8.0,TRIGGERED,2026-09-20 12:37:50
2221,INFY,1931.64,1062,6.13,TRIGGERED,2026-09-20 12:37:51
2222,RELIANCE,3229.19,1438,8.36,TRIGGERED,2026-09-20 12:37:51
2223,SBIN,1052.05,1310,28.3,TRIGGERED,2026-09-20 12:37:51
2224,ICICIBANK,1380.62,1316,14.1,TRIGGERED,2026-09-20 12:37:52
2225,SBIN,1051.19,1207,28.19,TRIGGERED,2026-09-20 12:37:52
2226,ICICIBANK,1380.55,1301,14.1,TRIGGERED,2026-09-20 12:37:53
2227,BHARTIARTL,1272.98,1285,-14.57,TRIGGERED,2026-09-20 12:37:53
2228,TATAMOTORS,1015.02,1102,3.57,NORMAL,2026-09-20 12:37:53
2229,INFY,1825.4,827,0.3,NORMAL,2026-09-20 12:37:54
2230,INFY,1823.14,261,0.17,NORMAL,2026-09-20 12:37:54
2231,TATAMOTORS,1016.59,414,3.73,NORMAL,2026-09-20 12:37:55
2232,SBIN,1047.87,1644,27.79,TRIGGERED,2026-09-20 12:37:55
2233,ICICIBANK,1375.98,1300,13.72,TRIGGERED,2026-09-20 12:37:55
2234,LT,3612.48,379,-0.21,NORMAL,2026-09-20 12:37:56
2235,HDFCBANK,1041.61,1974,-36.87,TRIGGERED,2026-09-20 12:37:56
2236,SBIN,1045.07,596,27.45,TRIGGERED,2026-09-20 12:37:57
2237,HDFCBANK,1039.09,182,-37.02,TRIGGERED,2026-09-20 12:37:57
2238,ICICIBANK,1379.03,988,13.97,TRIGGERED,2026-09-20 12:37:57
2239,ICICIBANK,1380.04,1830,14.05,TRIGGERED,2026-09-20 12:37:58
2240,SBIN,1047.52,1945,27.75,TRIGGERED,2026-09-20 12:37:58
2241,BHARTIARTL,1271.53,1140,-14.66,TRIGGERED,2026-09-20 12:37:59
2242,RELIANCE,3228.39,441,8.34,TRIGGERED,2026-09-20 12:37:59
2243,TATAMOTORS,1016.99,139,3.77,NORMAL,2026-09-20 12:37:59
2244,RELIANCE,3225.05,1753,8.22,TRIGGERED,2026-09-20 12:38:00
2245,BHARTIARTL,1269.48,882,-14.8,TRIGGERED,2026-09-20 12:38:00
2246,INFY,1829.84,286,0.54,NORMAL,2026-09-20 12:38:01
2247,INFY,1822.89,1238,0.16,NORMAL,2026-09-20 12:38:01
2248,BHARTIARTL,1273.99,1344,-14.5,TRIGGERED,2026-09-20 12:38:01
2249,HDFCBANK,1037.96,1706,-37.09,TRIGGERED,2026-09-20 12:38:02
2250,ICICIBANK,1376.51,1153,13.76,TRIGGERED,2026-09-20 12:38:02
2251,LT,3608.45,1284,-0.32,NORMAL,2026-09-20 12:38:03
2252,HDFCBANK,1041.01,747,-36.91,TRIGGERED,2026-09-20 12:38:03
2253,ITC,501.85,98,2.42,NORMAL,2026-09-20 12:38:03
2254,ICICIBANK,1452.22,447,20.02,TRIGGERED,2026-09-20 12:38:04
2255,SBIN,1051.3,100,28.21,TRIGGERED,2026-09-20 12:38:04
2256,TCS,5435.06,1998,31.92,TRIGGERED,2026-09-20 12:38:05
2257,RELIANCE,3213.78,1823,7.84,TRIGGERED,2026-09-20 12:38:05
2258,RELIANCE,3201.75,1993,7.44,TRIGGERED,2026-09-20 12:38:05
2259,ICICIBANK,1456.35,625,20.36,TRIGGERED,2026-09-20 12:38:06
2260,ICICIBANK,1457.59,978,20.46,TRIGGERED,2026-09-20 12:38:06
2261,SBIN,1048.08,278,27.81,TRIGGERED,2026-09-20 12:38:07
2262,SBIN,1049.3,781,27.96,TRIGGERED,2026-09-20 12:38:07
2263,TATAMOTORS,1019.9,138,4.07,NORMAL,2026-09-20 12:38:07
2264,BHARTIARTL,1273.84,1784,-14.51,TRIGGERED,2026-09-20 12:38:08
2265,TCS,5447.06,878,32.21,TRIGGERED,2026-09-20 12:38:08
2266,INFY,1825.83,1933,0.32,NORMAL,2026-09-20 12:38:09
2267,BHARTIARTL,1277.46,343,-14.26,TRIGGERED,2026-09-20 12:38:09
2268,ICICIBANK,1458.85,1583,20.57,TRIGGERED,2026-09-20 12:38:09
2269,TCS,5433.31,1504,31.88,TRIGGERED,2026-09-20 12:38:10
2270,TCS,5435.55,216,31.93,TRIGGERED,2026-09-20 12:38:10
2271,BHARTIARTL,1347.72,127,-9.55,TRIGGERED,2026-09-20 12:38:11
2272,BHARTIARTL,1349.86,603,-9.41,TRIGGERED,2026-09-20 12:38:11
2273,ITC,501.95,746,2.44,NORMAL,2026-09-20 12:38:11
2274,HDFCBANK,983.75,1866,-40.38,TRIGGERED,2026-09-20 12:38:12
2275,TATAMOTORS,1020.32,845,4.11,NORMAL,2026-09-20 12:38:12
2276,LT,3609.86,1345,-0.28,NORMAL,2026-09-20 12:38:13
2277,RELIANCE,3191.11,247,7.08,TRIGGERED,2026-09-20 12:38:13
2278,SBIN,1046.96,625,27.68,TRIGGERED,2026-09-20 12:38:13
2279,SBIN,1050.52,545,28.11,TRIGGERED,2026-09-20 12:38:14
2280,TATAMOTORS,1018.69,1122,3.95,NORMAL,2026-09-20 12:38:14
2281,ITC,503.05,1440,2.66,NORMAL,2026-09-20 12:38:15
2282,BHARTIARTL,1350.29,257,-9.38,TRIGGERED,2026-09-20 12:38:15
2283,INFY,1926.25,625,5.84,TRIGGERED,2026-09-20 12:38:15
2284,ICICIBANK,1461.36,1585,20.77,TRIGGERED,2026-09-20 12:38:16
2285,BHARTIARTL,1352.84,380,-9.21,TRIGGERED,2026-09-20 12:38:16
2286,BHARTIARTL,1354.56,577,-9.09,TRIGGERED,2026-09-20 12:38:17
2287,INFY,1921.37,959,5.57,TRIGGERED,2026-09-20 12:38:17
2288,TATAMOTORS,1020.23,568,4.11,NORMAL,2026-09-20 12:38:17
2289,BHARTIARTL,1355.03,673,-9.06,TRIGGERED,2026-09-20 12:38:18
2290,ICICIBANK,1461.67,508,20.8,TRIGGERED,2026-09-20 12:38:18
2291,ITC,501.44,1252,2.33,NORMAL,2026-09-20 12:38:19
2292,TATAMOTORS,1021.99,414,4.28,NORMAL,2026-09-20 12:38:19
2293,BHARTIARTL,1280.5,1923,-14.06,TRIGGERED,2026-09-20 12:38:19
2294,ITC,502.95,1722,2.64,NORMAL,2026-09-20 12:38:20
2295,ICICIBANK,1463.74,305,20.97,TRIGGERED,2026-09-20 12:38:20
2296,HDFCBANK,985.17,1980,-40.29,TRIGGERED,2026-09-20 12:38:21
2297,ITC,502.82,1844,2.62,NORMAL,2026-09-20 12:38:21
2298,HDFCBANK,987.63,188,-40.14,TRIGGERED,2026-09-20 12:38:21
2299,INFY,1915.54,863,5.25,TRIGGERED,2026-09-20 12:38:22
2300,BHARTIARTL,1280.88,270,-14.03,TRIGGERED,2026-09-20 12:38:22
2301,ITC,502.66,924,2.58,NORMAL,2026-09-20 12:38:23
2302,BHARTIARTL,1285.71,156,-13.71,TRIGGERED,2026-09-20 12:38:23
2303,RELIANCE,3189.0,658,7.01,TRIGGERED,2026-09-20 12:38:23
2304,HDFCBANK,986.61,207,-40.21,TRIGGERED,2026-09-20 12:38:24
2305,HDFCBANK,989.59,1188,-40.02,TRIGGERED,2026-09-20 12:38:24
2306,TCS,5439.76,1239,32.03,TRIGGERED,2026-09-20 12:38:25
2307,RELIANCE,3179.47,1875,6.69,TRIGGERED,2026-09-20 12:38:25
2308,SBIN,1049.85,1072,28.03,TRIGGERED,2026-09-20 12:38:25
2309,RELIANCE,3182.42,901,6.79,TRIGGERED,2026-09-20 12:38:26
2310,ITC,502.18,1096,2.49,NORMAL,2026-09-20 12:38:26
2311,HDFCBANK,988.92,1298,-40.07,TRIGGERED,2026-09-20 12:38:27
2312,ITC,529.8,1064,8.12,TRIGGERED,2026-09-20 12:38:27
2313,HDFCBANK,987.15,272,-40.17,TRIGGERED,2026-09-20 12:38:28
2314,ITC,530.09,477,8.18,TRIGGERED,2026-09-20 12:38:28
2315,BHARTIARTL,1285.32,932,-13.74,TRIGGERED,2026-09-20 12:38:28
2316,INFY,1915.36,1964,5.24,TRIGGERED,2026-09-20 12:38:29
2317,RELIANCE,3186.68,1378,6.94,TRIGGERED,2026-09-20 12:38:29
2318,TCS,5432.39,631,31.85,TRIGGERED,2026-09-20 12:38:30
2319,ICICIBANK,1466.55,1720,21.2,TRIGGERED,2026-09-20 12:38:30
2320,SBIN,1053.38,463,28.46,TRIGGERED,2026-09-20 12:38:30
2321,RELIANCE,3174.08,383,6.51,TRIGGERED,2026-09-20 12:38:31
2322,ICICIBANK,1464.79,1990,21.06,TRIGGERED,2026-09-20 12:38:31
2323,SBIN,1055.58,1464,28.73,TRIGGERED,2026-09-20 12:38:32
2324,TCS,5418.35,1334,31.51,TRIGGERED,2026-09-20 12:38:32
2325,TCS,5120.34,1463,24.28,TRIGGERED,2026-09-20 12:38:32
2326,HDFCBANK,988.99,871,-40.06,TRIGGERED,2026-09-20 12:38:33
2327,INFY,1912.78,624,5.1,TRIGGERED,2026-09-20 12:38:33
2328,SBIN,1052.34,890,28.33,TRIGGERED,2026-09-20 12:38:34
2329,TCS,5114.9,780,24.15,TRIGGERED,2026-09-20 12:38:34
2330,TATAMOTORS,1020.93,194,4.18,NORMAL,2026-09-20 12:38:34
2331,LT,3610.78,704,-0.25,NORMAL,2026-09-20 12:38:35
2332,ICICIBANK,1545.35,1212,27.71,TRIGGERED,2026-09-20 12:38:35
2333,TCS,5108.94,1015,24.0,TRIGGERED,2026-09-20 12:38:36
2334,LT,3616.81,733,-0.09,NORMAL,2026-09-20 12:38:36
2335,TCS,5110.11,1212,24.03,TRIGGERED,2026-09-20 12:38:36
2336,TCS,5391.17,249,30.85,TRIGGERED,2026-09-20 12:38:37
2337,TCS,5381.63,1387,30.62,TRIGGERED,2026-09-20 12:38:37
2338,SBIN,1049.81,1266,28.03,TRIGGERED,2026-09-20 12:38:38
2339,ICICIBANK,1546.62,1288,27.82,TRIGGERED,2026-09-20 12:38:38
2340,HDFCBANK,986.67,1172,-40.2,TRIGGERED,2026-09-20 12:38:38
2341,ITC,531.9,650,8.55,TRIGGERED,2026-09-20 12:38:39
2342,ICICIBANK,1461.56,1944,20.79,TRIGGERED,2026-09-20 12:38:39
2343,SBIN,1052.11,620,28.31,TRIGGERED,2026-09-20 12:38:40
2344,INFY,1911.97,1582,5.05,TRIGGERED,2026-09-20 12:38:40
2345,TCS,5085.64,537,23.44,TRIGGERED,2026-09-20 12:38:40
2346,ICICIBANK,1464.8,90,21.06,TRIGGERED,2026-09-20 12:38:41
2347,LT,3629.52,1523,0.26,NORMAL,2026-09-20 12:38:41
2348,ICICIBANK,1467.1,1936,21.25,TRIGGERED,2026-09-20 12:38:42
2349,TCS,5079.8,1363,23.3,TRIGGERED,2026-09-20 12:38:42
2350,LT,3617.07,707,-0.08,NORMAL,2026-09-20 12:38:42
2351,SBIN,1055.62,1977,28.73,TRIGGERED,2026-09-20 12:38:43
2352,ICICIBANK,1463.36,617,20.94,TRIGGERED,2026-09-20 12:38:43
2353,TATAMOTORS,1023.86,1967,4.48,NORMAL,2026-09-20 12:38:44
2354,ITC,502.65,1338,2.58,NORMAL,2026-09-20 12:38:44
2355,HDFCBANK,986.14,1121,-40.23,TRIGGERED,2026-09-20 12:38:44
2356,BHARTIARTL,1283.98,1042,-13.83,TRIGGERED,2026-09-20 12:38:45
2357,TATAMOTORS,1020.79,1163,4.16,NORMAL,2026-09-20 12:38:45
2358,SBIN,1059.39,1226,29.19,TRIGGERED,2026-09-20 12:38:46
2359,HDFCBANK,984.37,1874,-40.34,TRIGGERED,2026-09-20 12:38:46
2360,INFY,1913.9,1992,5.16,TRIGGERED,2026-09-20 12:38:46
2361,INFY,1808.64,465,-0.62,NORMAL,2026-09-20 12:38:47
2362,INFY,1908.12,1379,4.84,NORMAL,2026-09-20 12:38:47
2363,BHARTIARTL,1282.77,1798,-13.91,TRIGGERED,2026-09-20 12:38:48
2364,SBIN,1058.93,463,29.14,TRIGGERED,2026-09-20 12:38:48
2365,HDFCBANK,981.76,1602,-40.5,TRIGGERED,2026-09-20 12:38:48
2366,INFY,1912.4,294,5.08,TRIGGERED,2026-09-20 12:38:49
2367,ITC,504.62,501,2.98,NORMAL,2026-09-20 12:38:49
2368,TATAMOTORS,1016.93,976,3.77,NORMAL,2026-09-20 12:38:50
2369,SBIN,1055.27,1730,28.69,TRIGGERED,2026-09-20 12:38:50
2370,RELIANCE,3177.71,1964,6.63,TRIGGERED,2026-09-20 12:38:50
2371,HDFCBANK,985.12,813,-40.3,TRIGGERED,2026-09-20 12:38:51
2372,TCS,5070.46,1365,23.07,TRIGGERED,2026-09-20 12:38:51
2373,TCS,5349.34,442,29.84,TRIGGERED,2026-09-20 12:38:52
2374,ITC,505.42,692,3.15,NORMAL,2026-09-20 12:38:52
2375,INFY,1906.12,787,4.73,NORMAL,2026-09-20 12:38:52
2376,INFY,1909.49,1000,4.92,NORMAL,2026-09-20 12:38:53
2377,SBIN,1055.35,1655,28.7,TRIGGERED,2026-09-20 12:38:53
2378,INFY,1913.9,126,5.16,TRIGGERED,2026-09-20 12:38:54
2379,ICICIBANK,1462.6,1305,20.88,TRIGGERED,2026-09-20 12:38:54
2380,SBIN,1054.3,546,28.57,TRIGGERED,2026-09-20 12:38:54
2381,RELIANCE,3166.88,77,6.27,TRIGGERED,2026-09-20 12:38:55
2382,SBIN,1050.39,692,28.1,TRIGGERED,2026-09-20 12:38:55
2383,ICICIBANK,1460.3,1614,20.69,TRIGGERED,2026-09-20 12:38:56
2384,BHARTIARTL,1277.96,1816,-14.23,TRIGGERED,2026-09-20 12:38:56
2385,INFY,1913.48,64,5.14,TRIGGERED,2026-09-20 12:38:56
2386,LT,3625.46,993,0.15,NORMAL,2026-09-20 12:38:57
2387,SBIN,1047.43,1037,27.74,TRIGGERED,2026-09-20 12:38:57
2388,TATAMOTORS,1014.91,1796,3.56,NORMAL,2026-09-20 12:38:58
2389,ITC,503.47,180,2.75,NORMAL,2026-09-20 12:38:58
2390,ICICIBANK,1462.79,134,20.89,TRIGGERED,2026-09-20 12:38:58
2391,INFY,1911.34,253,5.02,TRIGGERED,2026-09-20 12:38:59
2392,HDFCBANK,988.33,1616,-40.1,TRIGGERED,2026-09-20 12:38:59
2393,ICICIBANK,1464.28,1326,21.01,TRIGGERED,2026-09-20 12:39:00
2394,ITC,501.8,451,2.41,NORMAL,2026-09-20 12:39:00
2395,ITC,529.4,288,8.04,TRIGGERED,2026-09-20 12:39:00
2396,RELIANCE,3176.05,637,6.58,TRIGGERED,2026-09-20 12:39:01
2397,TCS,5351.47,1396,29.89,TRIGGERED,2026-09-20 12:39:01
2398,INFY,1918.28,1530,5.4,TRIGGERED,2026-09-20 12:39:02
2399,ICICIBANK,1464.77,676,21.06,TRIGGERED,2026-09-20 12:39:02
2400,INFY,1910.87,1530,4.99,NORMAL,2026-09-20 12:39:02
2401,INFY,1914.86,1328,5.21,TRIGGERED,2026-09-20 12:39:03
2402,ICICIBANK,1463.0,218,20.91,TRIGGERED,2026-09-20 12:39:03
2403,ICICIBANK,1467.07,862,21.25,TRIGGERED,2026-09-20 12:39:04
2404,TATAMOTORS,1013.6,1664,3.43,NORMAL,2026-09-20 12:39:04
2405,ITC,530.33,1272,8.23,TRIGGERED,2026-09-20 12:39:04
2406,INFY,1916.39,495,5.3,TRIGGERED,2026-09-20 12:39:05
2407,ITC,559.5,1532,14.18,TRIGGERED,2026-09-20 12:39:05
2408,INFY,1917.75,440,5.37,TRIGGERED,2026-09-20 12:39:06
2409,BHARTIARTL,1278.64,960,-14.19,TRIGGERED,2026-09-20 12:39:06
2410,SBIN,1050.47,1493,28.11,TRIGGERED,2026-09-20 12:39:06
2411,HDFCBANK,985.78,336,-40.26,TRIGGERED,2026-09-20 12:39:07
2412,TATAMOTORS,1012.2,1939,3.29,NORMAL,2026-09-20 12:39:07
2413,INFY,1914.32,838,5.18,TRIGGERED,2026-09-20 12:39:08
2414,ICICIBANK,1462.17,1951,20.84,TRIGGERED,2026-09-20 12:39:08
2415,INFY,2019.61,586,10.97,TRIGGERED,2026-09-20 12:39:08
2416,TCS,5357.78,308,30.04,TRIGGERED,2026-09-20 12:39:09
2417,RELIANCE,3176.67,899,6.6,TRIGGERED,2026-09-20 12:39:09
2418,SBIN,1052.49,220,28.35,TRIGGERED,2026-09-20 12:39:10
2419,HDFCBANK,984.53,1625,-40.33,TRIGGERED,2026-09-20 12:39:10
2420,LT,3612.7,791,-0.2,NORMAL,2026-09-20 12:39:10
2421,ITC,558.25,1132,13.93,TRIGGERED,2026-09-20 12:39:11
2422,TCS,5361.46,777,30.13,TRIGGERED,2026-09-20 12:39:11
2423,RELIANCE,3180.37,1970,6.72,TRIGGERED,2026-09-20 12:39:12
2424,BHARTIARTL,1281.89,1638,-13.97,TRIGGERED,2026-09-20 12:39:12
2425,INFY,2013.29,1722,10.62,TRIGGERED,2026-09-20 12:39:12
2426,HDFCBANK,983.82,1941,-40.37,TRIGGERED,2026-09-20 12:39:13
2427,ICICIBANK,1542.59,1768,27.49,TRIGGERED,2026-09-20 12:39:13
2428,TCS,5372.41,439,30.4,TRIGGERED,2026-09-20 12:39:14
2429,TCS,5388.19,1747,30.78,TRIGGERED,2026-09-20 12:39:14
2430,BHARTIARTL,1282.41,418,-13.93,TRIGGERED,2026-09-20 12:39:15
2431,TATAMOTORS,1009.03,700,2.96,NORMAL,2026-09-20 12:39:15
2432,BHARTIARTL,1279.68,214,-14.12,TRIGGERED,2026-09-20 12:39:15
2433,SBIN,1054.13,731,28.55,TRIGGERED,2026-09-20 12:39:16
2434,TATAMOTORS,1011.21,983,3.18,NORMAL,2026-09-20 12:39:16
2435,TCS,5367.22,1652,30.27,TRIGGERED,2026-09-20 12:39:17
2436,LT,3607.29,423,-0.35,NORMAL,2026-09-20 12:39:17
2437,TATAMOTORS,1011.53,1493,3.22,NORMAL,2026-09-20 12:39:17
2438,LT,3604.73,305,-0.42,NORMAL,2026-09-20 12:39:18
2439,LT,3594.67,505,-0.7,NORMAL,2026-09-20 12:39:18
2440,SBIN,1050.04,270,28.05,TRIGGERED,2026-09-20 12:39:19
2441,RELIANCE,3188.65,826,7.0,TRIGGERED,2026-09-20 12:39:19
2442,ITC,556.15,1162,13.5,TRIGGERED,2026-09-20 12:39:19
2443,TATAMOTORS,1011.01,1239,3.16,NORMAL,2026-09-20 12:39:20
2444,RELIANCE,3196.29,778,7.26,TRIGGERED,2026-09-20 12:39:20
2445,SBIN,1053.05,1664,28.42,TRIGGERED,2026-09-20 12:39:21
2446,LT,3604.27,1473,-0.43,NORMAL,2026-09-20 12:39:21
2447,HDFCBANK,985.64,1017,-40.26,TRIGGERED,2026-09-20 12:39:21
2448,TCS,5072.02,1198,23.11,TRIGGERED,2026-09-20 12:39:22
2449,INFY,2012.05,580,10.55,TRIGGERED,2026-09-20 12:39:22
2450,INFY,2005.37,368,10.19,TRIGGERED,2026-09-20 12:39:23
2451,SBIN,1056.78,600,28.88,TRIGGERED,2026-09-20 12:39:23
2452,ITC,554.34,503,13.13,TRIGGERED,2026-09-20 12:39:23
2453,INFY,2011.14,372,10.5,TRIGGERED,2026-09-20 12:39:24
2454,ITC,555.2,326,13.31,TRIGGERED,2026-09-20 12:39:24
2455,ICICIBANK,1545.26,632,27.71,TRIGGERED,2026-09-20 12:39:25
2456,TATAMOTORS,1008.79,790,2.94,NORMAL,2026-09-20 12:39:25
2457,INFY,2003.42,206,10.08,TRIGGERED,2026-09-20 12:39:25
2458,TATAMOTORS,1009.01,1815,2.96,NORMAL,2026-09-20 12:39:26
2459,TCS,5086.14,1258,23.45,TRIGGERED,2026-09-20 12:39:26
2460,HDFCBANK,983.36,1217,-40.4,TRIGGERED,2026-09-20 12:39:27
2461,ITC,554.04,1892,13.07,TRIGGERED,2026-09-20 12:39:27
2462,LT,3606.54,1244,-0.37,NORMAL,2026-09-20 12:39:27
2463,TCS,5084.33,1706,23.41,TRIGGERED,2026-09-20 12:39:28
2464,INFY,2010.64,435,10.47,TRIGGERED,2026-09-20 12:39:28
2465,INFY,2006.93,353,10.27,TRIGGERED,2026-09-20 12:39:29
2466,BHARTIARTL,1284.25,122,-13.81,TRIGGERED,2026-09-20 12:39:29
2467,BHARTIARTL,1279.77,927,-14.11,TRIGGERED,2026-09-20 12:39:29
2468,TCS,4804.69,954,16.62,TRIGGERED,2026-09-20 12:39:30
2469,ICICIBANK,1546.19,548,27.78,TRIGGERED,2026-09-20 12:39:30
2470,ICICIBANK,1552.34,542,28.29,TRIGGERED,2026-09-20 12:39:31
2471,LT,3408.18,785,-5.85,TRIGGERED,2026-09-20 12:39:31
2472,TATAMOTORS,953.51,392,-2.7,NORMAL,2026-09-20 12:39:31
2473,TATAMOTORS,950.83,928,-2.98,NORMAL,2026-09-20 12:39:32
2474,HDFCBANK,981.61,232,-40.51,TRIGGERED,2026-09-20 12:39:32
2475,ICICIBANK,1637.72,1015,35.35,TRIGGERED,2026-09-20 12:39:33
2476,BHARTIARTL,1283.8,1031,-13.84,TRIGGERED,2026-09-20 12:39:33
2477,RELIANCE,3190.04,1694,7.05,TRIGGERED,2026-09-20 12:39:33
2478,INFY,2002.38,1349,10.02,TRIGGERED,2026-09-20 12:39:34
2479,RELIANCE,3184.14,595,6.85,TRIGGERED,2026-09-20 12:39:34
2480,RELIANCE,3196.2,42,7.26,TRIGGERED,2026-09-20 12:39:35
2481,BHARTIARTL,1354.41,841,-9.1,TRIGGERED,2026-09-20 12:39:35
2482,ITC,552.51,363,12.76,TRIGGERED,2026-09-20 12:39:35
2483,TCS,4796.47,1911,16.42,TRIGGERED,2026-09-20 12:39:36
2484,HDFCBANK,977.75,959,-40.74,TRIGGERED,2026-09-20 12:39:36
2485,HDFCBANK,980.87,1913,-40.55,TRIGGERED,2026-09-20 12:39:37
2486,HDFCBANK,983.44,1403,-40.4,TRIGGERED,2026-09-20 12:39:37
2487,LT,3412.46,196,-5.73,TRIGGERED,2026-09-20 12:39:37
2488,BHARTIARTL,1353.04,1747,-9.19,TRIGGERED,2026-09-20 12:39:38
2489,LT,3421.19,1452,-5.49,TRIGGERED,2026-09-20 12:39:38
2490,HDFCBANK,986.34,400,-40.22,TRIGGERED,2026-09-20 12:39:39
2491,ITC,553.48,1622,12.96,TRIGGERED,2026-09-20 12:39:39
2492,LT,3426.24,1392,-5.35,TRIGGERED,2026-09-20 12:39:39
2493,SBIN,1056.01,881,28.78,TRIGGERED,2026-09-20 12:39:40
2494,SBIN,1058.32,585,29.06,TRIGGERED,2026-09-20 12:39:40
2495,RELIANCE,3199.66,1906,7.37,TRIGGERED,2026-09-20 12:39:41
2496,ITC,555.47,68,13.36,TRIGGERED,2026-09-20 12:39:41
2497,ICICIBANK,1631.92,149,34.87,TRIGGERED,2026-09-20 12:39:41
2498,HDFCBANK,983.85,1388,-40.37,TRIGGERED,2026-09-20 12:39:42
2499,ITC,554.09,513,13.08,TRIGGERED,2026-09-20 12:39:42
2500,LT,3437.84,1589,-5.03,TRIGGERED,2026-09-20 12:39:43
2501,ITC,556.2,1756,13.51,TRIGGERED,2026-09-20 12:39:43
2502,ITC,555.1,678,13.29,TRIGGERED,2026-09-20 12:39:43
2503,ICICIBANK,1637.21,1370,35.31,TRIGGERED,2026-09-20 12:39:44
2504,HDFCBANK,987.27,909,-40.17,TRIGGERED,2026-09-20 12:39:44
2505,TATAMOTORS,947.86,571,-3.28,NORMAL,2026-09-20 12:39:45
2506,BHARTIARTL,1357.57,32,-8.89,TRIGGERED,2026-09-20 12:39:45
2507,ICICIBANK,1637.92,1463,35.37,TRIGGERED,2026-09-20 12:39:45
2508,SBIN,1056.04,198,28.79,TRIGGERED,2026-09-20 12:39:46
2509,INFY,1995.3,811,9.63,TRIGGERED,2026-09-20 12:39:46
2510,HDFCBANK,983.41,1859,-40.4,TRIGGERED,2026-09-20 12:39:47
2511,LT,3428.86,1898,-5.28,TRIGGERED,2026-09-20 12:39:47
2512,HDFCBANK,980.35,920,-40.58,TRIGGERED,2026-09-20 12:39:48
2513,BHARTIARTL,1360.39,416,-8.7,TRIGGERED,2026-09-20 12:39:48
2514,HDFCBANK,982.59,1834,-40.45,TRIGGERED,2026-09-20 12:39:48
2515,TCS,4815.06,1716,16.87,TRIGGERED,2026-09-20 12:39:49
2516,ICICIBANK,1636.68,1259,35.26,TRIGGERED,2026-09-20 12:39:49
2517,RELIANCE,3206.56,184,7.6,TRIGGERED,2026-09-20 12:39:50
2518,ITC,553.07,616,12.87,TRIGGERED,2026-09-20 12:39:50
2519,BHARTIARTL,1363.2,637,-8.51,TRIGGERED,2026-09-20 12:39:50
2520,TCS,4802.19,956,16.56,TRIGGERED,2026-09-20 12:39:51
2521,TCS,5066.31,86,22.97,TRIGGERED,2026-09-20 12:39:51
2522,SBIN,1055.22,886,28.69,TRIGGERED,2026-09-20 12:39:52
2523,TCS,5085.87,368,23.44,TRIGGERED,2026-09-20 12:39:52
2524,TATAMOTORS,950.37,803,-3.02,NORMAL,2026-09-20 12:39:52
2525,HDFCBANK,984.52,578,-40.33,TRIGGERED,2026-09-20 12:39:53
2526,HDFCBANK,985.07,1291,-40.3,TRIGGERED,2026-09-20 12:39:53
2527,TATAMOTORS,953.58,701,-2.7,NORMAL,2026-09-20 12:39:54
2528,BHARTIARTL,1367.97,275,-8.19,TRIGGERED,2026-09-20 12:39:54
2529,TCS,5089.27,453,23.53,TRIGGERED,2026-09-20 12:39:54
2530,ICICIBANK,1642.39,848,35.73,TRIGGERED,2026-09-20 12:39:55
2531,INFY,1996.44,1575,9.69,TRIGGERED,2026-09-20 12:39:55
2532,INFY,1997.18,907,9.74,TRIGGERED,2026-09-20 12:39:56
2533,TATAMOTORS,952.59,55,-2.8,NORMAL,2026-09-20 12:39:56
2534,RELIANCE,3204.91,994,7.55,TRIGGERED,2026-09-20 12:39:56
2535,ICICIBANK,1640.93,1179,35.61,TRIGGERED,2026-09-20 12:39:57
2536,RELIANCE,3210.62,1584,7.74,TRIGGERED,2026-09-20 12:39:57
2537,INFY,1887.34,1104,3.7,NORMAL,2026-09-20 12:39:58
2538,TCS,5072.65,200,23.12,TRIGGERED,2026-09-20 12:39:58
2539,BHARTIARTL,1371.98,1553,-7.92,TRIGGERED,2026-09-20 12:39:58
2540,RELIANCE,3205.65,1244,7.57,TRIGGERED,2026-09-20 12:39:59
2541,LT,3416.4,1654,-5.62,TRIGGERED,2026-09-20 12:39:59
2542,LT,3423.38,86,-5.43,TRIGGERED,2026-09-20 12:40:00
2543,RELIANCE,3381.96,457,13.49,TRIGGERED,2026-09-20 12:40:00
2544,SBIN,1055.65,745,28.74,TRIGGERED,2026-09-20 12:40:00
2545,BHARTIARTL,1367.86,952,-8.2,TRIGGERED,2026-09-20 12:40:01
2546,HDFCBANK,987.96,1987,-40.12,TRIGGERED,2026-09-20 12:40:01
2547,ICICIBANK,1644.76,1673,35.93,TRIGGERED,2026-09-20 12:40:02
2548,ITC,552.86,1782,12.83,TRIGGERED,2026-09-20 12:40:02
2549,ICICIBANK,1650.31,1816,36.39,TRIGGERED,2026-09-20 12:40:02
2550,SBIN,1059.64,1341,29.22,TRIGGERED,2026-09-20 12:40:03
2551,ITC,554.06,1580,13.07,TRIGGERED,2026-09-20 12:40:03
2552,SBIN,1001.36,848,22.12,TRIGGERED,2026-09-20 12:40:04
2553,TCS,5059.66,733,22.81,TRIGGERED,2026-09-20 12:40:04
2554,INFY,1882.04,567,3.41,NORMAL,2026-09-20 12:40:04
2555,INFY,1887.49,891,3.71,NORMAL,2026-09-20 12:40:05
2556,LT,3420.62,552,-5.51,TRIGGERED,2026-09-20 12:40:05
2557,BHARTIARTL,1366.28,753,-8.3,TRIGGERED,2026-09-20 12:40:06
2558,LT,3429.1,1402,-5.27,TRIGGERED,2026-09-20 12:40:06
2559,INFY,1891.39,1572,3.92,NORMAL,2026-09-20 12:40:06
2560,TATAMOTORS,955.66,1221,-2.48,NORMAL,2026-09-20 12:40:07
2561,BHARTIARTL,1370.07,1505,-8.05,TRIGGERED,2026-09-20 12:40:07
2562,TATAMOTORS,951.92,1323,-2.87,NORMAL,2026-09-20 12:40:08
2563,SBIN,1002.87,1271,22.3,TRIGGERED,2026-09-20 12:40:08
2564,ICICIBANK,1741.08,352,43.89,TRIGGERED,2026-09-20 12:40:08
2565,RELIANCE,3567.97,1417,19.73,TRIGGERED,2026-09-20 12:40:09
2566,TCS,5070.4,667,23.07,TRIGGERED,2026-09-20 12:40:09
2567,TCS,5056.26,1184,22.72,TRIGGERED,2026-09-20 12:40:10
2568,SBIN,999.34,848,21.87,TRIGGERED,2026-09-20 12:40:10
2569,HDFCBANK,987.71,1794,-40.14,TRIGGERED,2026-09-20 12:40:10
2570,TCS,5059.44,1787,22.8,TRIGGERED,2026-09-20 12:40:11
2571,TATAMOTORS,955.29,1011,-2.52,NORMAL,2026-09-20 12:40:11
2572,ITC,556.02,1082,13.47,TRIGGERED,2026-09-20 12:40:12
2573,ITC,555.22,989,13.31,TRIGGERED,2026-09-20 12:40:12
2574,TATAMOTORS,958.38,622,-2.21,NORMAL,2026-09-20 12:40:12
2575,INFY,1885.21,1671,3.58,NORMAL,2026-09-20 12:40:13
2576,TATAMOTORS,956.32,1401,-2.42,NORMAL,2026-09-20 12:40:13
2577,LT,3434.62,1195,-5.12,TRIGGERED,2026-09-20 12:40:14
2578,INFY,1892.72,267,4.0,NORMAL,2026-09-20 12:40:14
2579,ICICIBANK,1734.56,1463,43.35,TRIGGERED,2026-09-20 12:40:14
2580,INFY,1893.11,1978,4.02,NORMAL,2026-09-20 12:40:15
2581,ITC,554.14,876,13.09,TRIGGERED,2026-09-20 12:40:15
2582,TCS,5073.81,312,23.15,TRIGGERED,2026-09-20 12:40:16
2583,ICICIBANK,1728.03,967,42.81,TRIGGERED,2026-09-20 12:40:16
2584,SBIN,1002.91,1374,22.31,TRIGGERED,2026-09-20 12:40:16
2585,HDFCBANK,985.11,1052,-40.3,TRIGGERED,2026-09-20 12:40:17
2586,ITC,553.62,1794,12.98,TRIGGERED,2026-09-20 12:40:17
2587,TCS,4794.75,719,16.38,TRIGGERED,2026-09-20 12:40:18
2588,RELIANCE,3555.45,1964,19.31,TRIGGERED,2026-09-20 12:40:18
2589,LT,3447.94,1682,-4.75,NORMAL,2026-09-20 12:40:18
2590,BHARTIARTL,1367.91,1145,-8.19,TRIGGERED,2026-09-20 12:40:19
2591,HDFCBANK,987.75,962,-40.14,TRIGGERED,2026-09-20 12:40:19
2592,INFY,1885.68,379,3.61,NORMAL,2026-09-20 12:40:20
2593,SBIN,1006.57,845,22.75,TRIGGERED,2026-09-20 12:40:20
2594,ITC,555.62,1751,13.39,TRIGGERED,2026-09-20 12:40:20
2595,INFY,1887.82,587,3.73,NORMAL,2026-09-20 12:40:21
2596,ITC,557.39,1293,13.75,TRIGGERED,2026-09-20 12:40:21
2597,ICICIBANK,1725.31,119,42.59,TRIGGERED,2026-09-20 12:40:22
2598,LT,3258.3,426,-9.99,TRIGGERED,2026-09-20 12:40:22
2599,TATAMOTORS,956.89,553,-2.36,NORMAL,2026-09-20 12:40:22
2600,TATAMOTORS,956.36,758,-2.41,NORMAL,2026-09-20 12:40:23
2601,ICICIBANK,1722.53,1341,42.36,TRIGGERED,2026-09-20 12:40:23
2602,TCS,4799.78,1901,16.5,TRIGGERED,2026-09-20 12:40:24
2603,TCS,4790.08,247,16.26,TRIGGERED,2026-09-20 12:40:24
2604,TATAMOTORS,954.54,103,-2.6,NORMAL,2026-09-20 12:40:24
2605,LT,3249.44,1509,-10.24,TRIGGERED,2026-09-20 12:40:25
2606,TATAMOTORS,955.77,1764,-2.47,NORMAL,2026-09-20 12:40:25
2607,INFY,1991.65,1958,9.43,TRIGGERED,2026-09-20 12:40:26
2608,RELIANCE,3568.63,46,19.75,TRIGGERED,2026-09-20 12:40:26
2609,TCS,4778.54,687,15.98,TRIGGERED,2026-09-20 12:40:26
2610,ITC,588.05,1044,20.01,TRIGGERED,2026-09-20 12:40:27
2611,BHARTIARTL,1443.15,45,-3.14,NORMAL,2026-09-20 12:40:27
2612,BHARTIARTL,1440.35,176,-3.33,NORMAL,2026-09-20 12:40:28
2613,TATAMOTORS,955.75,1904,-2.47,NORMAL,2026-09-20 12:40:28
2614,HDFCBANK,986.29,1326,-40.22,TRIGGERED,2026-09-20 12:40:28
2615,ITC,589.84,1697,20.38,TRIGGERED,2026-09-20 12:40:29
2616,RELIANCE,3579.4,521,20.11,TRIGGERED,2026-09-20 12:40:29
2617,TATAMOTORS,956.03,1964,-2.45,NORMAL,2026-09-20 12:40:30
2618,LT,3258.95,652,-9.97,TRIGGERED,2026-09-20 12:40:30
2619,INFY,1988.2,371,9.24,TRIGGERED,2026-09-20 12:40:30
2620,BHARTIARTL,1438.69,936,-3.44,NORMAL,2026-09-20 12:40:31
2621,ITC,590.85,1758,20.58,TRIGGERED,2026-09-20 12:40:31
2622,HDFCBANK,987.12,1589,-40.17,TRIGGERED,2026-09-20 12:40:32
2623,ICICIBANK,1718.34,353,42.01,TRIGGERED,2026-09-20 12:40:32
2624,RELIANCE,3583.5,1076,20.25,TRIGGERED,2026-09-20 12:40:32
2625,INFY,1988.18,265,9.24,TRIGGERED,2026-09-20 12:40:33
2626,TATAMOTORS,957.91,313,-2.25,NORMAL,2026-09-20 12:40:33
2627,BHARTIARTL,1438.16,1196,-3.48,NORMAL,2026-09-20 12:40:34
2628,TCS,4785.0,1541,16.14,TRIGGERED,2026-09-20 12:40:34
2629,LT,3264.91,343,-9.81,TRIGGERED,2026-09-20 12:40:34
2630,HDFCBANK,989.05,1207,-40.06,TRIGGERED,2026-09-20 12:40:35
2631,HDFCBANK,1043.45,458,-36.76,TRIGGERED,2026-09-20 12:40:35
2632,BHARTIARTL,1438.63,1072,-3.45,NORMAL,2026-09-20 12:40:36
2633,LT,3276.04,1468,-9.5,TRIGGERED,2026-09-20 12:40:36
2634,TCS,4797.26,1587,16.44,TRIGGERED,2026-09-20 12:40:36
2635,SBIN,1004.93,1292,22.55,TRIGGERED,2026-09-20 12:40:37
2636,RELIANCE,3595.07,1478,20.64,TRIGGERED,2026-09-20 12:40:37
2637,LT,3268.84,473,-9.7,TRIGGERED,2026-09-20 12:40:38
2638,BHARTIARTL,1437.4,1077,-3.53,NORMAL,2026-09-20 12:40:38
2639,TCS,4812.51,1998,16.81,TRIGGERED,2026-09-20 12:40:38
2640,BHARTIARTL,1440.73,123,-3.31,NORMAL,2026-09-20 12:40:39
2641,INFY,1980.67,1421,8.83,TRIGGERED,2026-09-20 12:40:39
2642,HDFCBANK,1039.6,433,-36.99,TRIGGERED,2026-09-20 12:40:40
2643,SBIN,1002.06,815,22.2,TRIGGERED,2026-09-20 12:40:40
2644,TCS,4810.45,753,16.76,TRIGGERED,2026-09-20 12:40:40
2645,ICICIBANK,1724.88,1157,42.55,TRIGGERED,2026-09-20 12:40:41
2646,ITC,588.53,725,20.11,TRIGGERED,2026-09-20 12:40:41
2647,ICICIBANK,1731.71,607,43.12,TRIGGERED,2026-09-20 12:40:42
2648,TATAMOTORS,960.38,909,-2.0,NORMAL,2026-09-20 12:40:42
2649,HDFCBANK,1036.23,1199,-37.2,TRIGGERED,2026-09-20 12:40:42
2650,LT,3261.88,409,-9.89,TRIGGERED,2026-09-20 12:40:43
2651,LT,3263.88,1353,-9.84,TRIGGERED,2026-09-20 12:40:43
2652,LT,3252.16,1889,-10.16,TRIGGERED,2026-09-20 12:40:44
2653,BHARTIARTL,1445.12,1120,-3.01,NORMAL,2026-09-20 12:40:44
2654,TATAMOTORS,957.51,1455,-2.29,NORMAL,2026-09-20 12:40:44
2655,ITC,620.9,1137,26.71,TRIGGERED,2026-09-20 12:40:45
2656,LT,3264.49,278,-9.82,TRIGGERED,2026-09-20 12:40:45
2657,LT,3256.92,1721,-10.03,TRIGGERED,2026-09-20 12:40:46
2658,HDFCBANK,1032.41,666,-37.43,TRIGGERED,2026-09-20 12:40:46
2659,RELIANCE,3597.99,1558,20.74,TRIGGERED,2026-09-20 12:40:46
2660,SBIN,1005.36,1267,22.6,TRIGGERED,2026-09-20 12:40:47
2661,TATAMOTORS,953.75,1798,-2.68,NORMAL,2026-09-20 12:40:47
2662,TCS,4792.21,146,16.32,TRIGGERED,2026-09-20 12:40:48
2663,SBIN,1004.16,1492,22.46,TRIGGERED,2026-09-20 12:40:48
2664,SBIN,1004.85,1764,22.54,TRIGGERED,2026-09-20 12:40:48
2665,RELIANCE,3585.55,182,20.32,TRIGGERED,2026-09-20 12:40:49
2666,TCS,4783.84,498,16.11,TRIGGERED,2026-09-20 12:40:49
2667,BHARTIARTL,1448.36,698,-2.79,NORMAL,2026-09-20 12:40:50
2668,RELIANCE,3579.75,1446,20.13,TRIGGERED,2026-09-20 12:40:50
2669,SBIN,1003.21,1702,22.34,TRIGGERED,2026-09-20 12:40:50
2670,RELIANCE,3588.86,565,20.43,TRIGGERED,2026-09-20 12:40:51
2671,SBIN,1001.71,1057,22.16,TRIGGERED,2026-09-20 12:40:51
2672,HDFCBANK,1035.61,1681,-37.24,TRIGGERED,2026-09-20 12:40:52
2673,LT,3250.93,1496,-10.2,TRIGGERED,2026-09-20 12:40:52
2674,TCS,4792.58,988,16.32,TRIGGERED,2026-09-20 12:40:52
2675,RELIANCE,3391.47,97,13.81,TRIGGERED,2026-09-20 12:40:53
2676,TATAMOTORS,952.55,1602,-2.8,NORMAL,2026-09-20 12:40:53
2677,TCS,4794.55,497,16.37,TRIGGERED,2026-09-20 12:40:54
2678,TATAMOTORS,953.66,1868,-2.69,NORMAL,2026-09-20 12:40:54
2679,LT,3248.45,145,-10.26,TRIGGERED,2026-09-20 12:40:55
2680,TATAMOTORS,953.29,455,-2.73,NORMAL,2026-09-20 12:40:55
2681,LT,3243.69,1513,-10.4,TRIGGERED,2026-09-20 12:40:55
2682,RELIANCE,3391.53,1952,13.81,TRIGGERED,2026-09-20 12:40:56
2683,TATAMOTORS,950.96,731,-2.96,NORMAL,2026-09-20 12:40:56
2684,TCS,4783.93,1706,16.11,TRIGGERED,2026-09-20 12:40:57
2685,ICICIBANK,1726.08,543,42.65,TRIGGERED,2026-09-20 12:40:57
2686,ICICIBANK,1732.83,162,43.21,TRIGGERED,2026-09-20 12:40:57
2687,SBIN,1000.88,1405,22.06,TRIGGERED,2026-09-20 12:40:58
2688,INFY,1978.38,1940,8.7,TRIGGERED,2026-09-20 12:40:58
2689,RELIANCE,3395.94,1515,13.96,TRIGGERED,2026-09-20 12:40:59
2690,TCS,4776.15,1546,15.93,TRIGGERED,2026-09-20 12:40:59
2691,SBIN,1001.8,104,22.17,TRIGGERED,2026-09-20 12:40:59
2692,SBIN,1005.33,1830,22.6,TRIGGERED,2026-09-20 12:41:00
2693,TCS,4778.75,668,15.99,TRIGGERED,2026-09-20 12:41:00
2694,SBIN,1008.13,79,22.94,TRIGGERED,2026-09-20 12:41:01
2695,ICICIBANK,1738.18,117,43.65,TRIGGERED,2026-09-20 12:41:01
2696,SBIN,1005.15,1322,22.58,TRIGGERED,2026-09-20 12:41:01
2697,INFY,1981.62,1601,8.88,TRIGGERED,2026-09-20 12:41:02
2698,TATAMOTORS,953.64,887,-2.69,NORMAL,2026-09-20 12:41:02
2699,INFY,1872.63,1165,2.89,NORMAL,2026-09-20 12:41:03
2700,INFY,1872.77,1411,2.9,NORMAL,2026-09-20 12:41:03
2701,HDFCBANK,1033.42,654,-37.37,TRIGGERED,2026-09-20 12:41:03
2702,RELIANCE,3404.66,854,14.25,TRIGGERED,2026-09-20 12:41:04
2703,RELIANCE,3396.71,1110,13.98,TRIGGERED,2026-09-20 12:41:04
2704,INFY,1875.65,546,3.06,NORMAL,2026-09-20 12:41:05
2705,ITC,620.22,662,26.58,TRIGGERED,2026-09-20 12:41:05
2706,ICICIBANK,1742.52,998,44.01,TRIGGERED,2026-09-20 12:41:05
2707,TATAMOTORS,952.48,1316,-2.81,NORMAL,2026-09-20 12:41:06
2708,LT,3250.16,354,-10.22,TRIGGERED,2026-09-20 12:41:06
2709,RELIANCE,3408.52,589,14.38,TRIGGERED,2026-09-20 12:41:07
2710,ITC,618.87,585,26.3,TRIGGERED,2026-09-20 12:41:07
2711,INFY,1772.49,1583,-2.61,NORMAL,2026-09-20 12:41:07
2712,RELIANCE,3407.98,1943,14.36,TRIGGERED,2026-09-20 12:41:08
2713,TCS,4778.27,889,15.98,TRIGGERED,2026-09-20 12:41:08
2714,TATAMOTORS,948.76,429,-3.19,NORMAL,2026-09-20 12:41:09
2715,RELIANCE,3409.62,606,14.42,TRIGGERED,2026-09-20 12:41:09
2716,TATAMOTORS,949.47,1433,-3.12,NORMAL,2026-09-20 12:41:09
2717,INFY,1777.34,1364,-2.34,NORMAL,2026-09-20 12:41:10
2718,RELIANCE,3422.72,1802,14.86,TRIGGERED,2026-09-20 12:41:10
2719,BHARTIARTL,1444.87,201,-3.03,NORMAL,2026-09-20 12:41:11
2720,INFY,1780.4,1845,-2.18,NORMAL,2026-09-20 12:41:11
2721,HDFCBANK,1029.55,93,-37.6,TRIGGERED,2026-09-20 12:41:11
2722,RELIANCE,3433.05,235,15.2,TRIGGERED,2026-09-20 12:41:12
2723,INFY,1776.88,522,-2.37,NORMAL,2026-09-20 12:41:12
2724,TCS,4795.54,188,16.4,TRIGGERED,2026-09-20 12:41:13
2725,INFY,1775.53,557,-2.44,NORMAL,2026-09-20 12:41:13
2726,LT,3256.6,305,-10.04,TRIGGERED,2026-09-20 12:41:13
2727,TCS,4813.35,1652,16.83,TRIGGERED,2026-09-20 12:41:14
2728,ICICIBANK,1736.93,1988,43.55,TRIGGERED,2026-09-20 12:41:14
2729,BHARTIARTL,1524.34,1922,2.3,NORMAL,2026-09-20 12:41:15
2730,ITC,618.92,1816,26.31,TRIGGERED,2026-09-20 12:41:15
2731,BHARTIARTL,1525.64,1102,2.39,NORMAL,2026-09-20 12:41:15
2732,HDFCBANK,1027.96,1274,-37.7,TRIGGERED,2026-09-20 12:41:16
2733,BHARTIARTL,1521.05,1813,2.08,NORMAL,2026-09-20 12:41:16
2734,LT,3435.71,1302,-5.09,TRIGGERED,2026-09-20 12:41:17
2735,INFY,1776.19,1499,-2.41,NORMAL,2026-09-20 12:41:17
2736,TATAMOTORS,950.7,78,-2.99,NORMAL,2026-09-20 12:41:17
2737,INFY,1770.42,730,-2.72,NORMAL,2026-09-20 12:41:18
2738,BHARTIARTL,1519.25,1018,1.96,NORMAL,2026-09-20 12:41:18
2739,HDFCBANK,1024.05,183,-37.94,TRIGGERED,2026-09-20 12:41:19
2740,SBIN,1002.23,427,22.22,TRIGGERED,2026-09-20 12:41:19
2741,SBIN,1003.61,1770,22.39,TRIGGERED,2026-09-20 12:41:19
2742,ICICIBANK,1731.13,1900,43.07,TRIGGERED,2026-09-20 12:41:20
2743,INFY,1775.0,1617,-2.47,NORMAL,2026-09-20 12:41:20
2744,TCS,4830.63,253,17.25,TRIGGERED,2026-09-20 12:41:21
2745,INFY,1768.09,1168,-2.85,NORMAL,2026-09-20 12:41:21
2746,HDFCBANK,1020.12,290,-38.17,TRIGGERED,2026-09-20 12:41:21
2747,INFY,1769.05,134,-2.8,NORMAL,2026-09-20 12:41:22
2748,ICICIBANK,1735.38,1797,43.42,TRIGGERED,2026-09-20 12:41:22
2749,SBIN,1001.18,1881,22.1,TRIGGERED,2026-09-20 12:41:23
2750,TCS,4817.47,153,16.93,TRIGGERED,2026-09-20 12:41:23
2751,SBIN,1001.96,1784,22.19,TRIGGERED,2026-09-20 12:41:23
2752,SBIN,1001.6,160,22.15,TRIGGERED,2026-09-20 12:41:24
2753,ICICIBANK,1730.43,1763,43.01,TRIGGERED,2026-09-20 12:41:24
2754,LT,3422.81,1930,-5.45,TRIGGERED,2026-09-20 12:41:25
2755,RELIANCE,3426.47,219,14.98,TRIGGERED,2026-09-20 12:41:25
2756,TATAMOTORS,1002.99,877,2.35,NORMAL,2026-09-20 12:41:25
2757,HDFCBANK,1016.45,1185,-38.4,TRIGGERED,2026-09-20 12:41:26
2758,TCS,4831.1,1361,17.26,TRIGGERED,2026-09-20 12:41:26
2759,RELIANCE,3434.58,1108,15.25,TRIGGERED,2026-09-20 12:41:27
2760,TCS,4835.96,943,17.38,TRIGGERED,2026-09-20 12:41:27
2761,ITC,619.75,1572,26.48,TRIGGERED,2026-09-20 12:41:27
2762,SBIN,1005.16,523,22.58,TRIGGERED,2026-09-20 12:41:28
2763,ICICIBANK,1730.09,387,42.98,TRIGGERED,2026-09-20 12:41:28
2764,TCS,4839.97,956,17.48,TRIGGERED,2026-09-20 12:41:29
2765,INFY,1768.41,574,-2.83,NORMAL,2026-09-20 12:41:29
2766,ICICIBANK,1634.94,1264,35.12,TRIGGERED,2026-09-20 12:41:29
2767,SBIN,1006.01,1489,22.68,TRIGGERED,2026-09-20 12:41:30
2768,SBIN,1005.64,504,22.64,TRIGGERED,2026-09-20 12:41:30
2769,INFY,1771.79,136,-2.65,NORMAL,2026-09-20 12:41:31
2770,RELIANCE,3441.81,1579,15.5,TRIGGERED,2026-09-20 12:41:31
2771,BHARTIARTL,1518.96,170,1.94,NORMAL,2026-09-20 12:41:31
2772,ICICIBANK,1633.47,967,35.0,TRIGGERED,2026-09-20 12:41:32
2773,BHARTIARTL,1435.42,704,-3.66,NORMAL,2026-09-20 12:41:32
2774,INFY,1772.75,1589,-2.6,NORMAL,2026-09-20 12:41:33
2775,RELIANCE,3439.24,1376,15.41,TRIGGERED,2026-09-20 12:41:33
2776,RELIANCE,3432.27,1521,15.18,TRIGGERED,2026-09-20 12:41:33
2777,ICICIBANK,1628.44,1880,34.58,TRIGGERED,2026-09-20 12:41:34
2778,TCS,4840.82,473,17.5,TRIGGERED,2026-09-20 12:41:34
2779,HDFCBANK,1014.98,1902,-38.49,TRIGGERED,2026-09-20 12:41:35
2780,ITC,653.84,881,33.44,TRIGGERED,2026-09-20 12:41:35
2781,TCS,4834.96,1120,17.35,TRIGGERED,2026-09-20 12:41:35
2782,TATAMOTORS,1004.35,1951,2.48,NORMAL,2026-09-20 12:41:36
2783,BHARTIARTL,1437.32,1642,-3.54,NORMAL,2026-09-20 12:41:36
2784,TCS,4837.23,796,17.41,TRIGGERED,2026-09-20 12:41:37
2785,ICICIBANK,1633.74,1210,35.02,TRIGGERED,2026-09-20 12:41:37
2786,RELIANCE,3424.56,1336,14.92,TRIGGERED,2026-09-20 12:41:37
2787,TATAMOTORS,1000.49,821,2.09,NORMAL,2026-09-20 12:41:38
2788,SBIN,1001.87,160,22.18,TRIGGERED,2026-09-20 12:41:38
2789,SBIN,946.77,468,15.46,TRIGGERED,2026-09-20 12:41:39
2790,RELIANCE,3435.23,1241,15.28,TRIGGERED,2026-09-20 12:41:39
2791,TCS,4856.12,759,17.87,TRIGGERED,2026-09-20 12:41:39
2792,LT,3426.34,1771,-5.35,TRIGGERED,2026-09-20 12:41:40
2793,ICICIBANK,1629.69,1752,34.69,TRIGGERED,2026-09-20 12:41:40
2794,ITC,652.17,1712,33.1,TRIGGERED,2026-09-20 12:41:41
2795,LT,3435.93,1042,-5.08,TRIGGERED,2026-09-20 12:41:41
2796,ITC,653.43,484,33.35,TRIGGERED,2026-09-20 12:41:41
2797,TATAMOTORS,1003.41,1558,2.39,NORMAL,2026-09-20 12:41:42
2798,SBIN,948.44,403,15.66,TRIGGERED,2026-09-20 12:41:42
2799,LT,3434.54,985,-5.12,TRIGGERED,2026-09-20 12:41:43
2800,INFY,1772.61,1039,-2.6,NORMAL,2026-09-20 12:41:43
2801,TCS,4870.74,1610,18.22,TRIGGERED,2026-09-20 12:41:43
2802,BHARTIARTL,1516.37,758,1.77,NORMAL,2026-09-20 12:41:44
2803,TATAMOTORS,1058.6,918,8.02,TRIGGERED,2026-09-20 12:41:44
2804,BHARTIARTL,1511.4,1558,1.44,NORMAL,2026-09-20 12:41:45
2805,TATAMOTORS,1061.51,1323,8.32,TRIGGERED,2026-09-20 12:41:45
2806,LT,3439.93,840,-4.97,NORMAL,2026-09-20 12:41:45
2807,LT,3434.92,854,-5.11,TRIGGERED,2026-09-20 12:41:46
2808,BHARTIARTL,1513.15,471,1.55,NORMAL,2026-09-20 12:41:46
2809,SBIN,950.07,588,15.86,TRIGGERED,2026-09-20 12:41:47
2810,TATAMOTORS,1061.32,744,8.3,TRIGGERED,2026-09-20 12:41:47
2811,BHARTIARTL,1507.57,485,1.18,NORMAL,2026-09-20 12:41:47
2812,LT,3427.42,928,-5.32,TRIGGERED,2026-09-20 12:41:48
2813,ITC,654.37,1137,33.54,TRIGGERED,2026-09-20 12:41:48
2814,TCS,4882.68,964,18.51,TRIGGERED,2026-09-20 12:41:49
2815,INFY,1771.55,637,-2.66,NORMAL,2026-09-20 12:41:49
2816,LT,3238.91,39,-10.53,TRIGGERED,2026-09-20 12:41:50
2817,HDFCBANK,1013.1,361,-38.6,TRIGGERED,2026-09-20 12:41:50
2818,TATAMOTORS,1063.56,812,8.53,TRIGGERED,2026-09-20 12:41:50
2819,TATAMOTORS,1062.55,214,8.42,TRIGGERED,2026-09-20 12:41:51
2820,ICICIBANK,1631.34,1956,34.82,TRIGGERED,2026-09-20 12:41:51
2821,ICICIBANK,1721.06,678,42.24,TRIGGERED,2026-09-20 12:41:52
2822,TCS,4895.79,696,18.83,TRIGGERED,2026-09-20 12:41:52
2823,HDFCBANK,1015.45,131,-38.46,TRIGGERED,2026-09-20 12:41:52
2824,LT,3060.77,926,-15.45,TRIGGERED,2026-09-20 12:41:53
2825,INFY,1774.38,806,-2.51,NORMAL,2026-09-20 12:41:53
2826,INFY,1772.59,1746,-2.6,NORMAL,2026-09-20 12:41:54
2827,BHARTIARTL,1511.07,1987,1.41,NORMAL,2026-09-20 12:41:54
2828,TATAMOTORS,1120.99,1368,14.39,TRIGGERED,2026-09-20 12:41:54
2829,ICICIBANK,1726.04,1724,42.65,TRIGGERED,2026-09-20 12:41:55
2830,RELIANCE,3438.13,948,15.37,TRIGGERED,2026-09-20 12:41:55
2831,RELIANCE,3249.03,86,9.03,TRIGGERED,2026-09-20 12:41:56
2832,SBIN,947.96,1302,15.6,TRIGGERED,2026-09-20 12:41:56
2833,TCS,4891.77,1088,18.73,TRIGGERED,2026-09-20 12:41:56
2834,TCS,5160.82,909,25.26,TRIGGERED,2026-09-20 12:41:57
2835,ITC,655.51,502,33.78,TRIGGERED,2026-09-20 12:41:57
2836,BHARTIARTL,1427.96,746,-4.16,NORMAL,2026-09-20 12:41:58
2837,LT,3070.52,299,-15.18,TRIGGERED,2026-09-20 12:41:58
2838,SBIN,951.72,634,16.06,TRIGGERED,2026-09-20 12:41:58
2839,RELIANCE,3427.73,448,15.02,TRIGGERED,2026-09-20 12:41:59
2840,TATAMOTORS,1116.73,1904,13.95,TRIGGERED,2026-09-20 12:41:59
2841,INFY,1772.9,1601,-2.59,NORMAL,2026-09-20 12:42:00
2842,ITC,653.41,872,33.35,TRIGGERED,2026-09-20 12:42:00
2843,ICICIBANK,1721.48,224,42.27,TRIGGERED,2026-09-20 12:42:00
2844,SBIN,954.31,1349,16.38,TRIGGERED,2026-09-20 12:42:01
2845,ITC,651.97,1259,33.06,TRIGGERED,2026-09-20 12:42:01
2846,TCS,5178.96,1118,25.7,TRIGGERED,2026-09-20 12:42:02
2847,RELIANCE,3428.15,418,15.04,TRIGGERED,2026-09-20 12:42:02
2848,BHARTIARTL,1428.93,798,-4.1,NORMAL,2026-09-20 12:42:02
2849,TATAMOTORS,1114.52,290,13.73,TRIGGERED,2026-09-20 12:42:03
2850,INFY,1771.65,1215,-2.66,NORMAL,2026-09-20 12:42:03
2851,ITC,651.54,1973,32.97,TRIGGERED,2026-09-20 12:42:04
2852,ITC,652.5,1176,33.16,TRIGGERED,2026-09-20 12:42:04
2853,ICICIBANK,1717.45,1358,41.94,TRIGGERED,2026-09-20 12:42:04
2854,ICICIBANK,1713.81,743,41.64,TRIGGERED,2026-09-20 12:42:05
2855,BHARTIARTL,1429.91,652,-4.03,NORMAL,2026-09-20 12:42:05
2856,BHARTIARTL,1433.11,1004,-3.82,NORMAL,2026-09-20 12:42:06
2857,ICICIBANK,1619.55,1866,33.85,TRIGGERED,2026-09-20 12:42:06
2858,RELIANCE,3239.6,1170,8.71,TRIGGERED,2026-09-20 12:42:06
2859,ITC,650.25,819,32.7,TRIGGERED,2026-09-20 12:42:07
2860,INFY,1766.49,1488,-2.94,NORMAL,2026-09-20 12:42:07
2861,INFY,1762.8,1934,-3.14,NORMAL,2026-09-20 12:42:08
2862,TATAMOTORS,1115.32,588,13.81,TRIGGERED,2026-09-20 12:42:08
2863,ITC,650.01,744,32.66,TRIGGERED,2026-09-20 12:42:08
2864,TATAMOTORS,1114.3,579,13.7,TRIGGERED,2026-09-20 12:42:09
2865,LT,3060.63,581,-15.45,TRIGGERED,2026-09-20 12:42:09
2866,INFY,1767.97,1590,-2.86,NORMAL,2026-09-20 12:42:10
2867,BHARTIARTL,1432.04,191,-3.89,NORMAL,2026-09-20 12:42:10
2868,TATAMOTORS,1117.2,416,14.0,TRIGGERED,2026-09-20 12:42:10
2869,TATAMOTORS,1118.57,1076,14.14,TRIGGERED,2026-09-20 12:42:11
2870,RELIANCE,3250.21,1778,9.07,TRIGGERED,2026-09-20 12:42:11
2871,ICICIBANK,1618.96,814,33.8,TRIGGERED,2026-09-20 12:42:12
2872,ITC,650.29,524,32.71,TRIGGERED,2026-09-20 12:42:12
2873,LT,3228.96,1333,-10.8,TRIGGERED,2026-09-20 12:42:12
2874,RELIANCE,3256.09,1215,9.26,TRIGGERED,2026-09-20 12:42:13
2875,ITC,650.58,654,32.77,TRIGGERED,2026-09-20 12:42:13
2876,ITC,648.74,459,32.4,TRIGGERED,2026-09-20 12:42:14
2877,TATAMOTORS,1117.05,728,13.98,TRIGGERED,2026-09-20 12:42:14
2878,RELIANCE,3248.89,157,9.02,TRIGGERED,2026-09-20 12:42:14
2879,LT,3233.12,1053,-10.69,TRIGGERED,2026-09-20 12:42:15
2880,TATAMOTORS,1116.05,707,13.88,TRIGGERED,2026-09-20 12:42:15
2881,RELIANCE,3258.68,1751,9.35,TRIGGERED,2026-09-20 12:42:16
2882,RELIANCE,3260.25,724,9.4,TRIGGERED,2026-09-20 12:42:16
2883,SBIN,957.06,1485,16.71,TRIGGERED,2026-09-20 12:42:16
2884,ITC,650.47,1290,32.75,TRIGGERED,2026-09-20 12:42:17
2885,ITC,651.96,475,33.05,TRIGGERED,2026-09-20 12:42:17
2886,TATAMOTORS,1118.54,1007,14.14,TRIGGERED,2026-09-20 12:42:18
2887,ITC,653.15,1950,33.3,TRIGGERED,2026-09-20 12:42:18
2888,INFY,1767.42,1241,-2.89,NORMAL,2026-09-20 12:42:18
2889,TCS,5181.67,1513,25.77,TRIGGERED,2026-09-20 12:42:19
2890,ITC,651.52,1312,32.96,TRIGGERED,2026-09-20 12:42:19
2891,SBIN,960.63,1948,17.15,TRIGGERED,2026-09-20 12:42:20
2892,HDFCBANK,1013.74,70,-38.56,TRIGGERED,2026-09-20 12:42:20
2893,HDFCBANK,1017.49,911,-38.33,TRIGGERED,2026-09-20 12:42:20
2894,INFY,1773.73,1084,-2.54,NORMAL,2026-09-20 12:42:21
2895,ICICIBANK,1616.85,1255,33.62,TRIGGERED,2026-09-20 12:42:21
2896,HDFCBANK,1015.44,1413,-38.46,TRIGGERED,2026-09-20 12:42:22
2897,ICICIBANK,1615.93,673,33.55,TRIGGERED,2026-09-20 12:42:22
2898,BHARTIARTL,1426.96,847,-4.23,NORMAL,2026-09-20 12:42:22
2899,BHARTIARTL,1423.7,253,-4.45,NORMAL,2026-09-20 12:42:23
2900,TATAMOTORS,1121.42,1514,14.43,TRIGGERED,2026-09-20 12:42:23
2901,BHARTIARTL,1425.9,211,-4.3,NORMAL,2026-09-20 12:42:24
2902,ICICIBANK,1527.05,973,26.2,TRIGGERED,2026-09-20 12:42:24
2903,ICICIBANK,1523.15,625,25.88,TRIGGERED,2026-09-20 12:42:24
2904,SBIN,961.5,230,17.26,TRIGGERED,2026-09-20 12:42:25
2905,ICICIBANK,1523.57,1054,25.91,TRIGGERED,2026-09-20 12:42:25
2906,RELIANCE,3080.94,1353,3.39,NORMAL,2026-09-20 12:42:26
2907,ITC,652.45,1988,33.15,TRIGGERED,2026-09-20 12:42:26
2908,TATAMOTORS,1121.48,1941,14.44,TRIGGERED,2026-09-20 12:42:26
2909,RELIANCE,3068.76,719,2.98,NORMAL,2026-09-20 12:42:27
2910,RELIANCE,3078.96,298,3.32,NORMAL,2026-09-20 12:42:27
2911,TATAMOTORS,1119.52,733,14.24,TRIGGERED,2026-09-20 12:42:28
2912,ITC,653.16,848,33.3,TRIGGERED,2026-09-20 12:42:28
2913,LT,3225.28,71,-10.9,TRIGGERED,2026-09-20 12:42:28
2914,SBIN,961.75,1356,17.29,TRIGGERED,2026-09-20 12:42:29
2915,LT,3232.22,1857,-10.71,TRIGGERED,2026-09-20 12:42:29
2916,RELIANCE,3072.76,1472,3.11,NORMAL,2026-09-20 12:42:30
2917,TATAMOTORS,1115.16,1315,13.79,TRIGGERED,2026-09-20 12:42:30
2918,BHARTIARTL,1504.32,310,0.96,NORMAL,2026-09-20 12:42:30
2919,HDFCBANK,1014.77,1718,-38.5,TRIGGERED,2026-09-20 12:42:31
2920,ITC,651.83,753,33.03,TRIGGERED,2026-09-20 12:42:31
2921,INFY,1779.41,43,-2.23,NORMAL,2026-09-20 12:42:32
2922,INFY,1776.54,331,-2.39,NORMAL,2026-09-20 12:42:32
2923,INFY,1776.87,762,-2.37,NORMAL,2026-09-20 12:42:32
2924,ITC,653.37,886,33.34,TRIGGERED,2026-09-20 12:42:33
2925,LT,3235.25,1405,-10.63,TRIGGERED,2026-09-20 12:42:33
2926,LT,3413.19,732,-5.71,TRIGGERED,2026-09-20 12:42:34
2927,INFY,1782.56,108,-2.06,NORMAL,2026-09-20 12:42:34
2928,BHARTIARTL,1502.02,1096,0.81,NORMAL,2026-09-20 12:42:34
2929,TCS,5160.95,1230,25.27,TRIGGERED,2026-09-20 12:42:35
2930,RELIANCE,3068.68,294,2.98,NORMAL,2026-09-20 12:42:35
2931,BHARTIARTL,1501.23,1561,0.75,NORMAL,2026-09-20 12:42:36
2932,HDFCBANK,958.96,94,-41.88,TRIGGERED,2026-09-20 12:42:36
2933,ITC,654.05,830,33.48,TRIGGERED,2026-09-20 12:42:36
2934,BHARTIARTL,1505.07,85,1.01,NORMAL,2026-09-20 12:42:37
2935,INFY,1775.62,750,-2.44,NORMAL,2026-09-20 12:42:37
2936,HDFCBANK,960.56,752,-41.78,TRIGGERED,2026-09-20 12:42:38
2937,ITC,655.06,952,33.69,TRIGGERED,2026-09-20 12:42:38
2938,LT,3406.9,1926,-5.89,TRIGGERED,2026-09-20 12:42:38
2939,SBIN,958.55,1528,16.9,TRIGGERED,2026-09-20 12:42:39
2940,BHARTIARTL,1499.86,893,0.66,NORMAL,2026-09-20 12:42:39
2941,RELIANCE,3077.62,1288,3.28,NORMAL,2026-09-20 12:42:40
2942,LT,3403.71,924,-5.97,TRIGGERED,2026-09-20 12:42:40
2943,BHARTIARTL,1499.09,228,0.61,NORMAL,2026-09-20 12:42:40
2944,BHARTIARTL,1504.32,897,0.96,NORMAL,2026-09-20 12:42:41
2945,TATAMOTORS,1111.05,1719,13.37,TRIGGERED,2026-09-20 12:42:41
2946,ITC,691.09,1349,41.04,TRIGGERED,2026-09-20 12:42:42
2947,SBIN,957.59,1042,16.78,TRIGGERED,2026-09-20 12:42:42
2948,HDFCBANK,963.24,646,-41.62,TRIGGERED,2026-09-20 12:42:42
2949,RELIANCE,3086.7,436,3.58,NORMAL,2026-09-20 12:42:43
2950,INFY,1768.72,1385,-2.82,NORMAL,2026-09-20 12:42:43
2951,INFY,1766.83,454,-2.92,NORMAL,2026-09-20 12:42:44
2952,ICICIBANK,1523.27,1299,25.89,TRIGGERED,2026-09-20 12:42:44
2953,INFY,1763.86,1463,-3.08,NORMAL,2026-09-20 12:42:44
2954,INFY,1767.03,1526,-2.91,NORMAL,2026-09-20 12:42:45
2955,LT,3406.32,1277,-5.9,TRIGGERED,2026-09-20 12:42:45
2956,LT,3410.06,72,-5.8,TRIGGERED,2026-09-20 12:42:46
2957,LT,3417.78,696,-5.59,TRIGGERED,2026-09-20 12:42:46
2958,ICICIBANK,1526.43,864,26.15,TRIGGERED,2026-09-20 12:42:46
2959,ITC,653.08,1614,33.28,TRIGGERED,2026-09-20 12:42:47
2960,LT,3409.76,706,-5.81,TRIGGERED,2026-09-20 12:42:47
2961,SBIN,959.22,1210,16.98,TRIGGERED,2026-09-20 12:42:48
2962,BHARTIARTL,1503.51,1208,0.91,NORMAL,2026-09-20 12:42:48
2963,TCS,5168.91,731,25.46,TRIGGERED,2026-09-20 12:42:48
2964,RELIANCE,3256.47,1488,9.28,TRIGGERED,2026-09-20 12:42:49
2965,SBIN,960.08,1847,17.08,TRIGGERED,2026-09-20 12:42:49
2966,INFY,1765.63,300,-2.99,NORMAL,2026-09-20 12:42:50
2967,HDFCBANK,1016.22,1402,-38.41,TRIGGERED,2026-09-20 12:42:50
2968,BHARTIARTL,1503.35,88,0.9,NORMAL,2026-09-20 12:42:50
2969,LT,3401.23,1299,-6.04,TRIGGERED,2026-09-20 12:42:51
2970,HDFCBANK,1015.8,1401,-38.44,TRIGGERED,2026-09-20 12:42:51
2971,ICICIBANK,1522.57,1522,25.83,TRIGGERED,2026-09-20 12:42:52
2972,TCS,5167.75,1082,25.43,TRIGGERED,2026-09-20 12:42:52
2973,ITC,651.01,705,32.86,TRIGGERED,2026-09-20 12:42:52
2974,ICICIBANK,1524.98,921,26.03,TRIGGERED,2026-09-20 12:42:53
2975,INFY,1772.28,558,-2.62,NORMAL,2026-09-20 12:42:53
2976,ICICIBANK,1522.55,1139,25.83,TRIGGERED,2026-09-20 12:42:54
2977,TCS,5165.55,285,25.38,TRIGGERED,2026-09-20 12:42:54
2978,RELIANCE,3260.53,475,9.41,TRIGGERED,2026-09-20 12:42:55
2979,ICICIBANK,1521.06,863,25.71,TRIGGERED,2026-09-20 12:42:55
2980,HDFCBANK,1016.87,767,-38.37,TRIGGERED,2026-09-20 12:42:55
2981,INFY,1767.16,1786,-2.9,NORMAL,2026-09-20 12:42:56
2982,HDFCBANK,1013.89,49,-38.55,TRIGGERED,2026-09-20 12:42:56
2983,ITC,649.84,668,32.62,TRIGGERED,2026-09-20 12:42:57
2984,TATAMOTORS,1107.44,823,13.0,TRIGGERED,2026-09-20 12:42:57
2985,TCS,5164.4,390,25.35,TRIGGERED,2026-09-20 12:42:57
2986,TATAMOTORS,1105.24,1939,12.78,TRIGGERED,2026-09-20 12:42:58
2987,HDFCBANK,1010.38,1345,-38.76,TRIGGERED,2026-09-20 12:42:58
2988,INFY,1770.71,820,-2.71,NORMAL,2026-09-20 12:42:59
2989,LT,3588.3,608,-0.88,NORMAL,2026-09-20 12:42:59
2990,SBIN,960.29,1651,17.11,TRIGGERED,2026-09-20 12:42:59
2991,HDFCBANK,1010.45,960,-38.76,TRIGGERED,2026-09-20 12:43:00
2992,ICICIBANK,1515.25,827,25.23,TRIGGERED,2026-09-20 12:43:00
2993,TCS,5178.87,1841,25.7,TRIGGERED,2026-09-20 12:43:01
2994,INFY,1771.35,1643,-2.67,NORMAL,2026-09-20 12:43:01
2995,ICICIBANK,1514.96,1594,25.2,TRIGGERED,2026-09-20 12:43:01
2996,TATAMOTORS,1101.1,1373,12.36,TRIGGERED,2026-09-20 12:43:02
2997,SBIN,961.97,1137,17.31,TRIGGERED,2026-09-20 12:43:02
2998,SBIN,961.39,1418,17.24,TRIGGERED,2026-09-20 12:43:03
2999,ICICIBANK,1519.75,945,25.6,TRIGGERED,2026-09-20 12:43:03
3000,TATAMOTORS,1099.71,1416,12.22,TRIGGERED,2026-09-20 12:43:03
3001,BHARTIARTL,1503.87,1595,0.93,NORMAL,2026-09-20 12:43:04
3002,TATAMOTORS,1096.52,459,11.89,TRIGGERED,2026-09-20 12:43:04
3003,TATAMOTORS,1096.5,1511,11.89,TRIGGERED,2026-09-20 12:43:05
3004,BHARTIARTL,1506.55,360,1.11,NORMAL,2026-09-20 12:43:05
3005,TATAMOTORS,1093.58,831,11.59,TRIGGERED,2026-09-20 12:43:05
3006,HDFCBANK,1007.64,119,-38.93,TRIGGERED,2026-09-20 12:43:06
3007,TCS,5463.71,1657,32.61,TRIGGERED,2026-09-20 12:43:06
3008,TCS,5460.84,1170,32.54,TRIGGERED,2026-09-20 12:43:07
3009,TATAMOTORS,1090.82,1583,11.31,TRIGGERED,2026-09-20 12:43:07
3010,INFY,1775.15,403,-2.46,NORMAL,2026-09-20 12:43:07
3011,SBIN,957.55,732,16.77,TRIGGERED,2026-09-20 12:43:08
3012,LT,3601.63,122,-0.51,NORMAL,2026-09-20 12:43:08
3013,HDFCBANK,1006.15,928,-39.02,TRIGGERED,2026-09-20 12:43:09
3014,TCS,5440.32,1336,32.05,TRIGGERED,2026-09-20 12:43:09
3015,RELIANCE,3254.94,1175,9.23,TRIGGERED,2026-09-20 12:43:09
3016,SBIN,960.5,1897,17.13,TRIGGERED,2026-09-20 12:43:10
3017,HDFCBANK,1005.08,1207,-39.09,TRIGGERED,2026-09-20 12:43:10
3018,RELIANCE,3248.66,1188,9.02,TRIGGERED,2026-09-20 12:43:11
3019,INFY,1772.62,1931,-2.6,NORMAL,2026-09-20 12:43:11
3020,RELIANCE,3244.41,1359,8.87,TRIGGERED,2026-09-20 12:43:11
3021,TATAMOTORS,1090.55,493,11.28,TRIGGERED,2026-09-20 12:43:12
3022,RELIANCE,3235.26,391,8.57,TRIGGERED,2026-09-20 12:43:12
3023,HDFCBANK,1005.1,1836,-39.08,TRIGGERED,2026-09-20 12:43:13
3024,ITC,649.87,1260,32.63,TRIGGERED,2026-09-20 12:43:13
3025,HDFCBANK,1006.16,600,-39.02,TRIGGERED,2026-09-20 12:43:13
3026,LT,3610.65,1574,-0.26,NORMAL,2026-09-20 12:43:14
3027,INFY,1775.82,338,-2.43,NORMAL,2026-09-20 12:43:14
3028,ICICIBANK,1519.59,396,25.59,TRIGGERED,2026-09-20 12:43:15
3029,SBIN,956.96,674,16.7,TRIGGERED,2026-09-20 12:43:15
3030,INFY,1678.15,740,-7.79,TRIGGERED,2026-09-20 12:43:15
3031,SBIN,904.33,1766,10.28,TRIGGERED,2026-09-20 12:43:16
3032,ITC,650.27,1734,32.71,TRIGGERED,2026-09-20 12:43:16
3033,LT,3613.96,112,-0.17,NORMAL,2026-09-20 12:43:17
3034,SBIN,903.91,205,10.23,TRIGGERED,2026-09-20 12:43:17
3035,SBIN,902.52,1475,10.06,TRIGGERED,2026-09-20 12:43:17
3036,TCS,5425.64,1904,31.69,TRIGGERED,2026-09-20 12:43:18
3037,TATAMOTORS,1086.87,87,10.91,TRIGGERED,2026-09-20 12:43:18
3038,HDFCBANK,1005.63,1068,-39.05,TRIGGERED,2026-09-20 12:43:19
3039,ITC,649.88,688,32.63,TRIGGERED,2026-09-20 12:43:19
3040,INFY,1676.11,925,-7.91,TRIGGERED,2026-09-20 12:43:19
3041,INFY,1674.4,554,-8.0,TRIGGERED,2026-09-20 12:43:20
3042,TATAMOTORS,1087.41,295,10.96,TRIGGERED,2026-09-20 12:43:20
3043,RELIANCE,3244.94,669,8.89,TRIGGERED,2026-09-20 12:43:21
3044,TCS,5429.68,1499,31.79,TRIGGERED,2026-09-20 12:43:21
3045,RELIANCE,3243.07,1814,8.83,TRIGGERED,2026-09-20 12:43:21
3046,SBIN,898.93,1148,9.63,TRIGGERED,2026-09-20 12:43:22
3047,BHARTIARTL,1500.72,1050,0.72,NORMAL,2026-09-20 12:43:22
3048,ITC,652.12,1634,33.09,TRIGGERED,2026-09-20 12:43:23
3049,INFY,1670.08,1207,-8.24,TRIGGERED,2026-09-20 12:43:23
3050,BHARTIARTL,1498.71,663,0.58,NORMAL,2026-09-20 12:43:23
3051,ITC,651.51,223,32.96,TRIGGERED,2026-09-20 12:43:24
3052,BHARTIARTL,1502.11,667,0.81,NORMAL,2026-09-20 12:43:24
3053,TCS,5444.85,418,32.16,TRIGGERED,2026-09-20 12:43:25
3054,ICICIBANK,1517.3,1072,25.4,TRIGGERED,2026-09-20 12:43:25
3055,ICICIBANK,1519.84,911,25.61,TRIGGERED,2026-09-20 12:43:25
3056,RELIANCE,3247.14,278,8.96,TRIGGERED,2026-09-20 12:43:26
3057,ITC,615.68,1149,25.65,TRIGGERED,2026-09-20 12:43:26
3058,SBIN,849.49,1037,3.6,NORMAL,2026-09-20 12:43:27
3059,RELIANCE,3242.0,319,8.79,TRIGGERED,2026-09-20 12:43:27
3060,ITC,614.42,1969,25.39,TRIGGERED,2026-09-20 12:43:27
3061,TATAMOTORS,1086.39,569,10.86,TRIGGERED,2026-09-20 12:43:28
3062,RELIANCE,3420.31,956,14.78,TRIGGERED,2026-09-20 12:43:28
3063,TATAMOTORS,1088.01,568,11.02,TRIGGERED,2026-09-20 12:43:29
3064,LT,3605.21,1172,-0.41,NORMAL,2026-09-20 12:43:29
3065,LT,3615.38,1690,-0.13,NORMAL,2026-09-20 12:43:29
3066,LT,3416.53,612,-5.62,TRIGGERED,2026-09-20 12:43:30
3067,ITC,615.74,416,25.66,TRIGGERED,2026-09-20 12:43:30
3068,LT,3423.65,1015,-5.42,TRIGGERED,2026-09-20 12:43:31
3069,HDFCBANK,1002.53,359,-39.24,TRIGGERED,2026-09-20 12:43:31
3070,LT,3421.31,1708,-5.49,TRIGGERED,2026-09-20 12:43:31
3071,RELIANCE,3432.07,1215,15.17,TRIGGERED,2026-09-20 12:43:32
3072,HDFCBANK,1006.21,431,-39.02,TRIGGERED,2026-09-20 12:43:32
3073,BHARTIARTL,1497.55,77,0.51,NORMAL,2026-09-20 12:43:33
3074,SBIN,848.72,530,3.5,NORMAL,2026-09-20 12:43:33
3075,BHARTIARTL,1491.6,1197,0.11,NORMAL,2026-09-20 12:43:33
3076,TATAMOTORS,1085.15,1307,10.73,TRIGGERED,2026-09-20 12:43:34
3077,INFY,1666.1,512,-8.46,TRIGGERED,2026-09-20 12:43:34
3078,LT,3433.44,1704,-5.15,TRIGGERED,2026-09-20 12:43:35
3079,TCS,5432.26,707,31.85,TRIGGERED,2026-09-20 12:43:35
3080,ITC,613.52,812,25.21,TRIGGERED,2026-09-20 12:43:35
3081,BHARTIARTL,1486.07,292,-0.26,NORMAL,2026-09-20 12:43:36
3082,ICICIBANK,1525.86,1224,26.1,TRIGGERED,2026-09-20 12:43:36
3083,ICICIBANK,1529.0,1490,26.36,TRIGGERED,2026-09-20 12:43:37
3084,LT,3428.23,102,-5.3,TRIGGERED,2026-09-20 12:43:37
3085,LT,3427.5,461,-5.32,TRIGGERED,2026-09-20 12:43:37
3086,HDFCBANK,1003.99,233,-39.15,TRIGGERED,2026-09-20 12:43:38
3087,INFY,1665.44,1438,-8.49,TRIGGERED,2026-09-20 12:43:38
3088,HDFCBANK,1002.32,708,-39.25,TRIGGERED,2026-09-20 12:43:39
3089,INFY,1662.55,132,-8.65,TRIGGERED,2026-09-20 12:43:39
3090,HDFCBANK,999.23,984,-39.44,TRIGGERED,2026-09-20 12:43:39
3091,TATAMOTORS,1087.44,183,10.96,TRIGGERED,2026-09-20 12:43:40
3092,BHARTIARTL,1486.28,139,-0.25,NORMAL,2026-09-20 12:43:40
3093,TCS,5439.85,323,32.04,TRIGGERED,2026-09-20 12:43:41
3094,INFY,1666.47,1201,-8.44,TRIGGERED,2026-09-20 12:43:41
3095,RELIANCE,3431.93,501,15.17,TRIGGERED,2026-09-20 12:43:41
3096,TATAMOTORS,1087.54,1545,10.97,TRIGGERED,2026-09-20 12:43:42
3097,RELIANCE,3428.49,397,15.05,TRIGGERED,2026-09-20 12:43:42
3098,HDFCBANK,999.59,256,-39.42,TRIGGERED,2026-09-20 12:43:43
3099,TATAMOTORS,1085.52,1101,10.77,TRIGGERED,2026-09-20 12:43:43
3100,RELIANCE,3421.62,582,14.82,TRIGGERED,2026-09-20 12:43:43
3101,BHARTIARTL,1486.17,1894,-0.26,NORMAL,2026-09-20 12:43:44
3102,TCS,5429.71,415,31.79,TRIGGERED,2026-09-20 12:43:44
3103,BHARTIARTL,1481.79,1537,-0.55,NORMAL,2026-09-20 12:43:45
3104,ITC,614.5,610,25.41,TRIGGERED,2026-09-20 12:43:45
3105,RELIANCE,3412.2,679,14.5,TRIGGERED,2026-09-20 12:43:45
3106,TATAMOTORS,1085.74,129,10.79,TRIGGERED,2026-09-20 12:43:46
3107,ICICIBANK,1531.66,1509,26.58,TRIGGERED,2026-09-20 12:43:46
3108,LT,3418.9,376,-5.56,TRIGGERED,2026-09-20 12:43:47
3109,TCS,5437.46,916,31.98,TRIGGERED,2026-09-20 12:43:47
3110,HDFCBANK,996.56,173,-39.6,TRIGGERED,2026-09-20 12:43:47
3111,ICICIBANK,1525.61,251,26.08,TRIGGERED,2026-09-20 12:43:48
3112,SBIN,847.15,219,3.31,NORMAL,2026-09-20 12:43:48
3113,ICICIBANK,1441.7,1786,19.15,TRIGGERED,2026-09-20 12:43:49
3114,TCS,5435.27,1887,31.92,TRIGGERED,2026-09-20 12:43:49
3115,BHARTIARTL,1485.18,1176,-0.32,NORMAL,2026-09-20 12:43:49
3116,INFY,1662.7,1738,-8.64,TRIGGERED,2026-09-20 12:43:50
3117,TCS,5451.12,989,32.31,TRIGGERED,2026-09-20 12:43:50
3118,TCS,5451.63,1266,32.32,TRIGGERED,2026-09-20 12:43:51
3119,TATAMOTORS,1087.33,1538,10.95,TRIGGERED,2026-09-20 12:43:51
3120,INFY,1667.05,1703,-8.4,TRIGGERED,2026-09-20 12:43:52
3121,TATAMOTORS,1027.53,899,4.85,NORMAL,2026-09-20 12:43:52
3122,SBIN,849.89,1058,3.65,NORMAL,2026-09-20 12:43:52
3123,LT,3429.2,1966,-5.27,TRIGGERED,2026-09-20 12:43:53
3124,RELIANCE,3402.28,866,14.17,TRIGGERED,2026-09-20 12:43:53
3125,TATAMOTORS,1027.22,1658,4.82,NORMAL,2026-09-20 12:43:54
3126,BHARTIARTL,1490.93,985,0.06,NORMAL,2026-09-20 12:43:54
3127,TATAMOTORS,1027.01,1500,4.8,NORMAL,2026-09-20 12:43:54
3128,SBIN,852.31,951,3.94,NORMAL,2026-09-20 12:43:55
3129,SBIN,852.31,680,3.94,NORMAL,2026-09-20 12:43:55
3130,INFY,1666.85,584,-8.41,TRIGGERED,2026-09-20 12:43:56
3131,TCS,5434.83,524,31.91,TRIGGERED,2026-09-20 12:43:56
3132,ITC,614.1,767,25.33,TRIGGERED,2026-09-20 12:43:56
3133,LT,3421.27,732,-5.49,TRIGGERED,2026-09-20 12:43:57
3134,TATAMOTORS,1028.47,1214,4.95,NORMAL,2026-09-20 12:43:57
3135,ITC,615.49,720,25.61,TRIGGERED,2026-09-20 12:43:58
3136,RELIANCE,3415.18,1951,14.6,TRIGGERED,2026-09-20 12:43:58
3137,INFY,1664.26,1779,-8.56,TRIGGERED,2026-09-20 12:43:58
3138,TCS,5413.1,1488,31.39,TRIGGERED,2026-09-20 12:43:59
3139,ICICIBANK,1438.27,943,18.87,TRIGGERED,2026-09-20 12:43:59
3140,HDFCBANK,995.81,339,-39.65,TRIGGERED,2026-09-20 12:44:00
3141,TATAMOTORS,1029.15,1102,5.02,TRIGGERED,2026-09-20 12:44:00
3142,TATAMOTORS,1030.5,1088,5.15,TRIGGERED,2026-09-20 12:44:00
3143,INFY,1660.84,296,-8.75,TRIGGERED,2026-09-20 12:44:01
3144,TATAMOTORS,1031.38,855,5.24,TRIGGERED,2026-09-20 12:44:01
3145,BHARTIARTL,1495.11,191,0.34,NORMAL,2026-09-20 12:44:02
3146,BHARTIARTL,1498.47,1341,0.57,NORMAL,2026-09-20 12:44:02
3147,TATAMOTORS,1029.56,502,5.06,TRIGGERED,2026-09-20 12:44:02
3148,INFY,1660.12,1803,-8.78,TRIGGERED,2026-09-20 12:44:03
3149,RELIANCE,3417.94,836,14.7,TRIGGERED,2026-09-20 12:44:03
3150,ICICIBANK,1439.85,1246,19.0,TRIGGERED,2026-09-20 12:44:04
3151,HDFCBANK,995.83,461,-39.65,TRIGGERED,2026-09-20 12:44:04
3152,TCS,5399.43,1199,31.05,TRIGGERED,2026-09-20 12:44:04
3153,SBIN,853.1,352,4.04,NORMAL,2026-09-20 12:44:05
3154,TATAMOTORS,1025.77,1981,4.67,NORMAL,2026-09-20 12:44:05
3155,LT,3421.47,1364,-5.48,TRIGGERED,2026-09-20 12:44:06
3156,HDFCBANK,994.84,1309,-39.71,TRIGGERED,2026-09-20 12:44:06
3157,TATAMOTORS,1021.88,1021,4.27,NORMAL,2026-09-20 12:44:06
3158,LT,3422.05,954,-5.47,TRIGGERED,2026-09-20 12:44:07
3159,TATAMOTORS,1021.89,619,4.27,NORMAL,2026-09-20 12:44:07
3160,BHARTIARTL,1492.99,1828,0.2,NORMAL,2026-09-20 12:44:08
3161,RELIANCE,3429.38,1448,15.08,TRIGGERED,2026-09-20 12:44:08
3162,SBIN,853.97,1821,4.14,NORMAL,2026-09-20 12:44:08
3163,HDFCBANK,992.73,550,-39.83,TRIGGERED,2026-09-20 12:44:09
3164,TCS,5384.88,1200,30.7,TRIGGERED,2026-09-20 12:44:09
3165,INFY,1659.21,727,-8.83,TRIGGERED,2026-09-20 12:44:10
3166,BHARTIARTL,1497.04,1030,0.47,NORMAL,2026-09-20 12:44:10
3167,TCS,5088.71,149,23.51,TRIGGERED,2026-09-20 12:44:10
3168,ICICIBANK,1436.03,493,18.68,TRIGGERED,2026-09-20 12:44:11
3169,HDFCBANK,996.37,382,-39.61,TRIGGERED,2026-09-20 12:44:11
3170,TATAMOTORS,1018.29,884,3.91,NORMAL,2026-09-20 12:44:12
3171,TCS,4808.83,1425,16.72,TRIGGERED,2026-09-20 12:44:12
3172,HDFCBANK,998.69,664,-39.47,TRIGGERED,2026-09-20 12:44:12
3173,BHARTIARTL,1492.93,1017,0.2,NORMAL,2026-09-20 12:44:13
3174,LT,3411.88,512,-5.75,TRIGGERED,2026-09-20 12:44:13
3175,HDFCBANK,1001.78,588,-39.29,TRIGGERED,2026-09-20 12:44:14
3176,ITC,616.21,451,25.76,TRIGGERED,2026-09-20 12:44:14
3177,ITC,618.57,1512,26.24,TRIGGERED,2026-09-20 12:44:14
3178,RELIANCE,3618.0,1685,21.41,TRIGGERED,2026-09-20 12:44:15
3179,BHARTIARTL,1494.6,758,0.31,NORMAL,2026-09-20 12:44:15
3180,TCS,4793.38,380,16.34,TRIGGERED,2026-09-20 12:44:16
3181,ICICIBANK,1437.05,864,18.76,TRIGGERED,2026-09-20 12:44:16
3182,ICICIBANK,1438.87,876,18.91,TRIGGERED,2026-09-20 12:44:16
3183,SBIN,851.97,1590,3.9,NORMAL,2026-09-20 12:44:17
3184,ICICIBANK,1434.42,827,18.55,TRIGGERED,2026-09-20 12:44:17
3185,RELIANCE,3609.11,1029,21.11,TRIGGERED,2026-09-20 12:44:18
3186,HDFCBANK,1004.21,244,-39.14,TRIGGERED,2026-09-20 12:44:18
3187,LT,3408.78,1297,-5.83,TRIGGERED,2026-09-20 12:44:18
3188,SBIN,854.61,515,4.22,NORMAL,2026-09-20 12:44:19
3189,TATAMOTORS,1017.79,1543,3.86,NORMAL,2026-09-20 12:44:19
3190,BHARTIARTL,1490.41,1298,0.03,NORMAL,2026-09-20 12:44:20
3191,INFY,1655.03,1377,-9.06,TRIGGERED,2026-09-20 12:44:20
3192,HDFCBANK,1000.48,1194,-39.36,TRIGGERED,2026-09-20 12:44:20
3193,BHARTIARTL,1492.28,1467,0.15,NORMAL,2026-09-20 12:44:21
3194,SBIN,855.89,794,4.38,NORMAL,2026-09-20 12:44:21
3195,BHARTIARTL,1497.44,1468,0.5,NORMAL,2026-09-20 12:44:22
3196,ICICIBANK,1431.05,1233,18.27,TRIGGERED,2026-09-20 12:44:22
3197,ITC,619.71,1717,26.47,TRIGGERED,2026-09-20 12:44:22
3198,SBIN,857.96,717,4.63,NORMAL,2026-09-20 12:44:23
3199,ITC,621.36,268,26.81,TRIGGERED,2026-09-20 12:44:23
3200,ITC,619.34,1847,26.4,TRIGGERED,2026-09-20 12:44:24
3201,INFY,1654.28,1112,-9.11,TRIGGERED,2026-09-20 12:44:24
3202,ITC,617.94,550,26.11,TRIGGERED,2026-09-20 12:44:24
3203,BHARTIARTL,1498.22,700,0.55,NORMAL,2026-09-20 12:44:25
3204,INFY,1653.2,1294,-9.16,TRIGGERED,2026-09-20 12:44:25
3205,INFY,1652.82,1674,-9.19,TRIGGERED,2026-09-20 12:44:26
3206,INFY,1651.89,806,-9.24,TRIGGERED,2026-09-20 12:44:26
3207,ITC,620.1,315,26.55,TRIGGERED,2026-09-20 12:44:26
3208,SBIN,861.09,163,5.01,TRIGGERED,2026-09-20 12:44:27
3209,RELIANCE,3622.35,1922,21.56,TRIGGERED,2026-09-20 12:44:27
3210,RELIANCE,3622.17,1713,21.55,TRIGGERED,2026-09-20 12:44:28
3211,ITC,619.41,1736,26.41,TRIGGERED,2026-09-20 12:44:28
3212,BHARTIARTL,1498.78,1930,0.59,NORMAL,2026-09-20 12:44:28
3213,RELIANCE,3628.72,356,21.77,TRIGGERED,2026-09-20 12:44:29
3214,TATAMOTORS,1021.55,234,4.24,NORMAL,2026-09-20 12:44:29
3215,ICICIBANK,1435.29,238,18.62,TRIGGERED,2026-09-20 12:44:30
3216,LT,3421.35,960,-5.49,TRIGGERED,2026-09-20 12:44:30
3217,RELIANCE,3622.0,493,21.54,TRIGGERED,2026-09-20 12:44:30
3218,ICICIBANK,1437.78,56,18.82,TRIGGERED,2026-09-20 12:44:31
3219,LT,3408.2,762,-5.85,TRIGGERED,2026-09-20 12:44:31
3220,SBIN,858.12,1975,4.65,NORMAL,2026-09-20 12:44:32
3221,ITC,617.05,1002,25.93,TRIGGERED,2026-09-20 12:44:32
3222,HDFCBANK,1001.97,821,-39.27,TRIGGERED,2026-09-20 12:44:32
3223,HDFCBANK,1002.41,960,-39.25,TRIGGERED,2026-09-20 12:44:33
3224,SBIN,859.15,280,4.77,NORMAL,2026-09-20 12:44:33
3225,TATAMOTORS,1021.12,1160,4.2,NORMAL,2026-09-20 12:44:34
3226,RELIANCE,3618.56,136,21.43,TRIGGERED,2026-09-20 12:44:34
3227,TCS,4785.49,1177,16.15,TRIGGERED,2026-09-20 12:44:34
3228,LT,3406.59,1869,-5.9,TRIGGERED,2026-09-20 12:44:35
3229,RELIANCE,3621.97,1247,21.54,TRIGGERED,2026-09-20 12:44:35
3230,BHARTIARTL,1581.21,536,6.12,TRIGGERED,2026-09-20 12:44:36
3231,ITC,617.5,1115,26.02,TRIGGERED,2026-09-20 12:44:36
3232,ITC,618.93,574,26.31,TRIGGERED,2026-09-20 12:44:36
3233,ICICIBANK,1441.28,137,19.11,TRIGGERED,2026-09-20 12:44:37
3234,BHARTIARTL,1584.03,1702,6.31,TRIGGERED,2026-09-20 12:44:37
3235,HDFCBANK,1002.92,1982,-39.22,TRIGGERED,2026-09-20 12:44:38
3236,ITC,618.65,1375,26.26,TRIGGERED,2026-09-20 12:44:38
3237,BHARTIARTL,1578.47,410,5.94,TRIGGERED,2026-09-20 12:44:38
3238,ICICIBANK,1444.44,830,19.38,TRIGGERED,2026-09-20 12:44:39
3239,RELIANCE,3608.48,238,21.09,TRIGGERED,2026-09-20 12:44:39
3240,RELIANCE,3614.55,1435,21.29,TRIGGERED,2026-09-20 12:44:40
3241,LT,3396.29,1972,-6.18,TRIGGERED,2026-09-20 12:44:40
3242,HDFCBANK,1002.8,869,-39.22,TRIGGERED,2026-09-20 12:44:40
3243,HDFCBANK,999.3,266,-39.44,TRIGGERED,2026-09-20 12:44:41
3244,RELIANCE,3617.74,1563,21.4,TRIGGERED,2026-09-20 12:44:41
3245,LT,3583.09,401,-1.02,NORMAL,2026-09-20 12:44:42
3246,ITC,584.62,1741,19.31,TRIGGERED,2026-09-20 12:44:42
3247,TATAMOTORS,1024.33,935,4.52,NORMAL,2026-09-20 12:44:42
3248,INFY,1657.22,1896,-8.94,TRIGGERED,2026-09-20 12:44:43
3249,INFY,1650.79,703,-9.3,TRIGGERED,2026-09-20 12:44:43
3250,LT,3579.26,1263,-1.13,NORMAL,2026-09-20 12:44:44
3251,SBIN,856.4,768,4.44,NORMAL,2026-09-20 12:44:44
3252,ITC,584.86,1527,19.36,TRIGGERED,2026-09-20 12:44:44
3253,TCS,4799.2,1676,16.49,TRIGGERED,2026-09-20 12:44:45
3254,HDFCBANK,996.97,334,-39.58,TRIGGERED,2026-09-20 12:44:45
3255,INFY,1646.72,1494,-9.52,TRIGGERED,2026-09-20 12:44:46
3256,SBIN,857.27,1367,4.55,NORMAL,2026-09-20 12:44:46
3257,TATAMOTORS,1025.35,830,4.63,NORMAL,2026-09-20 12:44:47
3258,TATAMOTORS,1024.37,750,4.53,NORMAL,2026-09-20 12:44:47
3259,TCS,4792.7,141,16.33,TRIGGERED,2026-09-20 12:44:47
3260,HDFCBANK,999.48,994,-39.43,TRIGGERED,2026-09-20 12:44:48
3261,TCS,4784.29,393,16.12,TRIGGERED,2026-09-20 12:44:48
3262,ITC,585.36,535,19.46,TRIGGERED,2026-09-20 12:44:49
3263,SBIN,855.54,1271,4.33,NORMAL,2026-09-20 12:44:49
3264,SBIN,857.36,563,4.56,NORMAL,2026-09-20 12:44:49
3265,LT,3584.44,1448,-0.98,NORMAL,2026-09-20 12:44:50
3266,ITC,584.81,523,19.35,TRIGGERED,2026-09-20 12:44:50
3267,TCS,4791.8,1436,16.31,TRIGGERED,2026-09-20 12:44:51
3268,BHARTIARTL,1584.64,659,6.35,TRIGGERED,2026-09-20 12:44:51
3269,ICICIBANK,1444.01,1921,19.34,TRIGGERED,2026-09-20 12:44:51
3270,SBIN,859.39,913,4.8,NORMAL,2026-09-20 12:44:52
3271,INFY,1641.5,1693,-9.81,TRIGGERED,2026-09-20 12:44:52
3272,LT,3572.17,458,-1.32,NORMAL,2026-09-20 12:44:53
3273,SBIN,857.47,1539,4.57,NORMAL,2026-09-20 12:44:53
3274,BHARTIARTL,1585.49,1453,6.41,TRIGGERED,2026-09-20 12:44:53
3275,TCS,4791.0,416,16.29,TRIGGERED,2026-09-20 12:44:54
3276,ICICIBANK,1440.71,939,19.07,TRIGGERED,2026-09-20 12:44:54
3277,RELIANCE,3610.69,1249,21.16,TRIGGERED,2026-09-20 12:44:55
3278,INFY,1640.29,939,-9.87,TRIGGERED,2026-09-20 12:44:55
3279,TATAMOTORS,1023.57,1987,4.45,NORMAL,2026-09-20 12:44:55
3280,ICICIBANK,1435.5,1849,18.64,TRIGGERED,2026-09-20 12:44:56
3281,BHARTIARTL,1588.19,1590,6.59,TRIGGERED,2026-09-20 12:44:56
3282,INFY,1643.89,414,-9.68,TRIGGERED,2026-09-20 12:44:57
3283,SBIN,856.54,1698,4.46,NORMAL,2026-09-20 12:44:57
3284,ICICIBANK,1437.13,1914,18.77,TRIGGERED,2026-09-20 12:44:57
3285,ICICIBANK,1438.07,1552,18.85,TRIGGERED,2026-09-20 12:44:58
3286,SBIN,853.66,1866,4.1,NORMAL,2026-09-20 12:44:58
3287,HDFCBANK,998.89,1431,-39.46,TRIGGERED,2026-09-20 12:44:59
3288,SBIN,856.91,388,4.5,NORMAL,2026-09-20 12:44:59
3289,RELIANCE,3623.37,1881,21.59,TRIGGERED,2026-09-20 12:44:59
3290,BHARTIARTL,1593.41,1133,6.94,TRIGGERED,2026-09-20 12:45:00
3291,TCS,4793.18,1521,16.34,TRIGGERED,2026-09-20 12:45:00
3292,SBIN,859.24,223,4.79,NORMAL,2026-09-20 12:45:01
3293,HDFCBANK,1001.59,1167,-39.3,TRIGGERED,2026-09-20 12:45:01
3294,INFY,1640.64,1925,-9.85,TRIGGERED,2026-09-20 12:45:01
3295,LT,3567.47,41,-1.45,NORMAL,2026-09-20 12:45:02
3296,HDFCBANK,999.81,849,-39.41,TRIGGERED,2026-09-20 12:45:02
3297,INFY,1635.74,139,-10.12,TRIGGERED,2026-09-20 12:45:03
3298,LT,3555.96,671,-1.77,NORMAL,2026-09-20 12:45:03
3299,BHARTIARTL,1591.35,1247,6.8,TRIGGERED,2026-09-20 12:45:03
3300,LT,3563.06,1035,-1.57,NORMAL,2026-09-20 12:45:04
3301,SBIN,862.28,451,5.16,TRIGGERED,2026-09-20 12:45:04
3302,HDFCBANK,944.82,1620,-42.74,TRIGGERED,2026-09-20 12:45:05
3303,HDFCBANK,948.15,658,-42.54,TRIGGERED,2026-09-20 12:45:05
3304,SBIN,865.19,330,5.51,TRIGGERED,2026-09-20 12:45:05
3305,LT,3759.03,199,3.84,NORMAL,2026-09-20 12:45:06
3306,TCS,4789.68,1211,16.25,TRIGGERED,2026-09-20 12:45:06
3307,HDFCBANK,950.5,1620,-42.39,TRIGGERED,2026-09-20 12:45:07
3308,BHARTIARTL,1591.29,1087,6.8,TRIGGERED,2026-09-20 12:45:07
3309,ICICIBANK,1439.04,224,18.93,TRIGGERED,2026-09-20 12:45:07
3310,HDFCBANK,948.67,479,-42.5,TRIGGERED,2026-09-20 12:45:08
3311,ICICIBANK,1435.26,204,18.62,TRIGGERED,2026-09-20 12:45:08
3312,SBIN,867.27,1566,5.76,TRIGGERED,2026-09-20 12:45:09
3313,TCS,4787.24,627,16.2,TRIGGERED,2026-09-20 12:45:09
3314,INFY,1631.42,575,-10.36,TRIGGERED,2026-09-20 12:45:09
3315,HDFCBANK,951.87,186,-42.31,TRIGGERED,2026-09-20 12:45:10
3316,LT,3762.22,695,3.93,NORMAL,2026-09-20 12:45:10
3317,SBIN,868.08,1079,5.86,TRIGGERED,2026-09-20 12:45:11
3318,RELIANCE,3629.12,698,21.78,TRIGGERED,2026-09-20 12:45:11
3319,SBIN,865.94,247,5.6,TRIGGERED,2026-09-20 12:45:11
3320,ITC,582.82,1984,18.94,TRIGGERED,2026-09-20 12:45:12
3321,INFY,1629.67,70,-10.46,TRIGGERED,2026-09-20 12:45:12
3322,SBIN,863.34,1735,5.29,TRIGGERED,2026-09-20 12:45:13
3323,TCS,4801.07,1789,16.53,TRIGGERED,2026-09-20 12:45:13
3324,TATAMOTORS,1022.11,196,4.3,NORMAL,2026-09-20 12:45:13
3325,TATAMOTORS,1025.82,1808,4.68,NORMAL,2026-09-20 12:45:14
3326,RELIANCE,3635.54,632,22.0,TRIGGERED,2026-09-20 12:45:14
3327,RELIANCE,3622.99,1461,21.58,TRIGGERED,2026-09-20 12:45:15
3328,HDFCBANK,952.85,1401,-42.25,TRIGGERED,2026-09-20 12:45:15
3329,INFY,1630.91,1290,-10.39,TRIGGERED,2026-09-20 12:45:15
3330,HDFCBANK,949.41,205,-42.46,TRIGGERED,2026-09-20 12:45:16
3331,TCS,4784.78,689,16.14,TRIGGERED,2026-09-20 12:45:16
3332,ITC,581.61,1222,18.7,TRIGGERED,2026-09-20 12:45:17
3333,ITC,582.3,633,18.84,TRIGGERED,2026-09-20 12:45:17
3334,TATAMOTORS,1026.24,214,4.72,NORMAL,2026-09-20 12:45:17
3335,TATAMOTORS,1030.04,1064,5.11,TRIGGERED,2026-09-20 12:45:18
3336,TCS,5047.94,366,22.52,TRIGGERED,2026-09-20 12:45:18
3337,ICICIBANK,1440.08,1920,19.01,TRIGGERED,2026-09-20 12:45:19
3338,TATAMOTORS,1029.14,834,5.01,TRIGGERED,2026-09-20 12:45:19
3339,TCS,5044.26,424,22.43,TRIGGERED,2026-09-20 12:45:19
3340,BHARTIARTL,1589.68,1027,6.69,TRIGGERED,2026-09-20 12:45:20
3341,BHARTIARTL,1587.73,498,6.56,TRIGGERED,2026-09-20 12:45:20
3342,SBIN,866.15,241,5.63,TRIGGERED,2026-09-20 12:45:21
3343,INFY,1627.46,1168,-10.58,TRIGGERED,2026-09-20 12:45:21
3344,SBIN,865.11,1362,5.5,TRIGGERED,2026-09-20 12:45:21
3345,LT,3969.14,1227,9.64,TRIGGERED,2026-09-20 12:45:22
3346,LT,3750.84,1180,3.61,NORMAL,2026-09-20 12:45:22
3347,TATAMOTORS,1026.89,1029,4.78,NORMAL,2026-09-20 12:45:23
3348,INFY,1537.95,422,-15.5,TRIGGERED,2026-09-20 12:45:23
3349,SBIN,865.07,1198,5.5,TRIGGERED,2026-09-20 12:45:23
3350,HDFCBANK,945.77,477,-42.68,TRIGGERED,2026-09-20 12:45:24
3351,INFY,1535.51,1245,-15.63,TRIGGERED,2026-09-20 12:45:24
3352,SBIN,866.19,1885,5.63,TRIGGERED,2026-09-20 12:45:25
3353,TCS,5053.86,1162,22.67,TRIGGERED,2026-09-20 12:45:25
3354,INFY,1535.83,598,-15.61,TRIGGERED,2026-09-20 12:45:25
3355,ITC,582.96,1344,18.97,TRIGGERED,2026-09-20 12:45:26
3356,RELIANCE,3617.45,1984,21.39,TRIGGERED,2026-09-20 12:45:26
3357,RELIANCE,3627.25,106,21.72,TRIGGERED,2026-09-20 12:45:27
3358,ITC,583.85,800,19.15,TRIGGERED,2026-09-20 12:45:27
3359,BHARTIARTL,1586.33,784,6.47,TRIGGERED,2026-09-20 12:45:27
3360,RELIANCE,3612.9,182,21.24,TRIGGERED,2026-09-20 12:45:28
3361,HDFCBANK,944.86,1486,-42.74,TRIGGERED,2026-09-20 12:45:28
3362,RELIANCE,3618.39,416,21.42,TRIGGERED,2026-09-20 12:45:29
3363,ICICIBANK,1436.19,1317,18.69,TRIGGERED,2026-09-20 12:45:29
3364,BHARTIARTL,1587.25,1125,6.53,TRIGGERED,2026-09-20 12:45:29
3365,TATAMOTORS,1029.68,1182,5.07,TRIGGERED,2026-09-20 12:45:30
3366,HDFCBANK,942.65,1908,-42.87,TRIGGERED,2026-09-20 12:45:30
3367,BHARTIARTL,1591.02,1721,6.78,TRIGGERED,2026-09-20 12:45:31
3368,SBIN,866.58,1649,5.68,TRIGGERED,2026-09-20 12:45:31
3369,RELIANCE,3606.92,629,21.04,TRIGGERED,2026-09-20 12:45:31
3370,HDFCBANK,940.71,420,-42.99,TRIGGERED,2026-09-20 12:45:32
3371,TATAMOTORS,1030.36,289,5.14,TRIGGERED,2026-09-20 12:45:32
3372,TCS,4775.9,603,15.92,TRIGGERED,2026-09-20 12:45:33
3373,LT,3743.66,1935,3.42,NORMAL,2026-09-20 12:45:33
3374,SBIN,914.24,389,11.49,TRIGGERED,2026-09-20 12:45:33
3375,SBIN,915.36,768,11.63,TRIGGERED,2026-09-20 12:45:34
3376,ICICIBANK,1431.0,30,18.26,TRIGGERED,2026-09-20 12:45:34
3377,HDFCBANK,938.24,1652,-43.14,TRIGGERED,2026-09-20 12:45:35
3378,ICICIBANK,1426.77,1718,17.91,TRIGGERED,2026-09-20 12:45:35
3379,RELIANCE,3610.32,1954,21.15,TRIGGERED,2026-09-20 12:45:35
3380,INFY,1541.85,1249,-15.28,TRIGGERED,2026-09-20 12:45:36
3381,HDFCBANK,886.64,1223,-46.26,TRIGGERED,2026-09-20 12:45:36
3382,LT,3758.34,96,3.82,NORMAL,2026-09-20 12:45:37
3383,TCS,4785.94,1462,16.16,TRIGGERED,2026-09-20 12:45:37
3384,RELIANCE,3623.01,921,21.58,TRIGGERED,2026-09-20 12:45:37
3385,SBIN,917.89,898,11.94,TRIGGERED,2026-09-20 12:45:38
3386,TCS,4522.71,1026,9.77,TRIGGERED,2026-09-20 12:45:38
3387,HDFCBANK,883.5,1124,-46.45,TRIGGERED,2026-09-20 12:45:39
3388,HDFCBANK,880.22,122,-46.65,TRIGGERED,2026-09-20 12:45:39
3389,INFY,1544.45,1120,-15.14,TRIGGERED,2026-09-20 12:45:39
3390,HDFCBANK,881.53,384,-46.57,TRIGGERED,2026-09-20 12:45:40
3391,TCS,4513.17,1400,9.54,TRIGGERED,2026-09-20 12:45:40
3392,ICICIBANK,1421.06,1742,17.44,TRIGGERED,2026-09-20 12:45:41
3393,ICICIBANK,1421.37,1630,17.47,TRIGGERED,2026-09-20 12:45:41
3394,SBIN,916.59,25,11.78,TRIGGERED,2026-09-20 12:45:42
3395,RELIANCE,3628.54,1233,21.76,TRIGGERED,2026-09-20 12:45:42
3396,ITC,581.99,644,18.77,TRIGGERED,2026-09-20 12:45:42
3397,HDFCBANK,881.87,1396,-46.55,TRIGGERED,2026-09-20 12:45:43
3398,BHARTIARTL,1587.07,1537,6.51,TRIGGERED,2026-09-20 12:45:43
3399,RELIANCE,3624.35,879,21.62,TRIGGERED,2026-09-20 12:45:44
3400,INFY,1629.39,624,-10.47,TRIGGERED,2026-09-20 12:45:44
3401,HDFCBANK,883.19,917,-46.47,TRIGGERED,2026-09-20 12:45:44
3402,LT,3759.59,1181,3.86,NORMAL,2026-09-20 12:45:45
3403,TCS,4761.39,650,15.57,TRIGGERED,2026-09-20 12:45:45
3404,TCS,4766.82,1561,15.7,TRIGGERED,2026-09-20 12:45:46
3405,BHARTIARTL,1591.16,494,6.79,TRIGGERED,2026-09-20 12:45:46
3406,ICICIBANK,1426.85,1925,17.92,TRIGGERED,2026-09-20 12:45:46
3407,LT,3747.05,403,3.51,NORMAL,2026-09-20 12:45:47
3408,TATAMOTORS,1032.55,1902,5.36,TRIGGERED,2026-09-20 12:45:47
3409,TATAMOTORS,1035.35,1203,5.65,TRIGGERED,2026-09-20 12:45:48
3410,TCS,4773.77,683,15.87,TRIGGERED,2026-09-20 12:45:48
3411,BHARTIARTL,1590.86,1615,6.77,TRIGGERED,2026-09-20 12:45:48
3412,TATAMOTORS,1037.32,141,5.85,TRIGGERED,2026-09-20 12:45:49
3413,BHARTIARTL,1589.37,1980,6.67,TRIGGERED,2026-09-20 12:45:49
3414,HDFCBANK,883.6,1276,-46.45,TRIGGERED,2026-09-20 12:45:50
3415,TCS,4779.75,163,16.01,TRIGGERED,2026-09-20 12:45:50
3416,SBIN,919.21,1440,12.1,TRIGGERED,2026-09-20 12:45:50
3417,TCS,4766.61,820,15.69,TRIGGERED,2026-09-20 12:45:51
3418,TCS,4772.26,1068,15.83,TRIGGERED,2026-09-20 12:45:51
3419,TCS,4788.71,283,16.23,TRIGGERED,2026-09-20 12:45:52
3420,SBIN,920.53,952,12.26,TRIGGERED,2026-09-20 12:45:52
3421,HDFCBANK,880.39,763,-46.64,TRIGGERED,2026-09-20 12:45:52
3422,INFY,1634.47,797,-10.19,TRIGGERED,2026-09-20 12:45:53
3423,BHARTIARTL,1594.45,1457,7.01,TRIGGERED,2026-09-20 12:45:53
3424,LT,3540.96,819,-2.18,NORMAL,2026-09-20 12:45:54
3425,SBIN,919.19,791,12.1,TRIGGERED,2026-09-20 12:45:54
3426,ICICIBANK,1428.06,1310,18.02,TRIGGERED,2026-09-20 12:45:54
3427,TCS,4785.7,964,16.16,TRIGGERED,2026-09-20 12:45:55
3428,ITC,582.64,1500,18.91,TRIGGERED,2026-09-20 12:45:55
3429,BHARTIARTL,1593.18,1214,6.92,TRIGGERED,2026-09-20 12:45:56
3430,ITC,581.28,585,18.63,TRIGGERED,2026-09-20 12:45:56
3431,SBIN,922.16,1124,12.46,TRIGGERED,2026-09-20 12:45:56
3432,INFY,1637.69,462,-10.02,TRIGGERED,2026-09-20 12:45:57
3433,ICICIBANK,1432.0,850,18.35,TRIGGERED,2026-09-20 12:45:57
3434,SBIN,918.86,172,12.06,TRIGGERED,2026-09-20 12:45:58
3435,TCS,4769.14,1981,15.76,TRIGGERED,2026-09-20 12:45:58
3436,HDFCBANK,880.71,41,-46.62,TRIGGERED,2026-09-20 12:45:58
3437,ITC,583.2,364,19.02,TRIGGERED,2026-09-20 12:45:59
3438,SBIN,917.26,1523,11.86,TRIGGERED,2026-09-20 12:45:59
3439,BHARTIARTL,1590.86,779,6.77,TRIGGERED,2026-09-20 12:46:00
3440,LT,3538.23,1626,-2.26,NORMAL,2026-09-20 12:46:00
3441,TCS,4773.58,253,15.86,TRIGGERED,2026-09-20 12:46:00
3442,SBIN,920.46,1550,12.25,TRIGGERED,2026-09-20 12:46:01
3443,INFY,1636.9,487,-10.06,TRIGGERED,2026-09-20 12:46:01
3444,TATAMOTORS,1033.96,309,5.51,TRIGGERED,2026-09-20 12:46:02
3445,INFY,1640.38,1280,-9.87,TRIGGERED,2026-09-20 12:46:02
3446,ICICIBANK,1433.42,504,18.46,TRIGGERED,2026-09-20 12:46:02
3447,INFY,1730.6,1580,-4.91,NORMAL,2026-09-20 12:46:03
3448,TCS,4774.56,1880,15.89,TRIGGERED,2026-09-20 12:46:03
3449,RELIANCE,3620.81,465,21.5,TRIGGERED,2026-09-20 12:46:04
3450,LT,3530.15,816,-2.48,NORMAL,2026-09-20 12:46:04
3451,BHARTIARTL,1678.36,1071,12.64,TRIGGERED,2026-09-20 12:46:04
3452,SBIN,920.99,313,12.32,TRIGGERED,2026-09-20 12:46:05
3453,ITC,583.98,802,19.18,TRIGGERED,2026-09-20 12:46:05
3454,ICICIBANK,1429.38,526,18.13,TRIGGERED,2026-09-20 12:46:06
3455,INFY,1733.94,539,-4.73,NORMAL,2026-09-20 12:46:06
3456,SBIN,919.01,1930,12.07,TRIGGERED,2026-09-20 12:46:06
3457,ICICIBANK,1429.82,1896,18.17,TRIGGERED,2026-09-20 12:46:07
3458,LT,3518.99,613,-2.79,NORMAL,2026-09-20 12:46:07
3459,ICICIBANK,1430.36,1139,18.21,TRIGGERED,2026-09-20 12:46:08
3460,LT,3527.22,1208,-2.56,NORMAL,2026-09-20 12:46:08
3461,RELIANCE,3634.46,1065,21.96,TRIGGERED,2026-09-20 12:46:08
3462,BHARTIARTL,1677.29,843,12.57,TRIGGERED,2026-09-20 12:46:09
3463,RELIANCE,3622.91,954,21.57,TRIGGERED,2026-09-20 12:46:09
3464,TATAMOTORS,1030.19,919,5.12,TRIGGERED,2026-09-20 12:46:10
3465,RELIANCE,3628.44,1904,21.76,TRIGGERED,2026-09-20 12:46:10
3466,HDFCBANK,880.59,432,-46.63,TRIGGERED,2026-09-20 12:46:10
3467,ICICIBANK,1430.91,1562,18.26,TRIGGERED,2026-09-20 12:46:11
3468,RELIANCE,3620.73,993,21.5,TRIGGERED,2026-09-20 12:46:11
3469,BHARTIARTL,1683.21,1852,12.97,TRIGGERED,2026-09-20 12:46:12
3470,BHARTIARTL,1683.61,1213,12.99,TRIGGERED,2026-09-20 12:46:12
3471,TATAMOTORS,1030.92,754,5.2,TRIGGERED,2026-09-20 12:46:12
3472,ICICIBANK,1430.28,1312,18.2,TRIGGERED,2026-09-20 12:46:13
3473,INFY,1734.49,302,-4.7,NORMAL,2026-09-20 12:46:13
3474,ICICIBANK,1508.95,1153,24.71,TRIGGERED,2026-09-20 12:46:14
3475,INFY,1735.52,1246,-4.64,NORMAL,2026-09-20 12:46:14
3476,LT,3521.51,273,-2.72,NORMAL,2026-09-20 12:46:14
3477,TATAMOTORS,974.22,88,-0.59,NORMAL,2026-09-20 12:46:15
3478,ICICIBANK,1510.46,1514,24.83,TRIGGERED,2026-09-20 12:46:15
3479,SBIN,920.95,1412,12.31,TRIGGERED,2026-09-20 12:46:16
3480,LT,3531.59,1310,-2.44,NORMAL,2026-09-20 12:46:16
3481,RELIANCE,3610.13,480,21.15,TRIGGERED,2026-09-20 12:46:16
3482,BHARTIARTL,1683.32,1660,12.97,TRIGGERED,2026-09-20 12:46:17
3483,BHARTIARTL,1685.11,709,13.09,TRIGGERED,2026-09-20 12:46:17
3484,TATAMOTORS,973.0,155,-0.71,NORMAL,2026-09-20 12:46:18
3485,SBIN,870.3,1036,6.13,TRIGGERED,2026-09-20 12:46:18
3486,HDFCBANK,883.65,322,-46.45,TRIGGERED,2026-09-20 12:46:18
3487,SBIN,870.78,870,6.19,TRIGGERED,2026-09-20 12:46:19
3488,LT,3525.3,1471,-2.62,NORMAL,2026-09-20 12:46:19
3489,HDFCBANK,882.07,669,-46.54,TRIGGERED,2026-09-20 12:46:20
3490,INFY,1737.94,647,-4.51,NORMAL,2026-09-20 12:46:20
3491,TCS,4760.47,1409,15.55,TRIGGERED,2026-09-20 12:46:20
3492,LT,3522.64,1744,-2.69,NORMAL,2026-09-20 12:46:21
3493,LT,3524.9,1258,-2.63,NORMAL,2026-09-20 12:46:21
3494,HDFCBANK,880.38,1344,-46.64,TRIGGERED,2026-09-20 12:46:22
3495,TCS,4761.56,1693,15.57,TRIGGERED,2026-09-20 12:46:22
3496,TCS,4754.13,579,15.39,TRIGGERED,2026-09-20 12:46:22
3497,TCS,4769.48,1113,15.76,TRIGGERED,2026-09-20 12:46:23
3498,BHARTIARTL,1689.82,252,13.41,TRIGGERED,2026-09-20 12:46:23
3499,SBIN,869.32,198,6.01,TRIGGERED,2026-09-20 12:46:24
3500,HDFCBANK,876.86,771,-46.86,TRIGGERED,2026-09-20 12:46:24
3501,SBIN,872.32,960,6.38,TRIGGERED,2026-09-20 12:46:24
3502,TATAMOTORS,973.49,427,-0.66,NORMAL,2026-09-20 12:46:25
3503,RELIANCE,3600.02,554,20.81,TRIGGERED,2026-09-20 12:46:25
3504,SBIN,870.66,1312,6.18,TRIGGERED,2026-09-20 12:46:26
3505,ICICIBANK,1515.27,871,25.23,TRIGGERED,2026-09-20 12:46:26
3506,RELIANCE,3592.56,959,20.56,TRIGGERED,2026-09-20 12:46:26
3507,ICICIBANK,1509.61,1360,24.76,TRIGGERED,2026-09-20 12:46:27
3508,ICICIBANK,1510.75,679,24.86,TRIGGERED,2026-09-20 12:46:27
3509,BHARTIARTL,1689.15,791,13.37,TRIGGERED,2026-09-20 12:46:28
3510,ITC,585.6,280,19.51,TRIGGERED,2026-09-20 12:46:28
3511,INFY,1732.2,1244,-4.82,NORMAL,2026-09-20 12:46:29
3512,LT,3515.95,1680,-2.87,NORMAL,2026-09-20 12:46:29
3513,LT,3520.61,564,-2.75,NORMAL,2026-09-20 12:46:29
3514,TATAMOTORS,975.01,1374,-0.51,NORMAL,2026-09-20 12:46:30
3515,RELIANCE,3589.52,1236,20.45,TRIGGERED,2026-09-20 12:46:30
3516,INFY,1636.93,1907,-10.06,TRIGGERED,2026-09-20 12:46:31
3517,HDFCBANK,876.01,1751,-46.91,TRIGGERED,2026-09-20 12:46:31
3518,INFY,1639.15,38,-9.94,TRIGGERED,2026-09-20 12:46:31
3519,TCS,4759.42,704,15.52,TRIGGERED,2026-09-20 12:46:32
3520,INFY,1639.51,538,-9.92,TRIGGERED,2026-09-20 12:46:32
3521,LT,3518.14,1529,-2.81,NORMAL,2026-09-20 12:46:33
3522,ICICIBANK,1507.48,1315,24.59,TRIGGERED,2026-09-20 12:46:33
3523,HDFCBANK,873.98,117,-47.03,TRIGGERED,2026-09-20 12:46:33
3524,SBIN,870.02,1632,6.1,TRIGGERED,2026-09-20 12:46:34
3525,ITC,617.81,1783,26.08,TRIGGERED,2026-09-20 12:46:34
3526,TATAMOTORS,971.35,1055,-0.88,NORMAL,2026-09-20 12:46:35
3527,TATAMOTORS,1024.77,151,4.57,NORMAL,2026-09-20 12:46:35
3528,RELIANCE,3591.78,1418,20.53,TRIGGERED,2026-09-20 12:46:35
3529,HDFCBANK,922.05,807,-44.12,TRIGGERED,2026-09-20 12:46:36
3530,ICICIBANK,1503.08,1142,24.22,TRIGGERED,2026-09-20 12:46:36
3531,HDFCBANK,922.73,49,-44.08,TRIGGERED,2026-09-20 12:46:37
3532,LT,3522.63,1543,-2.69,NORMAL,2026-09-20 12:46:37
3533,SBIN,868.17,112,5.87,TRIGGERED,2026-09-20 12:46:37
3534,TATAMOTORS,1025.81,1720,4.67,NORMAL,2026-09-20 12:46:38
3535,LT,3522.47,688,-2.69,NORMAL,2026-09-20 12:46:38
3536,BHARTIARTL,1687.94,555,13.28,TRIGGERED,2026-09-20 12:46:39
3537,LT,3531.59,238,-2.44,NORMAL,2026-09-20 12:46:39
3538,TCS,4776.37,568,15.93,TRIGGERED,2026-09-20 12:46:39
3539,TATAMOTORS,1029.35,248,5.04,TRIGGERED,2026-09-20 12:46:40
3540,LT,3521.62,1550,-2.72,NORMAL,2026-09-20 12:46:40
3541,RELIANCE,3595.4,711,20.65,TRIGGERED,2026-09-20 12:46:41
3542,RELIANCE,3600.23,1634,20.81,TRIGGERED,2026-09-20 12:46:41
3543,TCS,4764.15,1119,15.63,TRIGGERED,2026-09-20 12:46:41
3544,INFY,1633.97,42,-10.22,TRIGGERED,2026-09-20 12:46:42
3545,TCS,4752.53,128,15.35,TRIGGERED,2026-09-20 12:46:42
3546,RELIANCE,3614.14,1503,21.28,TRIGGERED,2026-09-20 12:46:43
3547,BHARTIARTL,1686.29,1990,13.17,TRIGGERED,2026-09-20 12:46:43
3548,INFY,1628.99,525,-10.5,TRIGGERED,2026-09-20 12:46:43
3549,LT,3525.5,1698,-2.61,NORMAL,2026-09-20 12:46:44
3550,ITC,617.53,593,26.03,TRIGGERED,2026-09-20 12:46:44
3551,TATAMOTORS,1029.05,1393,5.01,TRIGGERED,2026-09-20 12:46:45
3552,RELIANCE,3622.64,1520,21.57,TRIGGERED,2026-09-20 12:46:45
3553,RELIANCE,3608.49,1356,21.09,TRIGGERED,2026-09-20 12:46:45
3554,ITC,617.13,1257,25.94,TRIGGERED,2026-09-20 12:46:46
3555,ICICIBANK,1506.17,830,24.48,TRIGGERED,2026-09-20 12:46:46
3556,BHARTIARTL,1681.8,1309,12.87,TRIGGERED,2026-09-20 12:46:47
3557,TATAMOTORS,1027.33,1187,4.83,NORMAL,2026-09-20 12:46:47
3558,LT,3514.33,646,-2.92,NORMAL,2026-09-20 12:46:47
3559,ICICIBANK,1423.33,412,17.63,TRIGGERED,2026-09-20 12:46:48
3560,INFY,1539.4,1674,-15.42,TRIGGERED,2026-09-20 12:46:48
3561,RELIANCE,3614.45,670,21.29,TRIGGERED,2026-09-20 12:46:49
3562,ITC,616.57,1056,25.83,TRIGGERED,2026-09-20 12:46:49
3563,RELIANCE,3613.57,1108,21.26,TRIGGERED,2026-09-20 12:46:49
3564,SBIN,864.85,253,5.47,TRIGGERED,2026-09-20 12:46:50
3565,BHARTIARTL,1683.54,1161,12.99,TRIGGERED,2026-09-20 12:46:50
3566,ICICIBANK,1419.71,1050,17.33,TRIGGERED,2026-09-20 12:46:51
3567,TCS,4744.32,85,15.15,TRIGGERED,2026-09-20 12:46:51
3568,HDFCBANK,924.29,1418,-43.98,TRIGGERED,2026-09-20 12:46:51
3569,ITC,616.37,1022,25.79,TRIGGERED,2026-09-20 12:46:52
3570,HDFCBANK,920.61,1018,-44.21,TRIGGERED,2026-09-20 12:46:52
3571,BHARTIARTL,1590.95,1100,6.78,TRIGGERED,2026-09-20 12:46:53
3572,SBIN,868.12,1548,5.87,TRIGGERED,2026-09-20 12:46:53
3573,ITC,650.27,206,32.71,TRIGGERED,2026-09-20 12:46:53
3574,ICICIBANK,1414.72,1395,16.92,TRIGGERED,2026-09-20 12:46:54
3575,RELIANCE,3622.12,1746,21.55,TRIGGERED,2026-09-20 12:46:54
3576,RELIANCE,3624.91,1757,21.64,TRIGGERED,2026-09-20 12:46:55
3577,LT,3523.92,478,-2.65,NORMAL,2026-09-20 12:46:55
3578,TATAMOTORS,1031.21,1982,5.23,TRIGGERED,2026-09-20 12:46:56
3579,LT,3522.66,1409,-2.69,NORMAL,2026-09-20 12:46:56
3580,BHARTIARTL,1587.97,1349,6.58,TRIGGERED,2026-09-20 12:46:56
3581,RELIANCE,3629.75,311,21.8,TRIGGERED,2026-09-20 12:46:57
3582,HDFCBANK,922.45,1122,-44.09,TRIGGERED,2026-09-20 12:46:57
3583,RELIANCE,3620.91,1741,21.51,TRIGGERED,2026-09-20 12:46:58
3584,HDFCBANK,924.85,1712,-43.95,TRIGGERED,2026-09-20 12:46:58
3585,INFY,1544.11,796,-15.16,TRIGGERED,2026-09-20 12:46:58
3586,HDFCBANK,925.58,1735,-43.9,TRIGGERED,2026-09-20 12:46:59
3587,TATAMOTORS,1035.09,1165,5.62,TRIGGERED,2026-09-20 12:46:59
3588,RELIANCE,3609.84,940,21.14,TRIGGERED,2026-09-20 12:47:00
3589,ICICIBANK,1418.26,929,17.21,TRIGGERED,2026-09-20 12:47:00
3590,ICICIBANK,1496.26,1921,23.66,TRIGGERED,2026-09-20 12:47:00
3591,LT,3520.84,1880,-2.74,NORMAL,2026-09-20 12:47:01
3592,RELIANCE,3605.0,1510,20.97,TRIGGERED,2026-09-20 12:47:01
3593,SBIN,820.37,1281,0.05,NORMAL,2026-09-20 12:47:02
3594,INFY,1544.45,760,-15.14,TRIGGERED,2026-09-20 12:47:02
3595,LT,3518.41,557,-2.81,NORMAL,2026-09-20 12:47:02
3596,TCS,4738.36,810,15.01,TRIGGERED,2026-09-20 12:47:03
3597,RELIANCE,3596.4,1552,20.68,TRIGGERED,2026-09-20 12:47:03
3598,TCS,4724.62,637,14.68,TRIGGERED,2026-09-20 12:47:04
3599,RELIANCE,3586.79,469,20.36,TRIGGERED,2026-09-20 12:47:04
3600,LT,3515.33,766,-2.89,NORMAL,2026-09-20 12:47:04
3601,HDFCBANK,924.01,144,-44.0,TRIGGERED,2026-09-20 12:47:05
3602,INFY,1542.65,500,-15.24,TRIGGERED,2026-09-20 12:47:05
3603,ICICIBANK,1498.74,1515,23.86,TRIGGERED,2026-09-20 12:47:06
3604,RELIANCE,3587.05,1376,20.37,TRIGGERED,2026-09-20 12:47:06
3605,ITC,650.08,299,32.67,TRIGGERED,2026-09-20 12:47:06
3606,BHARTIARTL,1587.24,120,6.53,TRIGGERED,2026-09-20 12:47:07
3607,SBIN,823.51,920,0.43,NORMAL,2026-09-20 12:47:07
3608,RELIANCE,3577.34,1985,20.04,TRIGGERED,2026-09-20 12:47:08
3609,ITC,649.08,1014,32.47,TRIGGERED,2026-09-20 12:47:08
3610,TCS,4725.26,726,14.69,TRIGGERED,2026-09-20 12:47:08
3611,ICICIBANK,1495.62,991,23.6,TRIGGERED,2026-09-20 12:47:09
3612,TATAMOTORS,1036.67,538,5.78,TRIGGERED,2026-09-20 12:47:09
3613,ICICIBANK,1492.47,1764,23.34,TRIGGERED,2026-09-20 12:47:10
3614,LT,3516.87,191,-2.85,NORMAL,2026-09-20 12:47:10
3615,LT,3530.16,1469,-2.48,NORMAL,2026-09-20 12:47:10
3616,SBIN,820.58,884,0.07,NORMAL,2026-09-20 12:47:11
3617,ITC,684.78,93,39.75,TRIGGERED,2026-09-20 12:47:11
3618,LT,3536.5,524,-2.31,NORMAL,2026-09-20 12:47:12
3619,TCS,4706.5,1796,14.24,TRIGGERED,2026-09-20 12:47:12
3620,ITC,722.44,108,47.44,TRIGGERED,2026-09-20 12:47:12
3621,TCS,4692.8,787,13.9,TRIGGERED,2026-09-20 12:47:13
3622,HDFCBANK,922.69,391,-44.08,TRIGGERED,2026-09-20 12:47:13
3623,SBIN,821.9,1430,0.23,NORMAL,2026-09-20 12:47:14
3624,ICICIBANK,1497.82,1571,23.79,TRIGGERED,2026-09-20 12:47:14
3625,LT,3531.87,819,-2.43,NORMAL,2026-09-20 12:47:14
3626,TATAMOTORS,979.65,723,-0.04,NORMAL,2026-09-20 12:47:15
3627,SBIN,825.04,115,0.61,NORMAL,2026-09-20 12:47:15
3628,RELIANCE,3564.41,92,19.61,TRIGGERED,2026-09-20 12:47:16
3629,RELIANCE,3564.46,1155,19.61,TRIGGERED,2026-09-20 12:47:16
3630,INFY,1542.86,444,-15.23,TRIGGERED,2026-09-20 12:47:16
3631,RELIANCE,3557.61,76,19.38,TRIGGERED,2026-09-20 12:47:17
3632,HDFCBANK,923.47,1677,-44.03,TRIGGERED,2026-09-20 12:47:17
3633,ITC,721.8,637,47.31,TRIGGERED,2026-09-20 12:47:18
3634,RELIANCE,3554.59,750,19.28,TRIGGERED,2026-09-20 12:47:18
3635,INFY,1458.0,188,-19.89,TRIGGERED,2026-09-20 12:47:18
3636,ICICIBANK,1501.76,805,24.11,TRIGGERED,2026-09-20 12:47:19
3637,ITC,724.01,476,47.76,TRIGGERED,2026-09-20 12:47:19
3638,LT,3536.29,1425,-2.31,NORMAL,2026-09-20 12:47:20
3639,TCS,4692.95,1578,13.91,TRIGGERED,2026-09-20 12:47:20
3640,TATAMOTORS,979.1,863,-0.09,NORMAL,2026-09-20 12:47:20
3641,TATAMOTORS,980.1,1707,0.01,NORMAL,2026-09-20 12:47:21
3642,HDFCBANK,921.26,1401,-44.17,TRIGGERED,2026-09-20 12:47:21
3643,ITC,725.4,810,48.04,TRIGGERED,2026-09-20 12:47:22
3644,INFY,1538.19,1226,-15.48,TRIGGERED,2026-09-20 12:47:22
3645,ITC,727.15,534,48.4,TRIGGERED,2026-09-20 12:47:22
3646,BHARTIARTL,1590.01,706,6.71,TRIGGERED,2026-09-20 12:47:23
3647,TCS,4701.26,370,14.11,TRIGGERED,2026-09-20 12:47:23
3648,TATAMOTORS,978.19,1095,-0.18,NORMAL,2026-09-20 12:47:24
3649,HDFCBANK,923.74,986,-44.02,TRIGGERED,2026-09-20 12:47:24
3650,RELIANCE,3541.34,1733,18.84,TRIGGERED,2026-09-20 12:47:24
3651,LT,3522.53,1645,-2.69,NORMAL,2026-09-20 12:47:25
3652,HDFCBANK,872.93,974,-47.1,TRIGGERED,2026-09-20 12:47:25
3653,ICICIBANK,1506.05,814,24.47,TRIGGERED,2026-09-20 12:47:26
3654,TATAMOTORS,976.09,1324,-0.4,NORMAL,2026-09-20 12:47:26
3655,ITC,727.51,1124,48.47,TRIGGERED,2026-09-20 12:47:26
3656,TATAMOTORS,972.94,928,-0.72,NORMAL,2026-09-20 12:47:27
3657,BHARTIARTL,1590.9,1682,6.77,TRIGGERED,2026-09-20 12:47:27
3658,SBIN,824.42,461,0.54,NORMAL,2026-09-20 12:47:28
3659,ICICIBANK,1504.53,250,24.34,TRIGGERED,2026-09-20 12:47:28
3660,SBIN,821.25,35,0.15,NORMAL,2026-09-20 12:47:28
3661,INFY,1543.67,1084,-15.18,TRIGGERED,2026-09-20 12:47:29
3662,TATAMOTORS,972.63,675,-0.75,NORMAL,2026-09-20 12:47:29
3663,SBIN,822.43,1267,0.3,NORMAL,2026-09-20 12:47:30
3664,BHARTIARTL,1593.83,1729,6.97,TRIGGERED,2026-09-20 12:47:30
3665,ITC,728.53,1249,48.68,TRIGGERED,2026-09-20 12:47:30
3666,LT,3529.37,494,-2.5,NORMAL,2026-09-20 12:47:31
3667,BHARTIARTL,1599.32,1741,7.34,TRIGGERED,2026-09-20 12:47:31
3668,SBIN,824.99,1213,0.61,NORMAL,2026-09-20 12:47:32
3669,HDFCBANK,870.25,591,-47.26,TRIGGERED,2026-09-20 12:47:32
3670,SBIN,823.16,1941,0.39,NORMAL,2026-09-20 12:47:32
3671,RELIANCE,3536.28,1491,18.67,TRIGGERED,2026-09-20 12:47:33
3672,TCS,4704.58,1119,14.19,TRIGGERED,2026-09-20 12:47:33
3673,ICICIBANK,1509.68,1073,24.77,TRIGGERED,2026-09-20 12:47:34
3674,SBIN,822.58,1743,0.31,NORMAL,2026-09-20 12:47:34
3675,BHARTIARTL,1602.81,1142,7.57,TRIGGERED,2026-09-20 12:47:34
3676,TATAMOTORS,974.96,429,-0.51,NORMAL,2026-09-20 12:47:35
3677,BHARTIARTL,1597.16,1639,7.19,TRIGGERED,2026-09-20 12:47:35
3678,INFY,1541.85,138,-15.28,TRIGGERED,2026-09-20 12:47:36
3679,ICICIBANK,1506.12,1311,24.47,TRIGGERED,2026-09-20 12:47:36
3680,ITC,725.74,1586,48.11,TRIGGERED,2026-09-20 12:47:36
3681,INFY,1542.26,1130,-15.26,TRIGGERED,2026-09-20 12:47:37
3682,TCS,4963.33,680,20.47,TRIGGERED,2026-09-20 12:47:37
3683,TCS,4950.07,1714,20.15,TRIGGERED,2026-09-20 12:47:38
3684,TATAMOTORS,973.82,467,-0.63,NORMAL,2026-09-20 12:47:38
3685,SBIN,777.34,86,-5.2,TRIGGERED,2026-09-20 12:47:38
3686,LT,3536.51,876,-2.31,NORMAL,2026-09-20 12:47:39
3687,SBIN,775.23,312,-5.46,TRIGGERED,2026-09-20 12:47:39
3688,SBIN,772.72,371,-5.77,TRIGGERED,2026-09-20 12:47:40
3689,SBIN,769.77,145,-6.13,TRIGGERED,2026-09-20 12:47:40
3690,LT,3542.62,1840,-2.14,NORMAL,2026-09-20 12:47:40
3691,ICICIBANK,1506.64,97,24.52,TRIGGERED,2026-09-20 12:47:41
3692,INFY,1457.44,621,-19.92,TRIGGERED,2026-09-20 12:47:41
3693,TCS,4940.73,1794,19.92,TRIGGERED,2026-09-20 12:47:42
3694,TATAMOTORS,973.66,27,-0.65,NORMAL,2026-09-20 12:47:42
3695,LT,3554.53,1847,-1.81,NORMAL,2026-09-20 12:47:42
3696,ITC,725.53,628,48.07,TRIGGERED,2026-09-20 12:47:43
3697,TCS,4946.74,480,20.07,TRIGGERED,2026-09-20 12:47:43
3698,HDFCBANK,868.84,344,-47.34,TRIGGERED,2026-09-20 12:47:44
3699,INFY,1456.56,504,-19.97,TRIGGERED,2026-09-20 12:47:44
3700,TATAMOTORS,920.11,1998,-6.11,TRIGGERED,2026-09-20 12:47:45
3701,TATAMOTORS,917.3,1886,-6.4,TRIGGERED,2026-09-20 12:47:45
3702,TCS,4945.46,1390,20.04,TRIGGERED,2026-09-20 12:47:45
3703,INFY,1453.26,1235,-20.15,TRIGGERED,2026-09-20 12:47:46
3704,ICICIBANK,1505.06,864,24.39,TRIGGERED,2026-09-20 12:47:46
3705,INFY,1456.76,702,-19.96,TRIGGERED,2026-09-20 12:47:47
3706,TATAMOTORS,920.72,352,-6.05,TRIGGERED,2026-09-20 12:47:47
3707,TCS,4673.46,248,13.43,TRIGGERED,2026-09-20 12:47:47
3708,LT,3565.62,351,-1.5,NORMAL,2026-09-20 12:47:48
3709,TATAMOTORS,924.15,648,-5.7,TRIGGERED,2026-09-20 12:47:48
3710,LT,3558.94,125,-1.69,NORMAL,2026-09-20 12:47:49
3711,RELIANCE,3341.78,1378,12.14,TRIGGERED,2026-09-20 12:47:49
3712,INFY,1376.64,1406,-24.36,TRIGGERED,2026-09-20 12:47:49
3713,SBIN,727.43,475,-11.29,TRIGGERED,2026-09-20 12:47:50
3714,RELIANCE,3157.98,1210,5.97,TRIGGERED,2026-09-20 12:47:50
3715,ITC,727.94,1090,48.56,TRIGGERED,2026-09-20 12:47:51
3716,SBIN,727.89,1834,-11.23,TRIGGERED,2026-09-20 12:47:51
3717,LT,3572.15,1266,-1.32,NORMAL,2026-09-20 12:47:51
3718,TATAMOTORS,921.76,451,-5.94,TRIGGERED,2026-09-20 12:47:52
3719,BHARTIARTL,1595.58,757,7.09,TRIGGERED,2026-09-20 12:47:52
3720,RELIANCE,3154.71,1614,5.86,TRIGGERED,2026-09-20 12:47:53
3721,ICICIBANK,1508.11,1266,24.64,TRIGGERED,2026-09-20 12:47:53
3722,ICICIBANK,1507.03,1750,24.55,TRIGGERED,2026-09-20 12:47:53
3723,TCS,4671.64,695,13.39,TRIGGERED,2026-09-20 12:47:54
3724,TATAMOTORS,922.82,1035,-5.83,TRIGGERED,2026-09-20 12:47:54
3725,BHARTIARTL,1590.23,1108,6.73,TRIGGERED,2026-09-20 12:47:55
3726,TCS,4660.34,851,13.12,TRIGGERED,2026-09-20 12:47:55
3727,SBIN,729.3,413,-11.06,TRIGGERED,2026-09-20 12:47:55
3728,RELIANCE,3156.74,1358,5.93,TRIGGERED,2026-09-20 12:47:56
3729,TATAMOTORS,922.62,591,-5.86,TRIGGERED,2026-09-20 12:47:56
3730,ITC,730.1,1342,49.0,TRIGGERED,2026-09-20 12:47:57
3731,HDFCBANK,866.64,1501,-47.48,TRIGGERED,2026-09-20 12:47:57
3732,SBIN,729.25,1828,-11.07,TRIGGERED,2026-09-20 12:47:57
3733,TCS,4667.82,42,13.3,TRIGGERED,2026-09-20 12:47:58
3734,ICICIBANK,1503.04,908,24.22,TRIGGERED,2026-09-20 12:47:58
3735,LT,3577.9,1982,-1.16,NORMAL,2026-09-20 12:47:59
3736,SBIN,769.36,1481,-6.18,TRIGGERED,2026-09-20 12:47:59
3737,ICICIBANK,1585.71,1309,31.05,TRIGGERED,2026-09-20 12:47:59
3738,LT,3578.74,297,-1.14,NORMAL,2026-09-20 12:48:00
3739,ICICIBANK,1588.12,685,31.25,TRIGGERED,2026-09-20 12:48:00
3740,TCS,4682.89,1692,13.66,TRIGGERED,2026-09-20 12:48:01
3741,ITC,770.26,1638,57.2,TRIGGERED,2026-09-20 12:48:01
3742,INFY,1373.57,1375,-24.53,TRIGGERED,2026-09-20 12:48:01
3743,INFY,1372.47,1916,-24.59,TRIGGERED,2026-09-20 12:48:02
3744,LT,3583.49,1945,-1.01,NORMAL,2026-09-20 12:48:02
3745,TCS,4680.22,318,13.6,TRIGGERED,2026-09-20 12:48:03
3746,INFY,1372.91,1424,-24.57,TRIGGERED,2026-09-20 12:48:03
3747,BHARTIARTL,1594.82,1938,7.03,TRIGGERED,2026-09-20 12:48:03
3748,TATAMOTORS,919.33,669,-6.19,TRIGGERED,2026-09-20 12:48:04
3749,LT,3589.86,1183,-0.83,NORMAL,2026-09-20 12:48:04
3750,HDFCBANK,914.31,980,-44.59,TRIGGERED,2026-09-20 12:48:05
3751,ICICIBANK,1593.13,1611,31.66,TRIGGERED,2026-09-20 12:48:05
3752,TATAMOTORS,918.8,1414,-6.24,TRIGGERED,2026-09-20 12:48:05
3753,LT,3601.77,165,-0.5,NORMAL,2026-09-20 12:48:06
3754,RELIANCE,3154.12,1742,5.84,TRIGGERED,2026-09-20 12:48:06
3755,LT,3607.65,1734,-0.34,NORMAL,2026-09-20 12:48:07
3756,TCS,4662.59,1047,13.17,TRIGGERED,2026-09-20 12:48:07
3757,TATAMOTORS,916.47,1977,-6.48,TRIGGERED,2026-09-20 12:48:07
3758,ICICIBANK,1589.3,178,31.35,TRIGGERED,2026-09-20 12:48:08
3759,ICICIBANK,1588.21,1960,31.26,TRIGGERED,2026-09-20 12:48:08
3760,HDFCBANK,917.8,273,-44.38,TRIGGERED,2026-09-20 12:48:09
3761,TATAMOTORS,914.88,829,-6.64,TRIGGERED,2026-09-20 12:48:09
3762,BHARTIARTL,1596.12,221,7.12,TRIGGERED,2026-09-20 12:48:09
3763,TATAMOTORS,864.56,965,-11.78,TRIGGERED,2026-09-20 12:48:10
3764,ICICIBANK,1588.03,1764,31.24,TRIGGERED,2026-09-20 12:48:10
3765,RELIANCE,3151.78,1853,5.76,TRIGGERED,2026-09-20 12:48:11
3766,LT,3599.28,1283,-0.57,NORMAL,2026-09-20 12:48:11
3767,ITC,770.89,613,57.32,TRIGGERED,2026-09-20 12:48:11
3768,TATAMOTORS,862.79,1102,-11.96,TRIGGERED,2026-09-20 12:48:12
3769,ITC,728.49,1303,48.67,TRIGGERED,2026-09-20 12:48:12
3770,LT,3598.86,1256,-0.58,NORMAL,2026-09-20 12:48:13
3771,RELIANCE,3155.63,930,5.89,TRIGGERED,2026-09-20 12:48:13
3772,SBIN,767.55,965,-6.4,TRIGGERED,2026-09-20 12:48:13
3773,ICICIBANK,1587.64,1329,31.21,TRIGGERED,2026-09-20 12:48:14
3774,INFY,1297.4,373,-28.71,TRIGGERED,2026-09-20 12:48:14
3775,ITC,725.97,1932,48.16,TRIGGERED,2026-09-20 12:48:15
3776,TCS,4656.6,736,13.02,TRIGGERED,2026-09-20 12:48:15
3777,SBIN,767.72,462,-6.38,TRIGGERED,2026-09-20 12:48:15
3778,RELIANCE,3164.74,1872,6.2,TRIGGERED,2026-09-20 12:48:16
3779,TCS,4666.27,167,13.26,TRIGGERED,2026-09-20 12:48:16
3780,INFY,1298.44,1343,-28.66,TRIGGERED,2026-09-20 12:48:17
3781,INFY,1293.84,1182,-28.91,TRIGGERED,2026-09-20 12:48:17
3782,LT,3602.57,1279,-0.48,NORMAL,2026-09-20 12:48:17
3783,HDFCBANK,918.29,1567,-44.35,TRIGGERED,2026-09-20 12:48:18
3784,ITC,727.39,1779,48.45,TRIGGERED,2026-09-20 12:48:18
3785,SBIN,767.73,1950,-6.37,TRIGGERED,2026-09-20 12:48:19
3786,TATAMOTORS,864.87,1137,-11.75,TRIGGERED,2026-09-20 12:48:19
3787,HDFCBANK,918.24,34,-44.35,TRIGGERED,2026-09-20 12:48:19
3788,ITC,727.44,365,48.46,TRIGGERED,2026-09-20 12:48:20
3789,TATAMOTORS,867.32,503,-11.5,TRIGGERED,2026-09-20 12:48:20
3790,SBIN,769.43,853,-6.17,TRIGGERED,2026-09-20 12:48:21
3791,ITC,727.71,40,48.51,TRIGGERED,2026-09-20 12:48:21
3792,HDFCBANK,917.29,288,-44.41,TRIGGERED,2026-09-20 12:48:21
3793,SBIN,811.75,886,-1.01,NORMAL,2026-09-20 12:48:22
3794,ITC,726.65,225,48.3,TRIGGERED,2026-09-20 12:48:22
3795,LT,3595.36,969,-0.68,NORMAL,2026-09-20 12:48:23
3796,TCS,4653.49,1921,12.95,TRIGGERED,2026-09-20 12:48:23
3797,TCS,4669.57,1775,13.34,TRIGGERED,2026-09-20 12:48:23
3798,LT,3589.29,1111,-0.85,NORMAL,2026-09-20 12:48:24
3799,BHARTIARTL,1593.48,1427,6.94,TRIGGERED,2026-09-20 12:48:24
3800,RELIANCE,3176.49,1380,6.59,TRIGGERED,2026-09-20 12:48:25
3801,TCS,4652.21,1066,12.92,TRIGGERED,2026-09-20 12:48:25
3802,RELIANCE,3182.08,729,6.78,TRIGGERED,2026-09-20 12:48:25
3803,ITC,724.71,1536,47.9,TRIGGERED,2026-09-20 12:48:26
3804,SBIN,811.72,1157,-1.01,NORMAL,2026-09-20 12:48:26
3805,LT,3599.13,1653,-0.58,NORMAL,2026-09-20 12:48:27
3806,TCS,4669.4,206,13.33,TRIGGERED,2026-09-20 12:48:27
3807,HDFCBANK,914.23,392,-44.59,TRIGGERED,2026-09-20 12:48:27
3808,RELIANCE,3185.32,1455,6.89,TRIGGERED,2026-09-20 12:48:28
3809,SBIN,812.89,217,-0.87,NORMAL,2026-09-20 12:48:28
3810,TATAMOTORS,819.62,1664,-16.37,TRIGGERED,2026-09-20 12:48:29
3811,LT,3601.34,1560,-0.52,NORMAL,2026-09-20 12:48:29
3812,HDFCBANK,911.98,834,-44.73,TRIGGERED,2026-09-20 12:48:30
3813,RELIANCE,3177.02,716,6.61,TRIGGERED,2026-09-20 12:48:30
3814,ITC,723.1,742,47.57,TRIGGERED,2026-09-20 12:48:30
3815,LT,3403.27,919,-5.99,TRIGGERED,2026-09-20 12:48:31
3816,ICICIBANK,1586.0,1334,31.07,TRIGGERED,2026-09-20 12:48:31
3817,RELIANCE,3187.18,1858,6.95,TRIGGERED,2026-09-20 12:48:32
3818,SBIN,768.18,1635,-6.32,TRIGGERED,2026-09-20 12:48:32
3819,BHARTIARTL,1595.53,1520,7.08,TRIGGERED,2026-09-20 12:48:32
3820,LT,3407.17,1061,-5.88,TRIGGERED,2026-09-20 12:48:33
3821,RELIANCE,3187.83,68,6.97,TRIGGERED,2026-09-20 12:48:33
3822,LT,3396.87,50,-6.16,TRIGGERED,2026-09-20 12:48:34
3823,ITC,722.09,803,47.37,TRIGGERED,2026-09-20 12:48:34
3824,LT,3410.4,1402,-5.79,TRIGGERED,2026-09-20 12:48:34
3825,BHARTIARTL,1600.39,1227,7.41,TRIGGERED,2026-09-20 12:48:35
3826,SBIN,765.25,1791,-6.68,TRIGGERED,2026-09-20 12:48:35
3827,LT,3403.81,464,-5.97,TRIGGERED,2026-09-20 12:48:36
3828,SBIN,767.89,1757,-6.35,TRIGGERED,2026-09-20 12:48:36
3829,TCS,4679.58,384,13.58,TRIGGERED,2026-09-20 12:48:36
3830,RELIANCE,3196.14,971,7.25,TRIGGERED,2026-09-20 12:48:37
3831,ITC,720.1,284,46.96,TRIGGERED,2026-09-20 12:48:37
3832,TCS,4662.77,1334,13.17,TRIGGERED,2026-09-20 12:48:38
3833,SBIN,725.66,1479,-11.5,TRIGGERED,2026-09-20 12:48:38
3834,ICICIBANK,1590.55,1617,31.45,TRIGGERED,2026-09-20 12:48:38
3835,RELIANCE,3195.27,1777,7.22,TRIGGERED,2026-09-20 12:48:39
3836,BHARTIARTL,1597.43,369,7.21,TRIGGERED,2026-09-20 12:48:39
3837,INFY,1292.71,1152,-28.97,TRIGGERED,2026-09-20 12:48:40
3838,ICICIBANK,1593.75,919,31.71,TRIGGERED,2026-09-20 12:48:40
3839,HDFCBANK,861.82,277,-47.77,TRIGGERED,2026-09-20 12:48:40
3840,LT,3404.68,1308,-5.95,TRIGGERED,2026-09-20 12:48:41
3841,BHARTIARTL,1596.19,285,7.13,TRIGGERED,2026-09-20 12:48:41
3842,TATAMOTORS,818.52,69,-16.48,TRIGGERED,2026-09-20 12:48:42
3843,HDFCBANK,860.03,711,-47.88,TRIGGERED,2026-09-20 12:48:42
3844,ITC,718.83,901,46.7,TRIGGERED,2026-09-20 12:48:42
3845,TCS,4661.27,1896,13.14,TRIGGERED,2026-09-20 12:48:43
3846,TCS,4652.93,1973,12.94,TRIGGERED,2026-09-20 12:48:43
3847,SBIN,725.02,245,-11.58,TRIGGERED,2026-09-20 12:48:44
3848,SBIN,685.14,42,-16.45,TRIGGERED,2026-09-20 12:48:44
3849,TATAMOTORS,819.83,807,-16.34,TRIGGERED,2026-09-20 12:48:44
3850,BHARTIARTL,1601.29,1791,7.47,TRIGGERED,2026-09-20 12:48:45
3851,ICICIBANK,1506.09,1473,24.47,TRIGGERED,2026-09-20 12:48:45
3852,TATAMOTORS,774.74,588,-20.94,TRIGGERED,2026-09-20 12:48:46
3853,LT,3396.75,407,-6.17,TRIGGERED,2026-09-20 12:48:46
3854,HDFCBANK,858.23,143,-47.99,TRIGGERED,2026-09-20 12:48:46
3855,RELIANCE,3203.98,174,7.52,TRIGGERED,2026-09-20 12:48:47
3856,BHARTIARTL,1602.0,386,7.52,TRIGGERED,2026-09-20 12:48:47
3857,INFY,1288.02,1796,-29.23,TRIGGERED,2026-09-20 12:48:48
3858,ITC,718.09,1252,46.55,TRIGGERED,2026-09-20 12:48:48
3859,BHARTIARTL,1601.1,1479,7.46,TRIGGERED,2026-09-20 12:48:48
3860,ICICIBANK,1503.19,986,24.23,TRIGGERED,2026-09-20 12:48:49
3861,INFY,1288.09,1241,-29.23,TRIGGERED,2026-09-20 12:48:49
3862,RELIANCE,3215.94,265,7.92,TRIGGERED,2026-09-20 12:48:50
3863,TCS,4670.06,694,13.35,TRIGGERED,2026-09-20 12:48:50
3864,ICICIBANK,1499.81,701,23.95,TRIGGERED,2026-09-20 12:48:50
3865,LT,3384.53,385,-6.5,TRIGGERED,2026-09-20 12:48:51
3866,RELIANCE,3217.11,507,7.96,TRIGGERED,2026-09-20 12:48:51
3867,ICICIBANK,1505.06,952,24.39,TRIGGERED,2026-09-20 12:48:52
3868,HDFCBANK,855.24,1259,-48.17,TRIGGERED,2026-09-20 12:48:52
3869,RELIANCE,3214.16,333,7.86,TRIGGERED,2026-09-20 12:48:52
3870,TATAMOTORS,772.94,587,-21.13,TRIGGERED,2026-09-20 12:48:53
3871,LT,3375.04,1127,-6.77,TRIGGERED,2026-09-20 12:48:53
3872,BHARTIARTL,1599.67,798,7.36,TRIGGERED,2026-09-20 12:48:54
3873,ITC,720.85,1656,47.11,TRIGGERED,2026-09-20 12:48:54
3874,HDFCBANK,855.61,1010,-48.14,TRIGGERED,2026-09-20 12:48:54
3875,LT,3382.89,1203,-6.55,TRIGGERED,2026-09-20 12:48:55
3876,ICICIBANK,1502.48,1108,24.17,TRIGGERED,2026-09-20 12:48:55
3877,ITC,718.41,1963,46.61,TRIGGERED,2026-09-20 12:48:56
3878,TATAMOTORS,730.43,216,-25.47,TRIGGERED,2026-09-20 12:48:56
3879,ITC,678.9,1008,38.55,TRIGGERED,2026-09-20 12:48:56
3880,SBIN,684.52,88,-16.52,TRIGGERED,2026-09-20 12:48:57
3881,BHARTIARTL,1593.53,310,6.95,TRIGGERED,2026-09-20 12:48:57
3882,BHARTIARTL,1588.11,364,6.58,TRIGGERED,2026-09-20 12:48:58
3883,TCS,4413.21,1208,7.12,TRIGGERED,2026-09-20 12:48:58
3884,RELIANCE,3206.25,1569,7.59,TRIGGERED,2026-09-20 12:48:58
3885,BHARTIARTL,1589.62,616,6.69,TRIGGERED,2026-09-20 12:48:59
3886,BHARTIARTL,1584.68,1254,6.35,TRIGGERED,2026-09-20 12:48:59
3887,TCS,4427.93,1485,7.47,TRIGGERED,2026-09-20 12:49:00
3888,TATAMOTORS,730.06,1741,-25.5,TRIGGERED,2026-09-20 12:49:00
3889,RELIANCE,3215.47,1051,7.9,TRIGGERED,2026-09-20 12:49:00
3890,TATAMOTORS,732.05,1723,-25.3,TRIGGERED,2026-09-20 12:49:01
3891,ITC,677.37,1258,38.24,TRIGGERED,2026-09-20 12:49:01
3892,ITC,679.91,1744,38.76,TRIGGERED,2026-09-20 12:49:02
3893,LT,3196.83,1308,-11.69,TRIGGERED,2026-09-20 12:49:02
3894,HDFCBANK,858.34,282,-47.98,TRIGGERED,2026-09-20 12:49:03
3895,INFY,1290.5,417,-29.09,TRIGGERED,2026-09-20 12:49:03
3896,ITC,681.25,507,39.03,TRIGGERED,2026-09-20 12:49:03
3897,BHARTIARTL,1582.85,60,6.23,TRIGGERED,2026-09-20 12:49:04
3898,LT,3185.8,889,-11.99,TRIGGERED,2026-09-20 12:49:04
3899,ICICIBANK,1503.7,1913,24.27,TRIGGERED,2026-09-20 12:49:05
3900,ICICIBANK,1506.75,1311,24.52,TRIGGERED,2026-09-20 12:49:05
3901,HDFCBANK,858.09,1324,-47.99,TRIGGERED,2026-09-20 12:49:05
3902,BHARTIARTL,1579.52,776,6.01,TRIGGERED,2026-09-20 12:49:06
3903,ITC,679.1,1343,38.59,TRIGGERED,2026-09-20 12:49:06
3904,HDFCBANK,857.86,1476,-48.01,TRIGGERED,2026-09-20 12:49:07
3905,TCS,4431.9,1393,7.57,TRIGGERED,2026-09-20 12:49:07
3906,ICICIBANK,1505.22,1401,24.4,TRIGGERED,2026-09-20 12:49:07
3907,TCS,4423.62,1908,7.37,TRIGGERED,2026-09-20 12:49:08
3908,SBIN,684.99,1469,-16.46,TRIGGERED,2026-09-20 12:49:08
3909,TATAMOTORS,691.79,1563,-29.41,TRIGGERED,2026-09-20 12:49:09
3910,ITC,681.35,141,39.05,TRIGGERED,2026-09-20 12:49:09
3911,ITC,681.04,234,38.99,TRIGGERED,2026-09-20 12:49:09
3912,TCS,4413.71,1148,7.13,TRIGGERED,2026-09-20 12:49:10
3913,LT,3187.53,1175,-11.95,TRIGGERED,2026-09-20 12:49:10
3914,ITC,683.13,564,39.41,TRIGGERED,2026-09-20 12:49:11
3915,ICICIBANK,1504.66,35,24.35,TRIGGERED,2026-09-20 12:49:11
3916,INFY,1291.98,1692,-29.01,TRIGGERED,2026-09-20 12:49:11
3917,LT,3184.3,1579,-12.04,TRIGGERED,2026-09-20 12:49:12
3918,ITC,681.15,955,39.01,TRIGGERED,2026-09-20 12:49:12
3919,ITC,680.95,377,38.97,TRIGGERED,2026-09-20 12:49:13
3920,LT,3192.63,699,-11.81,TRIGGERED,2026-09-20 12:49:13
3921,RELIANCE,3225.02,480,8.22,TRIGGERED,2026-09-20 12:49:13
3922,LT,3203.44,828,-11.51,TRIGGERED,2026-09-20 12:49:14
3923,HDFCBANK,905.04,63,-45.15,TRIGGERED,2026-09-20 12:49:14
3924,TCS,4425.32,418,7.41,TRIGGERED,2026-09-20 12:49:15
3925,INFY,1363.04,463,-25.11,TRIGGERED,2026-09-20 12:49:15
3926,INFY,1361.36,622,-25.2,TRIGGERED,2026-09-20 12:49:15
3927,SBIN,684.2,1707,-16.56,TRIGGERED,2026-09-20 12:49:16
3928,BHARTIARTL,1582.39,300,6.2,TRIGGERED,2026-09-20 12:49:16
3929,ICICIBANK,1587.42,1937,31.19,TRIGGERED,2026-09-20 12:49:17
3930,ITC,682.94,1858,39.38,TRIGGERED,2026-09-20 12:49:17
3931,RELIANCE,3235.82,694,8.58,TRIGGERED,2026-09-20 12:49:17
3932,SBIN,721.83,1586,-11.97,TRIGGERED,2026-09-20 12:49:18
3933,HDFCBANK,901.73,1677,-45.35,TRIGGERED,2026-09-20 12:49:18
3934,RELIANCE,3234.98,958,8.56,TRIGGERED,2026-09-20 12:49:19
3935,BHARTIARTL,1581.55,1084,6.14,TRIGGERED,2026-09-20 12:49:19
3936,INFY,1365.29,176,-24.98,TRIGGERED,2026-09-20 12:49:19
3937,ITC,682.36,1863,39.26,TRIGGERED,2026-09-20 12:49:20
3938,INFY,1359.94,1303,-25.28,TRIGGERED,2026-09-20 12:49:20
3939,TCS,4414.58,1440,7.15,TRIGGERED,2026-09-20 12:49:21
3940,HDFCBANK,902.1,273,-45.33,TRIGGERED,2026-09-20 12:49:21
3941,INFY,1358.37,27,-25.36,TRIGGERED,2026-09-20 12:49:21
3942,BHARTIARTL,1586.04,1450,6.45,TRIGGERED,2026-09-20 12:49:22
3943,TATAMOTORS,694.25,1858,-29.16,TRIGGERED,2026-09-20 12:49:22
3944,INFY,1360.67,69,-25.24,TRIGGERED,2026-09-20 12:49:23
3945,INFY,1362.4,1482,-25.14,TRIGGERED,2026-09-20 12:49:23
3946,BHARTIARTL,1588.08,125,6.58,TRIGGERED,2026-09-20 12:49:23
3947,INFY,1360.07,1844,-25.27,TRIGGERED,2026-09-20 12:49:24
3948,ITC,683.35,41,39.46,TRIGGERED,2026-09-20 12:49:24
3949,INFY,1365.24,1305,-24.99,TRIGGERED,2026-09-20 12:49:25
3950,HDFCBANK,901.43,1576,-45.37,TRIGGERED,2026-09-20 12:49:25
3951,HDFCBANK,899.96,1333,-45.46,TRIGGERED,2026-09-20 12:49:25
3952,ICICIBANK,1587.74,1097,31.22,TRIGGERED,2026-09-20 12:49:26
3953,TCS,4409.28,865,7.02,TRIGGERED,2026-09-20 12:49:26
3954,ITC,682.83,1067,39.35,TRIGGERED,2026-09-20 12:49:27
3955,RELIANCE,3242.86,1174,8.82,TRIGGERED,2026-09-20 12:49:27
3956,SBIN,724.38,784,-11.66,TRIGGERED,2026-09-20 12:49:27
3957,BHARTIARTL,1589.37,436,6.67,TRIGGERED,2026-09-20 12:49:28
3958,ICICIBANK,1584.17,1828,30.92,TRIGGERED,2026-09-20 12:49:28
3959,ITC,680.35,313,38.85,TRIGGERED,2026-09-20 12:49:29
3960,TCS,4404.66,1518,6.91,TRIGGERED,2026-09-20 12:49:29
3961,BHARTIARTL,1594.44,1102,7.01,TRIGGERED,2026-09-20 12:49:29
3962,BHARTIARTL,1589.02,914,6.65,TRIGGERED,2026-09-20 12:49:30
3963,BHARTIARTL,1593.91,1348,6.97,TRIGGERED,2026-09-20 12:49:30
3964,SBIN,727.23,1292,-11.31,TRIGGERED,2026-09-20 12:49:31
3965,LT,3210.89,651,-11.3,TRIGGERED,2026-09-20 12:49:31
3966,HDFCBANK,900.07,529,-45.45,TRIGGERED,2026-09-20 12:49:31
3967,ITC,677.8,652,38.33,TRIGGERED,2026-09-20 12:49:32
3968,INFY,1290.15,746,-29.11,TRIGGERED,2026-09-20 12:49:32
3969,ITC,676.02,1182,37.96,TRIGGERED,2026-09-20 12:49:33
3970,ITC,675.63,1410,37.88,TRIGGERED,2026-09-20 12:49:33
3971,ITC,673.34,1157,37.42,TRIGGERED,2026-09-20 12:49:33
3972,TCS,4395.76,939,6.69,TRIGGERED,2026-09-20 12:49:34
3973,SBIN,727.85,586,-11.24,TRIGGERED,2026-09-20 12:49:34
3974,HDFCBANK,896.62,53,-45.66,TRIGGERED,2026-09-20 12:49:35
3975,BHARTIARTL,1589.64,817,6.69,TRIGGERED,2026-09-20 12:49:35
3976,INFY,1285.64,362,-29.36,TRIGGERED,2026-09-20 12:49:35
3977,BHARTIARTL,1586.61,1492,6.48,TRIGGERED,2026-09-20 12:49:36
3978,ICICIBANK,1584.97,1537,30.99,TRIGGERED,2026-09-20 12:49:36
3979,LT,3034.29,1191,-16.18,TRIGGERED,2026-09-20 12:49:37
3980,INFY,1356.35,1582,-25.48,TRIGGERED,2026-09-20 12:49:37
3981,ITC,674.4,529,37.63,TRIGGERED,2026-09-20 12:49:37
3982,HDFCBANK,899.14,510,-45.51,TRIGGERED,2026-09-20 12:49:38
3983,ITC,675.8,1114,37.92,TRIGGERED,2026-09-20 12:49:38
3984,TCS,4378.36,786,6.27,TRIGGERED,2026-09-20 12:49:39
3985,LT,3033.77,1693,-16.19,TRIGGERED,2026-09-20 12:49:39
3986,TCS,4390.31,546,6.56,TRIGGERED,2026-09-20 12:49:39
3987,LT,3029.59,1459,-16.31,TRIGGERED,2026-09-20 12:49:40
3988,RELIANCE,3237.36,1687,8.64,TRIGGERED,2026-09-20 12:49:40
3989,HDFCBANK,897.12,612,-45.63,TRIGGERED,2026-09-20 12:49:41
3990,BHARTIARTL,1582.02,1834,6.18,TRIGGERED,2026-09-20 12:49:41
3991,TATAMOTORS,656.07,1328,-33.05,TRIGGERED,2026-09-20 12:49:41
3992,BHARTIARTL,1582.73,1314,6.22,TRIGGERED,2026-09-20 12:49:42
3993,ICICIBANK,1581.81,1035,30.73,TRIGGERED,2026-09-20 12:49:42
3994,ITC,676.62,1567,38.09,TRIGGERED,2026-09-20 12:49:43
3995,INFY,1358.69,1545,-25.35,TRIGGERED,2026-09-20 12:49:43
3996,INFY,1358.21,815,-25.37,TRIGGERED,2026-09-20 12:49:43
3997,LT,3019.96,642,-16.58,TRIGGERED,2026-09-20 12:49:44
3998,LT,3019.77,71,-16.58,TRIGGERED,2026-09-20 12:49:44
3999,ITC,674.37,1029,37.63,TRIGGERED,2026-09-20 12:49:45
4000,HDFCBANK,896.07,1241,-45.69,TRIGGERED,2026-09-20 12:49:45
4001,TCS,4392.98,1983,6.63,TRIGGERED,2026-09-20 12:49:45
4002,BHARTIARTL,1589.05,279,6.65,TRIGGERED,2026-09-20 12:49:46
4003,SBIN,729.29,1591,-11.06,TRIGGERED,2026-09-20 12:49:46
4004,LT,3015.5,1830,-16.7,TRIGGERED,2026-09-20 12:49:47
4005,SBIN,731.01,1834,-10.85,TRIGGERED,2026-09-20 12:49:47
4006,LT,3007.06,1885,-16.93,TRIGGERED,2026-09-20 12:49:47
4007,TCS,4398.69,1359,6.76,TRIGGERED,2026-09-20 12:49:48
4008,SBIN,690.8,455,-15.76,TRIGGERED,2026-09-20 12:49:48
4009,ICICIBANK,1577.23,895,30.35,TRIGGERED,2026-09-20 12:49:49
4010,TCS,4412.38,489,7.1,TRIGGERED,2026-09-20 12:49:49
4011,LT,3007.36,983,-16.92,TRIGGERED,2026-09-20 12:49:49
4012,ITC,674.93,318,37.74,TRIGGERED,2026-09-20 12:49:50
4013,RELIANCE,3231.32,1905,8.43,TRIGGERED,2026-09-20 12:49:50
4014,RELIANCE,3229.14,153,8.36,TRIGGERED,2026-09-20 12:49:51
4015,LT,3013.23,1791,-16.76,TRIGGERED,2026-09-20 12:49:51
4016,HDFCBANK,894.11,418,-45.81,TRIGGERED,2026-09-20 12:49:51
4017,LT,3020.0,901,-16.57,TRIGGERED,2026-09-20 12:49:52
4018,HDFCBANK,896.8,1228,-45.65,TRIGGERED,2026-09-20 12:49:52
4019,BHARTIARTL,1589.88,1558,6.7,TRIGGERED,2026-09-20 12:49:53
4020,RELIANCE,3230.51,1522,8.41,TRIGGERED,2026-09-20 12:49:53
4021,BHARTIARTL,1594.81,389,7.03,TRIGGERED,2026-09-20 12:49:53
4022,LT,3010.14,879,-16.85,TRIGGERED,2026-09-20 12:49:54
4023,INFY,1352.86,344,-25.67,TRIGGERED,2026-09-20 12:49:54
4024,INFY,1354.67,1188,-25.57,TRIGGERED,2026-09-20 12:49:55
4025,TCS,4406.04,1124,6.94,TRIGGERED,2026-09-20 12:49:55
4026,TCS,4410.6,772,7.05,TRIGGERED,2026-09-20 12:49:55
4027,TATAMOTORS,653.54,1852,-33.31,TRIGGERED,2026-09-20 12:49:56
4028,TATAMOTORS,652.81,1132,-33.39,TRIGGERED,2026-09-20 12:49:56
4029,ICICIBANK,1575.1,1040,30.17,TRIGGERED,2026-09-20 12:49:57
4030,BHARTIARTL,1594.55,295,7.02,TRIGGERED,2026-09-20 12:49:57
4031,RELIANCE,3241.55,658,8.78,TRIGGERED,2026-09-20 12:49:57
4032,TCS,4420.21,1448,7.29,TRIGGERED,2026-09-20 12:49:58
4033,BHARTIARTL,1600.51,1066,7.42,TRIGGERED,2026-09-20 12:49:58
4034,TCS,4423.33,684,7.36,TRIGGERED,2026-09-20 12:49:59
4035,TCS,4427.09,151,7.45,TRIGGERED,2026-09-20 12:49:59
4036,ITC,672.6,1194,37.27,TRIGGERED,2026-09-20 12:49:59
4037,HDFCBANK,896.61,1280,-45.66,TRIGGERED,2026-09-20 12:50:00
4038,INFY,1358.98,739,-25.33,TRIGGERED,2026-09-20 12:50:00
4039,TCS,4415.77,183,7.18,TRIGGERED,2026-09-20 12:50:01
4040,ITC,671.76,214,37.09,TRIGGERED,2026-09-20 12:50:01
4041,HDFCBANK,897.57,1273,-45.6,TRIGGERED,2026-09-20 12:50:02
4042,ICICIBANK,1661.73,1106,37.33,TRIGGERED,2026-09-20 12:50:02
4043,RELIANCE,3242.5,1159,8.81,TRIGGERED,2026-09-20 12:50:02
4044,HDFCBANK,895.68,934,-45.72,TRIGGERED,2026-09-20 12:50:03
4045,SBIN,692.8,273,-15.51,TRIGGERED,2026-09-20 12:50:03
4046,BHARTIARTL,1602.43,1178,7.55,TRIGGERED,2026-09-20 12:50:04
4047,LT,2999.56,200,-17.14,TRIGGERED,2026-09-20 12:50:04
4048,HDFCBANK,898.36,1186,-45.55,TRIGGERED,2026-09-20 12:50:04
4049,INFY,1360.72,1705,-25.24,TRIGGERED,2026-09-20 12:50:05
4050,TATAMOTORS,650.46,179,-33.63,TRIGGERED,2026-09-20 12:50:05
4051,TCS,4421.97,1434,7.33,TRIGGERED,2026-09-20 12:50:06
4052,BHARTIARTL,1602.14,503,7.53,TRIGGERED,2026-09-20 12:50:06
4053,SBIN,695.18,1971,-15.22,TRIGGERED,2026-09-20 12:50:06
4054,LT,3002.89,1120,-17.05,TRIGGERED,2026-09-20 12:50:07
4055,INFY,1360.27,1551,-25.26,TRIGGERED,2026-09-20 12:50:07
4056,ITC,673.87,1068,37.52,TRIGGERED,2026-09-20 12:50:08
4057,INFY,1357.22,1025,-25.43,TRIGGERED,2026-09-20 12:50:08
4058,LT,3006.73,1652,-16.94,TRIGGERED,2026-09-20 12:50:08
4059,INFY,1358.54,183,-25.35,TRIGGERED,2026-09-20 12:50:09
4060,TCS,4426.13,1162,7.43,TRIGGERED,2026-09-20 12:50:09
4061,TCS,4430.05,1165,7.53,TRIGGERED,2026-09-20 12:50:10
4062,ICICIBANK,1658.57,630,37.07,TRIGGERED,2026-09-20 12:50:10
4063,ICICIBANK,1657.71,126,37.0,TRIGGERED,2026-09-20 12:50:10
4064,TCS,4425.03,1139,7.4,TRIGGERED,2026-09-20 12:50:11
4065,BHARTIARTL,1607.89,704,7.91,TRIGGERED,2026-09-20 12:50:11
4066,HDFCBANK,896.39,1225,-45.67,TRIGGERED,2026-09-20 12:50:12
4067,RELIANCE,3233.58,114,8.51,TRIGGERED,2026-09-20 12:50:12
4068,HDFCBANK,847.09,904,-48.66,TRIGGERED,2026-09-20 12:50:12
4069,RELIANCE,3244.56,294,8.88,TRIGGERED,2026-09-20 12:50:13
4070,TATAMOTORS,651.59,1848,-33.51,TRIGGERED,2026-09-20 12:50:13
4071,TATAMOTORS,651.08,1710,-33.56,TRIGGERED,2026-09-20 12:50:14
4072,TCS,4411.75,1896,7.08,TRIGGERED,2026-09-20 12:50:14
4073,ITC,671.79,1651,37.1,TRIGGERED,2026-09-20 12:50:14
4074,TCS,4399.32,389,6.78,TRIGGERED,2026-09-20 12:50:15
4075,RELIANCE,3423.01,240,14.87,TRIGGERED,2026-09-20 12:50:15
4076,HDFCBANK,850.29,1792,-48.47,TRIGGERED,2026-09-20 12:50:16
4077,RELIANCE,3423.28,433,14.88,TRIGGERED,2026-09-20 12:50:16
4078,HDFCBANK,848.99,1528,-48.55,TRIGGERED,2026-09-20 12:50:16
4079,TATAMOTORS,648.71,877,-33.81,TRIGGERED,2026-09-20 12:50:17
4080,HDFCBANK,847.16,604,-48.66,TRIGGERED,2026-09-20 12:50:17
4081,TATAMOTORS,649.31,1694,-33.74,TRIGGERED,2026-09-20 12:50:18
4082,RELIANCE,3418.02,1942,14.7,TRIGGERED,2026-09-20 12:50:18
4083,LT,3016.29,1064,-16.68,TRIGGERED,2026-09-20 12:50:18
4084,HDFCBANK,844.75,1773,-48.8,TRIGGERED,2026-09-20 12:50:19
4085,RELIANCE,3425.37,1526,14.95,TRIGGERED,2026-09-20 12:50:19
4086,RELIANCE,3431.76,1644,15.16,TRIGGERED,2026-09-20 12:50:20
4087,SBIN,692.51,1233,-15.55,TRIGGERED,2026-09-20 12:50:20
4088,SBIN,693.65,1072,-15.41,TRIGGERED,2026-09-20 12:50:20
4089,BHARTIARTL,1604.64,800,7.69,TRIGGERED,2026-09-20 12:50:21
4090,INFY,1363.35,315,-25.09,TRIGGERED,2026-09-20 12:50:21
4091,ICICIBANK,1654.52,320,36.74,TRIGGERED,2026-09-20 12:50:22
4092,LT,3014.02,903,-16.74,TRIGGERED,2026-09-20 12:50:22
4093,SBIN,690.98,54,-15.73,TRIGGERED,2026-09-20 12:50:22
4094,ICICIBANK,1653.59,462,36.66,TRIGGERED,2026-09-20 12:50:23
4095,TCS,4397.07,626,6.72,TRIGGERED,2026-09-20 12:50:23
4096,INFY,1359.26,1696,-25.32,TRIGGERED,2026-09-20 12:50:24
4097,INFY,1284.5,515,-29.42,TRIGGERED,2026-09-20 12:50:24
4098,BHARTIARTL,1598.85,1149,7.31,TRIGGERED,2026-09-20 12:50:24
4099,ICICIBANK,1648.25,1427,36.22,TRIGGERED,2026-09-20 12:50:25
4100,ICICIBANK,1643.51,573,35.83,TRIGGERED,2026-09-20 12:50:25
4101,RELIANCE,3418.17,1501,14.7,TRIGGERED,2026-09-20 12:50:26
4102,ICICIBANK,1644.18,1396,35.88,TRIGGERED,2026-09-20 12:50:26
4103,TATAMOTORS,651.5,1572,-33.52,TRIGGERED,2026-09-20 12:50:26
4104,ITC,669.4,966,36.61,TRIGGERED,2026-09-20 12:50:27
4105,ITC,671.67,1341,37.08,TRIGGERED,2026-09-20 12:50:27
4106,BHARTIARTL,1594.58,1218,7.02,TRIGGERED,2026-09-20 12:50:28
4107,RELIANCE,3427.1,1405,15.0,TRIGGERED,2026-09-20 12:50:28
4108,HDFCBANK,846.02,812,-48.73,TRIGGERED,2026-09-20 12:50:28
4109,LT,3014.34,1427,-16.73,TRIGGERED,2026-09-20 12:50:29
4110,ITC,673.88,218,37.53,TRIGGERED,2026-09-20 12:50:29
4111,RELIANCE,3421.16,467,14.8,TRIGGERED,2026-09-20 12:50:30
4112,HDFCBANK,849.1,654,-48.54,TRIGGERED,2026-09-20 12:50:30
4113,RELIANCE,3410.11,87,14.43,TRIGGERED,2026-09-20 12:50:30
4114,TATAMOTORS,652.52,1800,-33.42,TRIGGERED,2026-09-20 12:50:31
4115,TCS,4380.05,1879,6.31,TRIGGERED,2026-09-20 12:50:31
4116,ICICIBANK,1643.83,353,35.85,TRIGGERED,2026-09-20 12:50:32
4117,LT,3180.13,75,-12.15,TRIGGERED,2026-09-20 12:50:32
4118,LT,3192.34,272,-11.81,TRIGGERED,2026-09-20 12:50:32
4119,ICICIBANK,1638.88,1303,35.44,TRIGGERED,2026-09-20 12:50:33
4120,TATAMOTORS,650.3,1336,-33.64,TRIGGERED,2026-09-20 12:50:33
4121,ITC,710.94,565,45.09,TRIGGERED,2026-09-20 12:50:34
4122,ICICIBANK,1640.07,1314,35.54,TRIGGERED,2026-09-20 12:50:34
4123,HDFCBANK,851.4,30,-48.4,TRIGGERED,2026-09-20 12:50:34
4124,ITC,708.93,1040,44.68,TRIGGERED,2026-09-20 12:50:35
4125,TATAMOTORS,651.81,64,-33.49,TRIGGERED,2026-09-20 12:50:35
4126,SBIN,689.9,1981,-15.87,TRIGGERED,2026-09-20 12:50:36
4127,TCS,4380.75,1407,6.33,TRIGGERED,2026-09-20 12:50:36
4128,SBIN,688.33,659,-16.06,TRIGGERED,2026-09-20 12:50:36
4129,ITC,706.15,647,44.11,TRIGGERED,2026-09-20 12:50:37
4130,TCS,4139.81,690,0.48,NORMAL,2026-09-20 12:50:37
4131,LT,3186.2,599,-11.98,TRIGGERED,2026-09-20 12:50:38
4132,ICICIBANK,1645.75,768,36.01,TRIGGERED,2026-09-20 12:50:38
4133,ICICIBANK,1643.04,1644,35.79,TRIGGERED,2026-09-20 12:50:38
4134,INFY,1280.15,1002,-29.66,TRIGGERED,2026-09-20 12:50:39
4135,SBIN,726.19,595,-11.44,TRIGGERED,2026-09-20 12:50:39
4136,INFY,1278.37,589,-29.76,TRIGGERED,2026-09-20 12:50:40
4137,LT,3177.93,1426,-12.21,TRIGGERED,2026-09-20 12:50:40
4138,HDFCBANK,850.08,1278,-48.48,TRIGGERED,2026-09-20 12:50:40
4139,SBIN,727.82,1664,-11.24,TRIGGERED,2026-09-20 12:50:41
4140,SBIN,730.58,74,-10.9,TRIGGERED,2026-09-20 12:50:41
4141,HDFCBANK,851.55,57,-48.39,TRIGGERED,2026-09-20 12:50:42
4142,RELIANCE,3406.26,1526,14.3,TRIGGERED,2026-09-20 12:50:42
4143,LT,3175.39,1410,-12.28,TRIGGERED,2026-09-20 12:50:42
4144,ICICIBANK,1637.06,1175,35.29,TRIGGERED,2026-09-20 12:50:43
4145,ICICIBANK,1547.02,930,27.85,TRIGGERED,2026-09-20 12:50:43
4146,ITC,744.99,366,52.04,TRIGGERED,2026-09-20 12:50:44
4147,INFY,1278.32,595,-29.76,TRIGGERED,2026-09-20 12:50:44
4148,ICICIBANK,1547.16,901,27.86,TRIGGERED,2026-09-20 12:50:44
4149,INFY,1275.51,918,-29.92,TRIGGERED,2026-09-20 12:50:45
4150,LT,3175.28,1889,-12.29,TRIGGERED,2026-09-20 12:50:45
4151,ITC,743.34,192,51.7,TRIGGERED,2026-09-20 12:50:46
4152,TCS,4149.74,1524,0.72,NORMAL,2026-09-20 12:50:46
4153,BHARTIARTL,1589.32,1753,6.67,TRIGGERED,2026-09-20 12:50:46
4154,ITC,702.46,1160,43.36,TRIGGERED,2026-09-20 12:50:47
4155,ICICIBANK,1551.74,757,28.24,TRIGGERED,2026-09-20 12:50:47
4156,SBIN,733.01,930,-10.61,TRIGGERED,2026-09-20 12:50:48
4157,BHARTIARTL,1585.45,1917,6.41,TRIGGERED,2026-09-20 12:50:48
4158,ICICIBANK,1637.09,604,35.3,TRIGGERED,2026-09-20 12:50:48
4159,RELIANCE,3218.92,1973,8.02,TRIGGERED,2026-09-20 12:50:49
4160,TCS,4144.58,1067,0.6,NORMAL,2026-09-20 12:50:49
4161,HDFCBANK,851.41,444,-48.4,TRIGGERED,2026-09-20 12:50:50
4162,LT,3176.41,1837,-12.25,TRIGGERED,2026-09-20 12:50:50
4163,TATAMOTORS,651.28,408,-33.54,TRIGGERED,2026-09-20 12:50:50
4164,RELIANCE,3230.14,1461,8.39,TRIGGERED,2026-09-20 12:50:51
4165,ICICIBANK,1643.21,1393,35.8,TRIGGERED,2026-09-20 12:50:51
4166,BHARTIARTL,1590.35,562,6.73,TRIGGERED,2026-09-20 12:50:52
4167,RELIANCE,3228.14,1632,8.33,TRIGGERED,2026-09-20 12:50:52
4168,INFY,1270.5,577,-30.19,TRIGGERED,2026-09-20 12:50:52
4169,BHARTIARTL,1589.93,1442,6.71,TRIGGERED,2026-09-20 12:50:53
4170,TCS,4159.47,346,0.96,NORMAL,2026-09-20 12:50:53
4171,INFY,1268.28,921,-30.31,TRIGGERED,2026-09-20 12:50:54
4172,INFY,1266.7,139,-30.4,TRIGGERED,2026-09-20 12:50:54
4173,TATAMOTORS,653.2,253,-33.35,TRIGGERED,2026-09-20 12:50:54
4174,TATAMOTORS,689.13,1910,-29.68,TRIGGERED,2026-09-20 12:50:55
4175,RELIANCE,3218.47,1069,8.0,TRIGGERED,2026-09-20 12:50:55
4176,ITC,700.02,251,42.86,TRIGGERED,2026-09-20 12:50:56
4177,INFY,1266.2,1083,-30.43,TRIGGERED,2026-09-20 12:50:56
4178,SBIN,730.14,1214,-10.96,TRIGGERED,2026-09-20 12:50:56
4179,RELIANCE,3224.68,997,8.21,TRIGGERED,2026-09-20 12:50:57
4180,TCS,4166.97,1976,1.14,NORMAL,2026-09-20 12:50:57
4181,LT,3172.26,1151,-12.37,TRIGGERED,2026-09-20 12:50:58
4182,ITC,698.28,743,42.51,TRIGGERED,2026-09-20 12:50:58
4183,INFY,1262.57,1536,-30.63,TRIGGERED,2026-09-20 12:50:58
4184,TCS,4163.71,669,1.06,NORMAL,2026-09-20 12:50:59
4185,RELIANCE,3224.55,478,8.21,TRIGGERED,2026-09-20 12:50:59
4186,ITC,697.1,1552,42.27,TRIGGERED,2026-09-20 12:51:00
4187,TATAMOTORS,687.2,341,-29.88,TRIGGERED,2026-09-20 12:51:00
4188,SBIN,729.31,1653,-11.06,TRIGGERED,2026-09-20 12:51:00
4189,SBIN,727.94,342,-11.23,TRIGGERED,2026-09-20 12:51:01
4190,TATAMOTORS,689.03,909,-29.69,TRIGGERED,2026-09-20 12:51:01
4191,ICICIBANK,1552.83,955,28.33,TRIGGERED,2026-09-20 12:51:02
4192,RELIANCE,3212.39,356,7.8,TRIGGERED,2026-09-20 12:51:02
4193,HDFCBANK,848.15,845,-48.6,TRIGGERED,2026-09-20 12:51:02
4194,INFY,1193.13,1790,-34.44,TRIGGERED,2026-09-20 12:51:03
4195,LT,3183.98,1101,-12.04,TRIGGERED,2026-09-20 12:51:03
4196,TATAMOTORS,690.5,1313,-29.54,TRIGGERED,2026-09-20 12:51:04
4197,ITC,696.41,832,42.12,TRIGGERED,2026-09-20 12:51:04
4198,ITC,694.6,1490,41.76,TRIGGERED,2026-09-20 12:51:05
4199,BHARTIARTL,1591.92,968,6.84,TRIGGERED,2026-09-20 12:51:05
4200,RELIANCE,3213.28,1618,7.83,TRIGGERED,2026-09-20 12:51:05
4201,RELIANCE,3205.35,1067,7.56,TRIGGERED,2026-09-20 12:51:06
4202,ICICIBANK,1550.21,1338,28.12,TRIGGERED,2026-09-20 12:51:06
4203,LT,3175.12,1058,-12.29,TRIGGERED,2026-09-20 12:51:07
4204,HDFCBANK,845.53,560,-48.76,TRIGGERED,2026-09-20 12:51:07
4205,HDFCBANK,843.39,1530,-48.89,TRIGGERED,2026-09-20 12:51:07
4206,INFY,1189.08,170,-34.67,TRIGGERED,2026-09-20 12:51:08
4207,ITC,692.26,131,41.28,TRIGGERED,2026-09-20 12:51:08
4208,INFY,1189.95,425,-34.62,TRIGGERED,2026-09-20 12:51:09
4209,RELIANCE,3192.83,1582,7.14,TRIGGERED,2026-09-20 12:51:09
4210,ITC,690.67,1316,40.95,TRIGGERED,2026-09-20 12:51:09
4211,SBIN,730.67,497,-10.89,TRIGGERED,2026-09-20 12:51:10
4212,ITC,692.88,1399,41.4,TRIGGERED,2026-09-20 12:51:10
4213,SBIN,729.36,117,-11.05,TRIGGERED,2026-09-20 12:51:11
4214,LT,3167.29,1074,-12.51,TRIGGERED,2026-09-20 12:51:11
4215,ICICIBANK,1548.15,1291,27.95,TRIGGERED,2026-09-20 12:51:11
4216,INFY,1187.03,176,-34.78,TRIGGERED,2026-09-20 12:51:12
4217,ICICIBANK,1551.09,1673,28.19,TRIGGERED,2026-09-20 12:51:12
4218,ICICIBANK,1546.37,357,27.8,TRIGGERED,2026-09-20 12:51:13
4219,BHARTIARTL,1598.11,1568,7.26,TRIGGERED,2026-09-20 12:51:13
4220,ICICIBANK,1540.69,1794,27.33,TRIGGERED,2026-09-20 12:51:13
4221,TATAMOTORS,690.64,1393,-29.53,TRIGGERED,2026-09-20 12:51:14
4222,ITC,694.31,1312,41.7,TRIGGERED,2026-09-20 12:51:14
4223,ITC,694.96,1865,41.83,TRIGGERED,2026-09-20 12:51:15
4224,INFY,1190.62,1950,-34.58,TRIGGERED,2026-09-20 12:51:15
4225,INFY,1193.63,1818,-34.42,TRIGGERED,2026-09-20 12:51:15
4226,SBIN,769.47,1579,-6.16,TRIGGERED,2026-09-20 12:51:16
4227,RELIANCE,3187.19,806,6.95,TRIGGERED,2026-09-20 12:51:16
4228,SBIN,769.49,798,-6.16,TRIGGERED,2026-09-20 12:51:17
4229,HDFCBANK,846.42,1185,-48.7,TRIGGERED,2026-09-20 12:51:17
4230,SBIN,768.68,982,-6.26,TRIGGERED,2026-09-20 12:51:17
4231,LT,3170.52,1465,-12.42,TRIGGERED,2026-09-20 12:51:18
4232,LT,3179.66,68,-12.16,TRIGGERED,2026-09-20 12:51:18
4233,ITC,695.47,929,41.93,TRIGGERED,2026-09-20 12:51:19
4234,ITC,693.88,855,41.61,TRIGGERED,2026-09-20 12:51:19
4235,SBIN,769.58,193,-6.15,TRIGGERED,2026-09-20 12:51:19
4236,RELIANCE,3188.66,557,7.0,TRIGGERED,2026-09-20 12:51:20
4237,INFY,1195.68,852,-34.3,TRIGGERED,2026-09-20 12:51:20
4238,RELIANCE,3195.78,1531,7.24,TRIGGERED,2026-09-20 12:51:21
4239,ICICIBANK,1545.35,664,27.71,TRIGGERED,2026-09-20 12:51:21
4240,TATAMOTORS,689.02,1928,-29.69,TRIGGERED,2026-09-20 12:51:21
4241,RELIANCE,3020.01,1625,1.34,NORMAL,2026-09-20 12:51:22
4242,INFY,1193.54,44,-34.42,TRIGGERED,2026-09-20 12:51:22
4243,BHARTIARTL,1597.84,468,7.24,TRIGGERED,2026-09-20 12:51:23
4244,HDFCBANK,848.17,1533,-48.6,TRIGGERED,2026-09-20 12:51:23
4245,ICICIBANK,1544.21,1001,27.62,TRIGGERED,2026-09-20 12:51:23
4246,ITC,693.58,1019,41.55,TRIGGERED,2026-09-20 12:51:24
4247,TCS,4173.34,1001,1.29,NORMAL,2026-09-20 12:51:24
4248,ITC,696.14,359,42.07,TRIGGERED,2026-09-20 12:51:25
4249,ICICIBANK,1544.06,1090,27.61,TRIGGERED,2026-09-20 12:51:25
4250,BHARTIARTL,1595.05,1924,7.05,TRIGGERED,2026-09-20 12:51:25
4251,INFY,1192.55,970,-34.48,TRIGGERED,2026-09-20 12:51:26
4252,BHARTIARTL,1600.04,1449,7.39,TRIGGERED,2026-09-20 12:51:26
4253,ICICIBANK,1544.01,334,27.6,TRIGGERED,2026-09-20 12:51:27
4254,LT,3168.91,1828,-12.46,TRIGGERED,2026-09-20 12:51:27
4255,ITC,697.45,821,42.34,TRIGGERED,2026-09-20 12:51:27
4256,HDFCBANK,848.62,1547,-48.57,TRIGGERED,2026-09-20 12:51:28
4257,RELIANCE,3027.02,1595,1.58,NORMAL,2026-09-20 12:51:28
4258,RELIANCE,3018.34,1344,1.29,NORMAL,2026-09-20 12:51:29
4259,LT,3181.07,1502,-12.13,TRIGGERED,2026-09-20 12:51:29
4260,TCS,4170.1,844,1.22,NORMAL,2026-09-20 12:51:29
4261,BHARTIARTL,1601.1,1099,7.46,TRIGGERED,2026-09-20 12:51:30
4262,INFY,1195.83,132,-34.3,TRIGGERED,2026-09-20 12:51:30
4263,SBIN,770.17,36,-6.08,TRIGGERED,2026-09-20 12:51:31
4264,SBIN,769.58,421,-6.15,TRIGGERED,2026-09-20 12:51:31
4265,HDFCBANK,846.9,753,-48.67,TRIGGERED,2026-09-20 12:51:31
4266,HDFCBANK,850.21,1247,-48.47,TRIGGERED,2026-09-20 12:51:32
4267,HDFCBANK,847.8,32,-48.62,TRIGGERED,2026-09-20 12:51:32
4268,LT,3171.41,1171,-12.39,TRIGGERED,2026-09-20 12:51:33
4269,RELIANCE,3024.53,388,1.49,NORMAL,2026-09-20 12:51:33
4270,BHARTIARTL,1604.55,1158,7.69,TRIGGERED,2026-09-20 12:51:33
4271,TATAMOTORS,687.12,815,-29.89,TRIGGERED,2026-09-20 12:51:34
4272,RELIANCE,3031.98,266,1.74,NORMAL,2026-09-20 12:51:34
4273,INFY,1261.6,1856,-30.68,TRIGGERED,2026-09-20 12:51:35
4274,ITC,697.69,558,42.39,TRIGGERED,2026-09-20 12:51:35
4275,TATAMOTORS,684.49,1812,-30.15,TRIGGERED,2026-09-20 12:51:35
4276,BHARTIARTL,1610.73,934,8.1,TRIGGERED,2026-09-20 12:51:36
4277,ICICIBANK,1459.09,717,20.59,TRIGGERED,2026-09-20 12:51:36
4278,RELIANCE,3198.74,1229,7.34,TRIGGERED,2026-09-20 12:51:37
4279,ICICIBANK,1539.34,1164,27.22,TRIGGERED,2026-09-20 12:51:37
4280,TCS,4185.42,1892,1.59,NORMAL,2026-09-20 12:51:37
4281,TCS,4197.86,1239,1.89,NORMAL,2026-09-20 12:51:38
4282,ITC,700.21,1095,42.9,TRIGGERED,2026-09-20 12:51:38
4283,HDFCBANK,849.74,1261,-48.5,TRIGGERED,2026-09-20 12:51:39
4284,TATAMOTORS,681.96,1333,-30.41,TRIGGERED,2026-09-20 12:51:39
4285,TATAMOTORS,680.0,1799,-30.61,TRIGGERED,2026-09-20 12:51:39
4286,ITC,702.48,1446,43.36,TRIGGERED,2026-09-20 12:51:40
4287,ITC,699.85,1338,42.83,TRIGGERED,2026-09-20 12:51:40
4288,TATAMOTORS,679.69,609,-30.64,TRIGGERED,2026-09-20 12:51:41
4289,ICICIBANK,1543.92,282,27.6,TRIGGERED,2026-09-20 12:51:41
4290,BHARTIARTL,1613.1,576,8.26,TRIGGERED,2026-09-20 12:51:41
4291,INFY,1258.88,1107,-30.83,TRIGGERED,2026-09-20 12:51:42
4292,TCS,3966.98,748,-3.71,NORMAL,2026-09-20 12:51:42
4293,LT,3167.5,993,-12.5,TRIGGERED,2026-09-20 12:51:43
4294,LT,3179.31,162,-12.17,TRIGGERED,2026-09-20 12:51:43
4295,RELIANCE,3192.17,1690,7.12,TRIGGERED,2026-09-20 12:51:43
4296,BHARTIARTL,1606.78,1210,7.84,TRIGGERED,2026-09-20 12:51:44
4297,TATAMOTORS,679.36,951,-30.68,TRIGGERED,2026-09-20 12:51:44
4298,ITC,700.59,1213,42.98,TRIGGERED,2026-09-20 12:51:45
4299,RELIANCE,3201.41,696,7.43,TRIGGERED,2026-09-20 12:51:45
4300,BHARTIARTL,1601.23,1044,7.47,TRIGGERED,2026-09-20 12:51:45
4301,ICICIBANK,1548.21,374,27.95,TRIGGERED,2026-09-20 12:51:46
4302,SBIN,767.34,1993,-6.42,TRIGGERED,2026-09-20 12:51:46
4303,BHARTIARTL,1599.84,763,7.37,TRIGGERED,2026-09-20 12:51:47
4304,TATAMOTORS,678.48,93,-30.77,TRIGGERED,2026-09-20 12:51:47
4305,ITC,700.63,1431,42.99,TRIGGERED,2026-09-20 12:51:47
4306,LT,3166.72,1805,-12.52,TRIGGERED,2026-09-20 12:51:48
4307,INFY,1256.68,450,-30.95,TRIGGERED,2026-09-20 12:51:48
4308,LT,3155.4,832,-12.83,TRIGGERED,2026-09-20 12:51:49
4309,TATAMOTORS,679.16,896,-30.7,TRIGGERED,2026-09-20 12:51:49
4310,TATAMOTORS,681.56,116,-30.45,TRIGGERED,2026-09-20 12:51:50
4311,ICICIBANK,1463.06,1383,20.91,TRIGGERED,2026-09-20 12:51:50
4312,ICICIBANK,1458.29,194,20.52,TRIGGERED,2026-09-20 12:51:50
4313,ICICIBANK,1463.52,1459,20.95,TRIGGERED,2026-09-20 12:51:51
4314,TATAMOTORS,679.23,1454,-30.69,TRIGGERED,2026-09-20 12:51:51
4315,TCS,3958.86,290,-3.91,NORMAL,2026-09-20 12:51:52
4316,ICICIBANK,1461.75,1280,20.81,TRIGGERED,2026-09-20 12:51:52
4317,ITC,700.65,919,42.99,TRIGGERED,2026-09-20 12:51:52
4318,TCS,3963.23,629,-3.81,NORMAL,2026-09-20 12:51:53
4319,BHARTIARTL,1593.95,410,6.98,TRIGGERED,2026-09-20 12:51:53
4320,HDFCBANK,852.64,1149,-48.32,TRIGGERED,2026-09-20 12:51:54
4321,TATAMOTORS,677.09,1705,-30.91,TRIGGERED,2026-09-20 12:51:54
4322,BHARTIARTL,1593.43,1557,6.94,TRIGGERED,2026-09-20 12:51:54
4323,ICICIBANK,1542.15,1838,27.45,TRIGGERED,2026-09-20 12:51:55
4324,RELIANCE,3212.16,683,7.79,TRIGGERED,2026-09-20 12:51:55
4325,ICICIBANK,1536.95,137,27.02,TRIGGERED,2026-09-20 12:51:56
4326,RELIANCE,3224.03,895,8.19,TRIGGERED,2026-09-20 12:51:56
4327,ITC,701.37,242,43.14,TRIGGERED,2026-09-20 12:51:56
4328,TCS,3969.86,1511,-3.64,NORMAL,2026-09-20 12:51:57
4329,LT,3164.65,46,-12.58,TRIGGERED,2026-09-20 12:51:57
4330,ITC,702.29,575,43.32,TRIGGERED,2026-09-20 12:51:58
4331,ICICIBANK,1533.74,395,26.76,TRIGGERED,2026-09-20 12:51:58
4332,LT,3172.09,263,-12.37,TRIGGERED,2026-09-20 12:51:58
4333,INFY,1260.17,48,-30.76,TRIGGERED,2026-09-20 12:51:59
4334,HDFCBANK,855.94,1067,-48.12,TRIGGERED,2026-09-20 12:51:59
4335,TCS,3955.84,1892,-3.98,NORMAL,2026-09-20 12:52:00
4336,TCS,3944.67,1132,-4.26,NORMAL,2026-09-20 12:52:00
4337,ITC,701.47,143,43.16,TRIGGERED,2026-09-20 12:52:00
4338,SBIN,767.93,1948,-6.35,TRIGGERED,2026-09-20 12:52:01
4339,RELIANCE,3211.28,1735,7.76,TRIGGERED,2026-09-20 12:52:01
4340,ITC,702.31,165,43.33,TRIGGERED,2026-09-20 12:52:02
4341,TATAMOTORS,676.92,883,-30.93,TRIGGERED,2026-09-20 12:52:02
4342,LT,2997.63,752,-17.19,TRIGGERED,2026-09-20 12:52:02
4343,SBIN,769.11,1078,-6.21,TRIGGERED,2026-09-20 12:52:03
4344,LT,3000.7,655,-17.11,TRIGGERED,2026-09-20 12:52:03
4345,SBIN,768.42,1120,-6.29,TRIGGERED,2026-09-20 12:52:04
4346,INFY,1256.74,1898,-30.95,TRIGGERED,2026-09-20 12:52:04
4347,SBIN,769.4,113,-6.17,TRIGGERED,2026-09-20 12:52:04
4348,TCS,3951.72,316,-4.08,NORMAL,2026-09-20 12:52:05
4349,RELIANCE,3220.2,1170,8.06,TRIGGERED,2026-09-20 12:52:05
4350,ICICIBANK,1533.62,225,26.75,TRIGGERED,2026-09-20 12:52:06
4351,HDFCBANK,859.03,446,-47.94,TRIGGERED,2026-09-20 12:52:06
4352,HDFCBANK,862.03,391,-47.76,TRIGGERED,2026-09-20 12:52:06
4353,TCS,3967.19,1693,-3.71,NORMAL,2026-09-20 12:52:07
4354,ITC,702.43,575,43.35,TRIGGERED,2026-09-20 12:52:07
4355,LT,2998.21,976,-17.18,TRIGGERED,2026-09-20 12:52:08
4356,TCS,3969.73,105,-3.65,NORMAL,2026-09-20 12:52:08
4357,LT,3163.11,1012,-12.62,TRIGGERED,2026-09-20 12:52:09
4358,LT,3171.4,1128,-12.39,TRIGGERED,2026-09-20 12:52:09
4359,ITC,705.16,1332,43.91,TRIGGERED,2026-09-20 12:52:09
4360,SBIN,771.89,466,-5.87,TRIGGERED,2026-09-20 12:52:10
4361,TCS,3960.43,119,-3.87,NORMAL,2026-09-20 12:52:10
4362,TATAMOTORS,677.82,1713,-30.83,TRIGGERED,2026-09-20 12:52:11
4363,ITC,704.22,1876,43.72,TRIGGERED,2026-09-20 12:52:11
4364,ICICIBANK,1530.31,613,26.47,TRIGGERED,2026-09-20 12:52:11
4365,ICICIBANK,1529.84,1879,26.43,TRIGGERED,2026-09-20 12:52:12
4366,RELIANCE,3207.74,563,7.64,TRIGGERED,2026-09-20 12:52:12
4367,RELIANCE,3219.93,1783,8.05,TRIGGERED,2026-09-20 12:52:13
4368,ICICIBANK,1530.44,1575,26.48,TRIGGERED,2026-09-20 12:52:13
4369,BHARTIARTL,1595.13,1593,7.06,TRIGGERED,2026-09-20 12:52:13
4370,ICICIBANK,1533.65,1833,26.75,TRIGGERED,2026-09-20 12:52:14
4371,SBIN,774.89,902,-5.5,TRIGGERED,2026-09-20 12:52:14
4372,HDFCBANK,864.07,1614,-47.63,TRIGGERED,2026-09-20 12:52:15
4373,RELIANCE,3214.3,1258,7.86,TRIGGERED,2026-09-20 12:52:15
4374,SBIN,771.84,1527,-5.87,TRIGGERED,2026-09-20 12:52:15
4375,RELIANCE,3220.24,1712,8.06,TRIGGERED,2026-09-20 12:52:16
4376,ICICIBANK,1527.94,92,26.28,TRIGGERED,2026-09-20 12:52:16
4377,TCS,3971.89,1995,-3.59,NORMAL,2026-09-20 12:52:17
4378,TATAMOTORS,677.83,85,-30.83,TRIGGERED,2026-09-20 12:52:17
4379,ICICIBANK,1532.05,1879,26.62,TRIGGERED,2026-09-20 12:52:17
4380,BHARTIARTL,1598.38,810,7.27,TRIGGERED,2026-09-20 12:52:18
4381,SBIN,772.83,1890,-5.75,TRIGGERED,2026-09-20 12:52:18
4382,BHARTIARTL,1596.02,784,7.12,TRIGGERED,2026-09-20 12:52:19
4383,TATAMOTORS,676.93,485,-30.93,TRIGGERED,2026-09-20 12:52:19
4384,SBIN,770.17,1183,-6.08,TRIGGERED,2026-09-20 12:52:19
4385,SBIN,770.88,998,-5.99,TRIGGERED,2026-09-20 12:52:20
4386,ITC,665.49,279,35.81,TRIGGERED,2026-09-20 12:52:20
4387,ICICIBANK,1447.79,165,19.65,TRIGGERED,2026-09-20 12:52:21
4388,ITC,666.61,1351,36.04,TRIGGERED,2026-09-20 12:52:21
4389,ICICIBANK,1527.42,312,26.23,TRIGGERED,2026-09-20 12:52:21
4390,LT,3171.18,116,-12.4,TRIGGERED,2026-09-20 12:52:22
4391,INFY,1260.18,455,-30.76,TRIGGERED,2026-09-20 12:52:22
4392,HDFCBANK,861.99,1240,-47.76,TRIGGERED,2026-09-20 12:52:23
4393,ICICIBANK,1524.3,1958,25.98,TRIGGERED,2026-09-20 12:52:23
4394,SBIN,768.48,1647,-6.28,TRIGGERED,2026-09-20 12:52:23
4395,ITC,665.24,629,35.76,TRIGGERED,2026-09-20 12:52:24
4396,INFY,1263.67,174,-30.57,TRIGGERED,2026-09-20 12:52:24
4397,HDFCBANK,862.61,785,-47.72,TRIGGERED,2026-09-20 12:52:25
4398,BHARTIARTL,1601.49,1178,7.48,TRIGGERED,2026-09-20 12:52:25
4399,BHARTIARTL,1596.59,1960,7.15,TRIGGERED,2026-09-20 12:52:25
4400,TCS,3969.31,945,-3.66,NORMAL,2026-09-20 12:52:26
4401,HDFCBANK,860.24,1676,-47.86,TRIGGERED,2026-09-20 12:52:26
4402,ICICIBANK,1525.35,1251,26.06,TRIGGERED,2026-09-20 12:52:27
4403,TCS,4187.62,1458,1.64,NORMAL,2026-09-20 12:52:27
4404,BHARTIARTL,1599.12,795,7.32,TRIGGERED,2026-09-20 12:52:27
4405,HDFCBANK,859.29,1671,-47.92,TRIGGERED,2026-09-20 12:52:28
4406,SBIN,767.48,1929,-6.4,TRIGGERED,2026-09-20 12:52:28
4407,ITC,664.95,932,35.7,TRIGGERED,2026-09-20 12:52:29
4408,ITC,667.12,1367,36.15,TRIGGERED,2026-09-20 12:52:29
4409,TATAMOTORS,677.31,98,-30.89,TRIGGERED,2026-09-20 12:52:29
4410,ITC,664.69,1047,35.65,TRIGGERED,2026-09-20 12:52:30
4411,ITC,666.4,1062,36.0,TRIGGERED,2026-09-20 12:52:30
4412,INFY,1261.31,1532,-30.7,TRIGGERED,2026-09-20 12:52:31
4413,SBIN,766.87,1724,-6.48,TRIGGERED,2026-09-20 12:52:31
4414,INFY,1259.58,1943,-30.79,TRIGGERED,2026-09-20 12:52:31
4415,BHARTIARTL,1595.83,1658,7.1,TRIGGERED,2026-09-20 12:52:32
4416,TATAMOTORS,714.56,54,-27.09,TRIGGERED,2026-09-20 12:52:32
4417,HDFCBANK,861.65,1127,-47.78,TRIGGERED,2026-09-20 12:52:33
4418,TCS,4179.34,977,1.44,NORMAL,2026-09-20 12:52:33
4419,ICICIBANK,1526.09,1466,26.12,TRIGGERED,2026-09-20 12:52:33
4420,BHARTIARTL,1600.75,1182,7.43,TRIGGERED,2026-09-20 12:52:34
4421,INFY,1263.36,1574,-30.58,TRIGGERED,2026-09-20 12:52:34
4422,INFY,1263.13,1634,-30.6,TRIGGERED,2026-09-20 12:52:35
4423,BHARTIARTL,1603.73,1341,7.63,TRIGGERED,2026-09-20 12:52:35
4424,TCS,4172.71,1457,1.28,NORMAL,2026-09-20 12:52:35
4425,TCS,4184.24,1869,1.56,NORMAL,2026-09-20 12:52:36
4426,TATAMOTORS,712.84,1624,-27.26,TRIGGERED,2026-09-20 12:52:36
4427,ICICIBANK,1529.22,989,26.38,TRIGGERED,2026-09-20 12:52:37
4428,TCS,4192.07,687,1.75,NORMAL,2026-09-20 12:52:37
4429,RELIANCE,3222.63,920,8.14,TRIGGERED,2026-09-20 12:52:37
4430,TCS,4195.96,1316,1.84,NORMAL,2026-09-20 12:52:38
4431,ITC,666.39,1890,36.0,TRIGGERED,2026-09-20 12:52:38
4432,ITC,665.23,424,35.76,TRIGGERED,2026-09-20 12:52:39
4433,INFY,1260.59,367,-30.74,TRIGGERED,2026-09-20 12:52:39
4434,INFY,1255.64,935,-31.01,TRIGGERED,2026-09-20 12:52:39
4435,TATAMOTORS,715.32,1836,-27.01,TRIGGERED,2026-09-20 12:52:40
4436,HDFCBANK,864.39,1994,-47.61,TRIGGERED,2026-09-20 12:52:40
4437,HDFCBANK,861.85,1761,-47.77,TRIGGERED,2026-09-20 12:52:41
4438,TCS,4198.3,1670,1.9,NORMAL,2026-09-20 12:52:41
4439,BHARTIARTL,1603.57,1575,7.62,TRIGGERED,2026-09-20 12:52:41
4440,LT,3173.05,40,-12.35,TRIGGERED,2026-09-20 12:52:42
4441,LT,3179.65,415,-12.16,TRIGGERED,2026-09-20 12:52:42
4442,TCS,4210.79,26,2.2,NORMAL,2026-09-20 12:52:43
4443,TCS,4195.3,823,1.83,NORMAL,2026-09-20 12:52:43
4444,HDFCBANK,864.03,1475,-47.63,TRIGGERED,2026-09-20 12:52:43
4445,ICICIBANK,1531.44,1990,26.57,TRIGGERED,2026-09-20 12:52:44
4446,RELIANCE,3231.2,170,8.43,TRIGGERED,2026-09-20 12:52:44
4447,BHARTIARTL,1605.76,1992,7.77,TRIGGERED,2026-09-20 12:52:45
4448,RELIANCE,3229.18,35,8.36,TRIGGERED,2026-09-20 12:52:45
4449,INFY,1255.99,320,-30.99,TRIGGERED,2026-09-20 12:52:45
4450,INFY,1251.89,148,-31.21,TRIGGERED,2026-09-20 12:52:46
4451,TCS,4180.13,1164,1.46,NORMAL,2026-09-20 12:52:46
4452,RELIANCE,3220.38,1673,8.07,TRIGGERED,2026-09-20 12:52:47
4453,SBIN,765.36,1460,-6.66,TRIGGERED,2026-09-20 12:52:47
4454,ITC,666.36,1374,35.99,TRIGGERED,2026-09-20 12:52:47
4455,SBIN,765.03,526,-6.7,TRIGGERED,2026-09-20 12:52:48
4456,HDFCBANK,860.9,1347,-47.82,TRIGGERED,2026-09-20 12:52:48
4457,TATAMOTORS,712.49,1379,-27.3,TRIGGERED,2026-09-20 12:52:49
4458,ITC,667.21,1261,36.17,TRIGGERED,2026-09-20 12:52:49
4459,SBIN,765.96,1797,-6.59,TRIGGERED,2026-09-20 12:52:49
4460,HDFCBANK,860.53,1395,-47.85,TRIGGERED,2026-09-20 12:52:50
4461,RELIANCE,3211.63,566,7.77,TRIGGERED,2026-09-20 12:52:50
4462,BHARTIARTL,1609.08,1452,7.99,TRIGGERED,2026-09-20 12:52:51
4463,LT,3175.79,1538,-12.27,TRIGGERED,2026-09-20 12:52:51
4464,ITC,665.84,80,35.89,TRIGGERED,2026-09-20 12:52:51
4465,BHARTIARTL,1604.91,1987,7.71,TRIGGERED,2026-09-20 12:52:52
4466,SBIN,765.33,1495,-6.67,TRIGGERED,2026-09-20 12:52:52
4467,INFY,1256.01,651,-30.99,TRIGGERED,2026-09-20 12:52:53
4468,TATAMOTORS,711.64,1692,-27.38,TRIGGERED,2026-09-20 12:52:53
4469,SBIN,765.89,1633,-6.6,TRIGGERED,2026-09-20 12:52:54
4470,TCS,4166.76,1500,1.13,NORMAL,2026-09-20 12:52:54
4471,LT,3167.3,1431,-12.51,TRIGGERED,2026-09-20 12:52:54
4472,BHARTIARTL,1602.84,128,7.57,TRIGGERED,2026-09-20 12:52:55
4473,RELIANCE,3199.5,1540,7.37,TRIGGERED,2026-09-20 12:52:55
4474,INFY,1256.04,1668,-30.99,TRIGGERED,2026-09-20 12:52:56
4475,LT,3179.94,1749,-12.16,TRIGGERED,2026-09-20 12:52:56
4476,ICICIBANK,1533.68,1498,26.75,TRIGGERED,2026-09-20 12:52:56
4477,TCS,4181.5,1199,1.49,NORMAL,2026-09-20 12:52:57
4478,SBIN,764.74,1802,-6.74,TRIGGERED,2026-09-20 12:52:57
4479,ITC,667.24,25,36.17,TRIGGERED,2026-09-20 12:52:58
4480,TCS,4178.23,315,1.41,NORMAL,2026-09-20 12:52:58
4481,ITC,667.42,965,36.21,TRIGGERED,2026-09-20 12:52:58
4482,RELIANCE,3201.92,61,7.45,TRIGGERED,2026-09-20 12:52:59
4483,ITC,704.13,1239,43.7,TRIGGERED,2026-09-20 12:52:59
4484,BHARTIARTL,1607.79,1204,7.91,TRIGGERED,2026-09-20 12:53:00
4485,HDFCBANK,858.35,1234,-47.98,TRIGGERED,2026-09-20 12:53:00
4486,TCS,4167.33,1863,1.15,NORMAL,2026-09-20 12:53:00
4487,TATAMOTORS,711.18,1218,-27.43,TRIGGERED,2026-09-20 12:53:01
4488,ICICIBANK,1449.33,1365,19.78,TRIGGERED,2026-09-20 12:53:01
4489,LT,3168.37,185,-12.48,TRIGGERED,2026-09-20 12:53:02
4490,RELIANCE,3213.89,1428,7.85,TRIGGERED,2026-09-20 12:53:02
4491,TATAMOTORS,709.84,1638,-27.57,TRIGGERED,2026-09-20 12:53:02
4492,SBIN,762.1,765,-7.06,TRIGGERED,2026-09-20 12:53:03
4493,RELIANCE,3390.65,46,13.78,TRIGGERED,2026-09-20 12:53:03
4494,ITC,705.46,1522,43.97,TRIGGERED,2026-09-20 12:53:04
4495,HDFCBANK,855.42,1511,-48.16,TRIGGERED,2026-09-20 12:53:04
4496,HDFCBANK,808.37,282,-51.01,TRIGGERED,2026-09-20 12:53:04
4497,RELIANCE,3385.46,1445,13.61,TRIGGERED,2026-09-20 12:53:05
4498,INFY,1253.0,1937,-31.15,TRIGGERED,2026-09-20 12:53:05
4499,ITC,708.15,617,44.52,TRIGGERED,2026-09-20 12:53:06
4500,TCS,4180.47,132,1.47,NORMAL,2026-09-20 12:53:06
4501,LT,3175.19,663,-12.29,TRIGGERED,2026-09-20 12:53:06
4502,TATAMOTORS,712.23,1282,-27.32,TRIGGERED,2026-09-20 12:53:07
4503,INFY,1252.11,1744,-31.2,TRIGGERED,2026-09-20 12:53:07
4504,BHARTIARTL,1608.97,408,7.98,TRIGGERED,2026-09-20 12:53:08
4505,BHARTIARTL,1603.78,1057,7.64,TRIGGERED,2026-09-20 12:53:08
4506,HDFCBANK,806.3,1009,-51.13,TRIGGERED,2026-09-20 12:53:08
4507,ICICIBANK,1454.19,942,20.18,TRIGGERED,2026-09-20 12:53:09
4508,BHARTIARTL,1608.72,239,7.97,TRIGGERED,2026-09-20 12:53:09
4509,TCS,4173.59,832,1.3,NORMAL,2026-09-20 12:53:10
4510,SBIN,759.18,1232,-7.42,TRIGGERED,2026-09-20 12:53:10
4511,SBIN,757.87,231,-7.58,TRIGGERED,2026-09-20 12:53:10
4512,HDFCBANK,850.65,167,-48.45,TRIGGERED,2026-09-20 12:53:11
4513,TCS,4178.69,1311,1.42,NORMAL,2026-09-20 12:53:11
4514,HDFCBANK,848.14,1680,-48.6,TRIGGERED,2026-09-20 12:53:12
4515,TCS,4176.07,1685,1.36,NORMAL,2026-09-20 12:53:12
4516,SBIN,758.23,1185,-7.53,TRIGGERED,2026-09-20 12:53:12
4517,ITC,706.35,327,44.15,TRIGGERED,2026-09-20 12:53:13
4518,ICICIBANK,1458.46,148,20.53,TRIGGERED,2026-09-20 12:53:13
4519,INFY,1255.68,1955,-31.01,TRIGGERED,2026-09-20 12:53:14
4520,ICICIBANK,1454.46,1670,20.2,TRIGGERED,2026-09-20 12:53:14
4521,HDFCBANK,847.95,1257,-48.61,TRIGGERED,2026-09-20 12:53:14
4522,ITC,709.08,785,44.71,TRIGGERED,2026-09-20 12:53:15
4523,ITC,708.51,1068,44.59,TRIGGERED,2026-09-20 12:53:15
4524,SBIN,757.47,1328,-7.63,TRIGGERED,2026-09-20 12:53:16
4525,TATAMOTORS,712.31,1613,-27.32,TRIGGERED,2026-09-20 12:53:16
4526,TATAMOTORS,711.93,1463,-27.35,TRIGGERED,2026-09-20 12:53:16
4527,LT,3178.75,93,-12.19,TRIGGERED,2026-09-20 12:53:17
4528,LT,3185.93,1643,-11.99,TRIGGERED,2026-09-20 12:53:17
4529,HDFCBANK,847.08,1530,-48.66,TRIGGERED,2026-09-20 12:53:18
4530,HDFCBANK,846.36,958,-48.71,TRIGGERED,2026-09-20 12:53:18
4531,INFY,1251.73,1960,-31.22,TRIGGERED,2026-09-20 12:53:18
4532,BHARTIARTL,1520.24,410,2.03,NORMAL,2026-09-20 12:53:19
4533,ITC,708.67,1667,44.63,TRIGGERED,2026-09-20 12:53:19
4534,TCS,4166.29,404,1.12,NORMAL,2026-09-20 12:53:20
4535,ITC,708.21,1444,44.53,TRIGGERED,2026-09-20 12:53:20
4536,BHARTIARTL,1524.96,593,2.35,NORMAL,2026-09-20 12:53:37
4537,SBIN,757.74,132,-7.59,TRIGGERED,2026-09-20 12:53:37
4538,ICICIBANK,1534.46,1533,26.81,TRIGGERED,2026-09-20 12:53:38
4539,ITC,709.35,94,44.77,TRIGGERED,2026-09-20 12:53:39
4540,LT,3361.16,151,-7.15,TRIGGERED,2026-09-20 12:53:39
4541,HDFCBANK,844.5,496,-48.82,TRIGGERED,2026-09-20 12:53:39
4542,TATAMOTORS,712.01,1079,-27.35,TRIGGERED,2026-09-20 12:53:40
4543,SBIN,759.21,333,-7.41,TRIGGERED,2026-09-20 12:53:40
4544,TATAMOTORS,709.48,346,-27.6,TRIGGERED,2026-09-20 12:53:41
4545,SBIN,760.98,1180,-7.2,TRIGGERED,2026-09-20 12:53:41
4546,RELIANCE,3376.44,598,13.3,TRIGGERED,2026-09-20 12:53:41
4547,RELIANCE,3363.3,295,12.86,TRIGGERED,2026-09-20 12:53:42
4548,HDFCBANK,841.6,577,-48.99,TRIGGERED,2026-09-20 12:53:42
4549,ITC,712.09,1793,45.32,TRIGGERED,2026-09-20 12:53:43
4550,SBIN,760.37,1865,-7.27,TRIGGERED,2026-09-20 12:53:43
4551,INFY,1256.2,1537,-30.98,TRIGGERED,2026-09-20 12:53:43
4552,ICICIBANK,1534.41,1939,26.81,TRIGGERED,2026-09-20 12:53:44
4553,ICICIBANK,1618.8,817,33.79,TRIGGERED,2026-09-20 12:53:44
4554,LT,3364.05,722,-7.07,TRIGGERED,2026-09-20 12:53:45
4555,LT,3373.62,1968,-6.81,TRIGGERED,2026-09-20 12:53:45
4556,BHARTIARTL,1519.41,780,1.97,NORMAL,2026-09-20 12:53:45
4557,ICICIBANK,1624.02,1734,34.22,TRIGGERED,2026-09-20 12:53:46
4558,BHARTIARTL,1520.73,1806,2.06,NORMAL,2026-09-20 12:53:46
4559,INFY,1253.93,1206,-31.1,TRIGGERED,2026-09-20 12:53:47
4560,ITC,714.59,143,45.83,TRIGGERED,2026-09-20 12:53:47
4561,ITC,717.26,1326,46.38,TRIGGERED,2026-09-20 12:53:47
4562,TCS,4163.91,48,1.07,NORMAL,2026-09-20 12:53:48
4563,ICICIBANK,1713.34,1121,41.6,TRIGGERED,2026-09-20 12:53:48
4564,TATAMOTORS,709.28,1809,-27.62,TRIGGERED,2026-09-20 12:53:49
4565,INFY,1254.7,257,-31.06,TRIGGERED,2026-09-20 12:53:49
4566,HDFCBANK,843.25,1863,-48.89,TRIGGERED,2026-09-20 12:53:49
4567,INFY,1251.48,1274,-31.24,TRIGGERED,2026-09-20 12:53:50
4568,ICICIBANK,1718.96,1240,42.06,TRIGGERED,2026-09-20 12:53:50
4569,HDFCBANK,845.75,628,-48.74,TRIGGERED,2026-09-20 12:53:51
4570,HDFCBANK,842.93,846,-48.91,TRIGGERED,2026-09-20 12:53:51
4571,SBIN,763.29,111,-6.92,TRIGGERED,2026-09-20 12:53:51
4572,TCS,4176.7,757,1.38,NORMAL,2026-09-20 12:53:52
4573,HDFCBANK,841.53,1289,-49.0,TRIGGERED,2026-09-20 12:53:52
4574,SBIN,761.92,1349,-7.08,TRIGGERED,2026-09-20 12:53:53
4575,LT,3383.04,1515,-6.55,TRIGGERED,2026-09-20 12:53:53
4576,TCS,4160.35,1514,0.98,NORMAL,2026-09-20 12:53:53
4577,LT,3388.28,300,-6.4,TRIGGERED,2026-09-20 12:53:54
4578,TATAMOTORS,706.89,1938,-27.87,TRIGGERED,2026-09-20 12:53:54
4579,ITC,716.32,1909,46.19,TRIGGERED,2026-09-20 12:53:55
4580,TATAMOTORS,705.22,1494,-28.04,TRIGGERED,2026-09-20 12:53:55
4581,RELIANCE,3356.64,465,12.64,TRIGGERED,2026-09-20 12:53:55
4582,HDFCBANK,839.28,494,-49.13,TRIGGERED,2026-09-20 12:53:56
4583,LT,3380.54,1098,-6.61,TRIGGERED,2026-09-20 12:53:56
4584,TATAMOTORS,702.48,1682,-28.32,TRIGGERED,2026-09-20 12:53:57
4585,TATAMOTORS,701.07,94,-28.46,TRIGGERED,2026-09-20 12:53:57
4586,ICICIBANK,1716.21,198,41.84,TRIGGERED,2026-09-20 12:53:57
4587,HDFCBANK,837.36,1193,-49.25,TRIGGERED,2026-09-20 12:53:58
4588,RELIANCE,3348.97,430,12.38,TRIGGERED,2026-09-20 12:53:58
4589,RELIANCE,3353.26,494,12.53,TRIGGERED,2026-09-20 12:53:59
4590,BHARTIARTL,1517.34,1590,1.83,NORMAL,2026-09-20 12:53:59
4591,TATAMOTORS,699.04,1995,-28.67,TRIGGERED,2026-09-20 12:53:59
4592,ICICIBANK,1717.29,990,41.92,TRIGGERED,2026-09-20 12:54:00
4593,HDFCBANK,834.06,314,-49.45,TRIGGERED,2026-09-20 12:54:00
4594,RELIANCE,3349.12,1239,12.39,TRIGGERED,2026-09-20 12:54:01
4595,RELIANCE,3351.73,300,12.47,TRIGGERED,2026-09-20 12:54:01
4596,TATAMOTORS,697.01,500,-28.88,TRIGGERED,2026-09-20 12:54:01
4597,RELIANCE,3341.94,833,12.15,TRIGGERED,2026-09-20 12:54:02
4598,TATAMOTORS,697.65,1927,-28.81,TRIGGERED,2026-09-20 12:54:02
4599,LT,3376.66,1252,-6.72,TRIGGERED,2026-09-20 12:54:03
4600,RELIANCE,3330.84,176,11.77,TRIGGERED,2026-09-20 12:54:03
4601,TATAMOTORS,697.81,542,-28.79,TRIGGERED,2026-09-20 12:54:03
4602,TATAMOTORS,698.77,1444,-28.7,TRIGGERED,2026-09-20 12:54:04
4603,INFY,1182.65,922,-35.02,TRIGGERED,2026-09-20 12:54:04
4604,ITC,714.61,939,45.84,TRIGGERED,2026-09-20 12:54:05
4605,SBIN,760.67,1897,-7.24,TRIGGERED,2026-09-20 12:54:05
4606,TATAMOTORS,698.85,802,-28.69,TRIGGERED,2026-09-20 12:54:05
4607,LT,3371.15,655,-6.87,TRIGGERED,2026-09-20 12:54:06
4608,BHARTIARTL,1517.65,1505,1.86,NORMAL,2026-09-20 12:54:06
4609,HDFCBANK,832.95,721,-49.52,TRIGGERED,2026-09-20 12:54:07
4610,BHARTIARTL,1517.09,1963,1.82,NORMAL,2026-09-20 12:54:07
4611,RELIANCE,3330.82,237,11.77,TRIGGERED,2026-09-20 12:54:07
4612,TCS,4166.32,177,1.12,NORMAL,2026-09-20 12:54:08
4613,ITC,712.48,1152,45.4,TRIGGERED,2026-09-20 12:54:08
4614,SBIN,761.91,966,-7.08,TRIGGERED,2026-09-20 12:54:09
4615,BHARTIARTL,1516.14,504,1.75,NORMAL,2026-09-20 12:54:09
4616,TCS,4174.75,259,1.33,NORMAL,2026-09-20 12:54:09
4617,SBIN,760.5,1689,-7.26,TRIGGERED,2026-09-20 12:54:10
4618,RELIANCE,3323.84,771,11.54,TRIGGERED,2026-09-20 12:54:10
4619,BHARTIARTL,1514.55,874,1.65,NORMAL,2026-09-20 12:54:11
4620,TCS,4173.05,1332,1.29,NORMAL,2026-09-20 12:54:11
4621,SBIN,718.67,1114,-12.36,TRIGGERED,2026-09-20 12:54:11
4622,TATAMOTORS,696.44,1409,-28.93,TRIGGERED,2026-09-20 12:54:12
4623,ICICIBANK,1716.17,1750,41.83,TRIGGERED,2026-09-20 12:54:12
4624,RELIANCE,3314.0,674,11.21,TRIGGERED,2026-09-20 12:54:13
4625,INFY,1181.21,1428,-35.1,TRIGGERED,2026-09-20 12:54:13
4626,RELIANCE,3131.73,1598,5.09,TRIGGERED,2026-09-20 12:54:13
4627,SBIN,718.26,1376,-12.41,TRIGGERED,2026-09-20 12:54:14
4628,HDFCBANK,830.84,697,-49.65,TRIGGERED,2026-09-20 12:54:14
4629,RELIANCE,3136.93,1087,5.27,TRIGGERED,2026-09-20 12:54:15
4630,HDFCBANK,828.47,1036,-49.79,TRIGGERED,2026-09-20 12:54:15
4631,INFY,1181.08,897,-35.11,TRIGGERED,2026-09-20 12:54:15
4632,TATAMOTORS,694.04,754,-29.18,TRIGGERED,2026-09-20 12:54:16
4633,TCS,4161.15,1213,1.0,NORMAL,2026-09-20 12:54:16
4634,INFY,1116.12,863,-38.67,TRIGGERED,2026-09-20 12:54:17
4635,ITC,711.66,1453,45.24,TRIGGERED,2026-09-20 12:54:17
4636,BHARTIARTL,1510.47,1917,1.37,NORMAL,2026-09-20 12:54:17
4637,BHARTIARTL,1513.73,119,1.59,NORMAL,2026-09-20 12:54:18
4638,LT,3365.48,90,-7.03,TRIGGERED,2026-09-20 12:54:18
4639,ITC,709.37,677,44.77,TRIGGERED,2026-09-20 12:54:19
4640,LT,3355.97,29,-7.29,TRIGGERED,2026-09-20 12:54:19
4641,TATAMOTORS,692.34,1090,-29.35,TRIGGERED,2026-09-20 12:54:20
4642,LT,3353.6,65,-7.36,TRIGGERED,2026-09-20 12:54:20
4643,RELIANCE,3134.98,1691,5.2,TRIGGERED,2026-09-20 12:54:20
4644,ICICIBANK,1712.71,674,41.55,TRIGGERED,2026-09-20 12:54:21
4645,ITC,709.1,1660,44.71,TRIGGERED,2026-09-20 12:54:21
4646,TCS,4171.09,1755,1.24,NORMAL,2026-09-20 12:54:22
4647,SBIN,719.42,207,-12.27,TRIGGERED,2026-09-20 12:54:22
4648,ITC,706.81,1231,44.25,TRIGGERED,2026-09-20 12:54:22
4649,BHARTIARTL,1508.02,1510,1.21,NORMAL,2026-09-20 12:54:23
4650,ICICIBANK,1806.91,1931,49.33,TRIGGERED,2026-09-20 12:54:23
4651,ICICIBANK,1803.16,1997,49.02,TRIGGERED,2026-09-20 12:54:24
4652,ICICIBANK,1798.22,224,48.61,TRIGGERED,2026-09-20 12:54:24
4653,TCS,4179.91,130,1.45,NORMAL,2026-09-20 12:54:24
4654,ICICIBANK,1795.18,442,48.36,TRIGGERED,2026-09-20 12:54:25
4655,LT,3341.57,1064,-7.69,TRIGGERED,2026-09-20 12:54:25
4656,BHARTIARTL,1503.95,1381,0.94,NORMAL,2026-09-20 12:54:26
4657,INFY,1113.78,374,-38.8,TRIGGERED,2026-09-20 12:54:26
4658,BHARTIARTL,1500.61,703,0.71,NORMAL,2026-09-20 12:54:26
4659,TATAMOTORS,689.6,591,-29.63,TRIGGERED,2026-09-20 12:54:27
4660,INFY,1115.07,885,-38.73,TRIGGERED,2026-09-20 12:54:27
4661,RELIANCE,3134.15,785,5.17,TRIGGERED,2026-09-20 12:54:28
4662,TCS,4167.42,1980,1.15,NORMAL,2026-09-20 12:54:28
4663,RELIANCE,3127.06,670,4.93,NORMAL,2026-09-20 12:54:28
4664,ICICIBANK,1792.9,1822,48.17,TRIGGERED,2026-09-20 12:54:29
4665,LT,3349.88,1605,-7.46,TRIGGERED,2026-09-20 12:54:29
4666,BHARTIARTL,1494.68,253,0.31,NORMAL,2026-09-20 12:54:30
4667,BHARTIARTL,1491.9,1429,0.13,NORMAL,2026-09-20 12:54:30
4668,ITC,707.43,828,44.37,TRIGGERED,2026-09-20 12:54:30
4669,SBIN,717.21,617,-12.54,TRIGGERED,2026-09-20 12:54:31
4670,RELIANCE,3134.11,1418,5.17,TRIGGERED,2026-09-20 12:54:31
4671,HDFCBANK,827.05,97,-49.88,TRIGGERED,2026-09-20 12:54:32
4672,RELIANCE,3122.65,910,4.79,NORMAL,2026-09-20 12:54:32
4673,TCS,4156.04,1177,0.87,NORMAL,2026-09-20 12:54:32
4674,RELIANCE,3294.4,1111,10.55,TRIGGERED,2026-09-20 12:54:33
4675,ITC,746.34,1773,52.31,TRIGGERED,2026-09-20 12:54:33
4676,BHARTIARTL,1487.16,271,-0.19,NORMAL,2026-09-20 12:54:34
4677,BHARTIARTL,1486.5,1398,-0.23,NORMAL,2026-09-20 12:54:34
4678,ITC,747.03,637,52.46,TRIGGERED,2026-09-20 12:54:34
4679,TATAMOTORS,692.13,736,-29.37,TRIGGERED,2026-09-20 12:54:35
4680,BHARTIARTL,1485.39,954,-0.31,NORMAL,2026-09-20 12:54:35
4681,BHARTIARTL,1403.69,918,-5.79,TRIGGERED,2026-09-20 12:54:36
4682,HDFCBANK,830.22,1549,-49.68,TRIGGERED,2026-09-20 12:54:36
4683,HDFCBANK,832.37,391,-49.55,TRIGGERED,2026-09-20 12:54:36
4684,SBIN,716.09,207,-12.67,TRIGGERED,2026-09-20 12:54:37
4685,BHARTIARTL,1400.56,1791,-6.0,TRIGGERED,2026-09-20 12:54:37
4686,RELIANCE,3285.58,1814,10.25,TRIGGERED,2026-09-20 12:54:38
4687,LT,3341.49,725,-7.69,TRIGGERED,2026-09-20 12:54:38
4688,TCS,4145.84,1510,0.63,NORMAL,2026-09-20 12:54:38
4689,ICICIBANK,1794.58,1837,48.31,TRIGGERED,2026-09-20 12:54:39
4690,ICICIBANK,1792.25,1150,48.12,TRIGGERED,2026-09-20 12:54:39
4691,LT,3344.41,1311,-7.61,TRIGGERED,2026-09-20 12:54:40
4692,TATAMOTORS,690.53,1725,-29.54,TRIGGERED,2026-09-20 12:54:40
4693,TATAMOTORS,687.78,1455,-29.82,TRIGGERED,2026-09-20 12:54:40
4694,RELIANCE,3281.26,1202,10.11,TRIGGERED,2026-09-20 12:54:41
4695,TATAMOTORS,686.59,1438,-29.94,TRIGGERED,2026-09-20 12:54:41
4696,TATAMOTORS,687.69,1391,-29.83,TRIGGERED,2026-09-20 12:54:42
4697,SBIN,716.63,1218,-12.61,TRIGGERED,2026-09-20 12:54:42
4698,TATAMOTORS,687.04,262,-29.89,TRIGGERED,2026-09-20 12:54:42
4699,HDFCBANK,835.27,1404,-49.38,TRIGGERED,2026-09-20 12:54:43
4700,INFY,1114.93,884,-38.74,TRIGGERED,2026-09-20 12:54:43
4701,INFY,1053.61,1831,-42.11,TRIGGERED,2026-09-20 12:54:44
4702,BHARTIARTL,1398.84,1019,-6.12,TRIGGERED,2026-09-20 12:54:44
4703,BHARTIARTL,1395.43,1098,-6.35,TRIGGERED,2026-09-20 12:54:44
4704,ITC,705.94,364,44.07,TRIGGERED,2026-09-20 12:54:45
4705,ICICIBANK,1789.01,426,47.85,TRIGGERED,2026-09-20 12:54:45
4706,HDFCBANK,837.56,350,-49.24,TRIGGERED,2026-09-20 12:54:46
4707,ITC,705.81,1850,44.04,TRIGGERED,2026-09-20 12:54:46
4708,SBIN,718.04,887,-12.43,TRIGGERED,2026-09-20 12:54:46
4709,HDFCBANK,836.06,564,-49.33,TRIGGERED,2026-09-20 12:54:47
4710,INFY,1049.69,1091,-42.32,TRIGGERED,2026-09-20 12:54:47
4711,SBIN,678.55,66,-17.25,TRIGGERED,2026-09-20 12:54:48
4712,SBIN,678.38,363,-17.27,TRIGGERED,2026-09-20 12:54:48
4713,TATAMOTORS,687.88,450,-29.81,TRIGGERED,2026-09-20 12:54:48
4714,BHARTIARTL,1398.22,1251,-6.16,TRIGGERED,2026-09-20 12:54:49
4715,ITC,707.52,1639,44.39,TRIGGERED,2026-09-20 12:54:49
4716,RELIANCE,3276.65,1884,9.95,TRIGGERED,2026-09-20 12:54:50
4717,HDFCBANK,836.8,1015,-49.28,TRIGGERED,2026-09-20 12:54:50
4718,ICICIBANK,1690.61,1394,39.72,TRIGGERED,2026-09-20 12:54:50
4719,TCS,4152.39,27,0.79,NORMAL,2026-09-20 12:54:51
4720,HDFCBANK,839.49,552,-49.12,TRIGGERED,2026-09-20 12:54:51
4721,RELIANCE,3272.15,1907,9.8,TRIGGERED,2026-09-20 12:54:52
4722,LT,3346.67,160,-7.55,TRIGGERED,2026-09-20 12:54:52
4723,LT,3358.77,1871,-7.22,TRIGGERED,2026-09-20 12:54:52
4724,ICICIBANK,1688.02,192,39.51,TRIGGERED,2026-09-20 12:54:53
4725,SBIN,680.34,566,-17.03,TRIGGERED,2026-09-20 12:54:53
4726,TATAMOTORS,689.49,216,-29.64,TRIGGERED,2026-09-20 12:54:54
4727,ICICIBANK,1780.86,1723,47.18,TRIGGERED,2026-09-20 12:54:54
4728,BHARTIARTL,1395.69,560,-6.33,TRIGGERED,2026-09-20 12:54:54
4729,ICICIBANK,1878.81,630,55.27,TRIGGERED,2026-09-20 12:54:55
4730,SBIN,682.78,89,-16.73,TRIGGERED,2026-09-20 12:54:55
4731,TCS,4161.71,1151,1.01,NORMAL,2026-09-20 12:54:56
4732,TATAMOTORS,689.04,773,-29.69,TRIGGERED,2026-09-20 12:54:56
4733,HDFCBANK,840.59,1642,-49.06,TRIGGERED,2026-09-20 12:54:56
4734,BHARTIARTL,1393.19,760,-6.5,TRIGGERED,2026-09-20 12:54:57
4735,HDFCBANK,840.52,1421,-49.06,TRIGGERED,2026-09-20 12:54:57
4736,HDFCBANK,843.11,1686,-48.9,TRIGGERED,2026-09-20 12:54:58
4737,LT,3353.07,789,-7.37,TRIGGERED,2026-09-20 12:54:58
4738,HDFCBANK,845.84,1007,-48.74,TRIGGERED,2026-09-20 12:54:58
4739,SBIN,680.54,139,-17.01,TRIGGERED,2026-09-20 12:54:59
4740,ICICIBANK,1775.48,1216,46.73,TRIGGERED,2026-09-20 12:54:59
4741,TATAMOTORS,690.59,1044,-29.53,TRIGGERED,2026-09-20 12:55:00
4742,RELIANCE,3276.06,995,9.93,TRIGGERED,2026-09-20 12:55:00
4743,LT,3346.76,485,-7.55,TRIGGERED,2026-09-20 12:55:00
4744,RELIANCE,3277.85,1764,9.99,TRIGGERED,2026-09-20 12:55:01
4745,TATAMOTORS,688.62,1828,-29.73,TRIGGERED,2026-09-20 12:55:01
4746,SBIN,681.84,1921,-16.85,TRIGGERED,2026-09-20 12:55:02
4747,SBIN,679.31,912,-17.16,TRIGGERED,2026-09-20 12:55:02
4748,BHARTIARTL,1396.62,857,-6.27,TRIGGERED,2026-09-20 12:55:02
4749,INFY,1046.25,54,-42.51,TRIGGERED,2026-09-20 12:55:03
4750,TCS,4178.12,1459,1.41,NORMAL,2026-09-20 12:55:03
4751,TATAMOTORS,691.2,427,-29.47,TRIGGERED,2026-09-20 12:55:04
4752,LT,3333.89,1710,-7.9,TRIGGERED,2026-09-20 12:55:04
4753,LT,3324.76,1598,-8.16,TRIGGERED,2026-09-20 12:55:04
4754,HDFCBANK,842.67,192,-48.93,TRIGGERED,2026-09-20 12:55:05
4755,SBIN,641.95,1057,-21.71,TRIGGERED,2026-09-20 12:55:05
4756,ITC,709.82,1836,44.86,TRIGGERED,2026-09-20 12:55:06
4757,HDFCBANK,839.94,924,-49.09,TRIGGERED,2026-09-20 12:55:06
4758,TATAMOTORS,689.51,1077,-29.64,TRIGGERED,2026-09-20 12:55:06
4759,RELIANCE,3286.33,721,10.28,TRIGGERED,2026-09-20 12:55:07
4760,TCS,4174.06,550,1.31,NORMAL,2026-09-20 12:55:07
4761,TCS,4174.63,1927,1.33,NORMAL,2026-09-20 12:55:08
4762,ITC,709.23,1890,44.74,TRIGGERED,2026-09-20 12:55:08
4763,BHARTIARTL,1473.43,1419,-1.11,NORMAL,2026-09-20 12:55:08
4764,TCS,4160.27,1637,0.98,NORMAL,2026-09-20 12:55:09
4765,LT,3313.91,1392,-8.46,TRIGGERED,2026-09-20 12:55:09
4766,TATAMOTORS,690.32,1685,-29.56,TRIGGERED,2026-09-20 12:55:10
4767,SBIN,642.05,427,-21.7,TRIGGERED,2026-09-20 12:55:10
4768,BHARTIARTL,1469.82,902,-1.35,NORMAL,2026-09-20 12:55:10
4769,SBIN,641.24,568,-21.8,TRIGGERED,2026-09-20 12:55:11
4770,ITC,710.76,1116,45.05,TRIGGERED,2026-09-20 12:55:11
4771,TATAMOTORS,687.6,1466,-29.84,TRIGGERED,2026-09-20 12:55:12
4772,INFY,1044.13,185,-42.63,TRIGGERED,2026-09-20 12:55:12
4773,RELIANCE,3105.58,905,4.21,NORMAL,2026-09-20 12:55:12
4774,ICICIBANK,1770.75,1284,46.34,TRIGGERED,2026-09-20 12:55:13
4775,LT,3496.18,1161,-3.42,NORMAL,2026-09-20 12:55:13
4776,SBIN,641.26,563,-21.8,TRIGGERED,2026-09-20 12:55:14
4777,RELIANCE,3095.05,439,3.86,NORMAL,2026-09-20 12:55:14
4778,BHARTIARTL,1464.35,1045,-1.72,NORMAL,2026-09-20 12:55:14
4779,RELIANCE,3086.55,1554,3.58,NORMAL,2026-09-20 12:55:15
4780,ICICIBANK,1764.54,929,45.83,TRIGGERED,2026-09-20 12:55:15
4781,INFY,1047.57,1921,-42.44,TRIGGERED,2026-09-20 12:55:16
4782,SBIN,640.92,732,-21.84,TRIGGERED,2026-09-20 12:55:16
4783,TATAMOTORS,688.62,73,-29.73,TRIGGERED,2026-09-20 12:55:16
4784,TCS,4160.82,1298,0.99,NORMAL,2026-09-20 12:55:17
4785,BHARTIARTL,1470.12,1162,-1.33,NORMAL,2026-09-20 12:55:17
4786,INFY,1046.6,1683,-42.49,TRIGGERED,2026-09-20 12:55:18
4787,LT,3499.16,948,-3.34,NORMAL,2026-09-20 12:55:18
4788,LT,3496.77,1166,-3.4,NORMAL,2026-09-20 12:55:18
4789,SBIN,676.17,1514,-17.54,TRIGGERED,2026-09-20 12:55:19
4790,HDFCBANK,839.77,313,-49.1,TRIGGERED,2026-09-20 12:55:19
4791,RELIANCE,3083.1,1263,3.46,NORMAL,2026-09-20 12:55:20
4792,TATAMOTORS,689.88,1469,-29.6,TRIGGERED,2026-09-20 12:55:20
4793,LT,3494.52,1167,-3.47,NORMAL,2026-09-20 12:55:20
4794,TATAMOTORS,691.88,219,-29.4,TRIGGERED,2026-09-20 12:55:21
4795,TATAMOTORS,689.89,703,-29.6,TRIGGERED,2026-09-20 12:55:21
4796,BHARTIARTL,1474.81,214,-1.02,NORMAL,2026-09-20 12:55:22
4797,LT,3483.07,1911,-3.78,NORMAL,2026-09-20 12:55:22
4798,BHARTIARTL,1393.7,38,-6.46,TRIGGERED,2026-09-20 12:55:22
4799,BHARTIARTL,1389.23,925,-6.76,TRIGGERED,2026-09-20 12:55:23
4800,RELIANCE,3072.57,462,3.11,NORMAL,2026-09-20 12:55:23
4801,RELIANCE,3241.56,1332,8.78,TRIGGERED,2026-09-20 12:55:24
4802,INFY,1043.41,1996,-42.67,TRIGGERED,2026-09-20 12:55:24
4803,RELIANCE,3233.66,237,8.51,TRIGGERED,2026-09-20 12:55:24
4804,TATAMOTORS,692.17,420,-29.37,TRIGGERED,2026-09-20 12:55:25
4805,HDFCBANK,885.96,39,-46.31,TRIGGERED,2026-09-20 12:55:25
4806,SBIN,674.09,365,-17.79,TRIGGERED,2026-09-20 12:55:26
4807,TCS,4150.97,1901,0.75,NORMAL,2026-09-20 12:55:26
4808,BHARTIARTL,1387.5,156,-6.88,TRIGGERED,2026-09-20 12:55:26
4809,INFY,1041.29,1205,-42.79,TRIGGERED,2026-09-20 12:55:27
4810,LT,3492.98,119,-3.51,NORMAL,2026-09-20 12:55:27
4811,TATAMOTORS,693.54,589,-29.23,TRIGGERED,2026-09-20 12:55:28
4812,TATAMOTORS,692.08,1595,-29.38,TRIGGERED,2026-09-20 12:55:28
4813,HDFCBANK,837.23,674,-49.26,TRIGGERED,2026-09-20 12:55:28
4814,HDFCBANK,839.14,1143,-49.14,TRIGGERED,2026-09-20 12:55:29
4815,HDFCBANK,842.36,815,-48.95,TRIGGERED,2026-09-20 12:55:29
4816,INFY,1044.13,1752,-42.63,TRIGGERED,2026-09-20 12:55:30
4817,ITC,713.18,862,45.55,TRIGGERED,2026-09-20 12:55:30
4818,ITC,673.96,937,37.54,TRIGGERED,2026-09-20 12:55:30
4819,RELIANCE,3411.51,179,14.48,TRIGGERED,2026-09-20 12:55:31
4820,BHARTIARTL,1390.22,417,-6.7,TRIGGERED,2026-09-20 12:55:31
4821,TCS,4145.03,1677,0.61,NORMAL,2026-09-20 12:55:32
4822,HDFCBANK,841.91,400,-48.98,TRIGGERED,2026-09-20 12:55:32
4823,ICICIBANK,1861.59,1808,53.85,TRIGGERED,2026-09-20 12:55:32
4824,LT,3493.21,270,-3.5,NORMAL,2026-09-20 12:55:33
4825,TATAMOTORS,691.63,42,-29.43,TRIGGERED,2026-09-20 12:55:33
4826,RELIANCE,3401.78,322,14.15,TRIGGERED,2026-09-20 12:55:34
4827,RELIANCE,3214.68,1590,7.88,TRIGGERED,2026-09-20 12:55:34
4828,ICICIBANK,1860.62,1266,53.77,TRIGGERED,2026-09-20 12:55:34
4829,LT,3501.63,1434,-3.27,NORMAL,2026-09-20 12:55:35
4830,TATAMOTORS,690.01,1787,-29.59,TRIGGERED,2026-09-20 12:55:35
4831,BHARTIARTL,1385.84,674,-6.99,TRIGGERED,2026-09-20 12:55:36
4832,ITC,674.67,340,37.69,TRIGGERED,2026-09-20 12:55:36
4833,SBIN,672.05,1978,-18.04,TRIGGERED,2026-09-20 12:55:36
4834,ICICIBANK,1858.16,834,53.57,TRIGGERED,2026-09-20 12:55:37
4835,TATAMOTORS,691.93,1116,-29.39,TRIGGERED,2026-09-20 12:55:37
4836,ICICIBANK,1858.55,1999,53.6,TRIGGERED,2026-09-20 12:55:38
4837,TATAMOTORS,693.51,1726,-29.23,TRIGGERED,2026-09-20 12:55:38
4838,ICICIBANK,1853.41,294,53.17,TRIGGERED,2026-09-20 12:55:39
4839,TCS,4161.02,1836,1.0,NORMAL,2026-09-20 12:55:39
4840,TCS,4175.39,1212,1.34,NORMAL,2026-09-20 12:55:39
4841,SBIN,672.77,1877,-17.95,TRIGGERED,2026-09-20 12:55:40
4842,TCS,4173.11,1881,1.29,NORMAL,2026-09-20 12:55:40
4843,LT,3511.99,385,-2.98,NORMAL,2026-09-20 12:55:41
4844,LT,3499.49,359,-3.33,NORMAL,2026-09-20 12:55:41
4845,BHARTIARTL,1390.51,1198,-6.68,TRIGGERED,2026-09-20 12:55:41
4846,ICICIBANK,1859.07,1144,53.64,TRIGGERED,2026-09-20 12:55:42
4847,ITC,673.45,1300,37.44,TRIGGERED,2026-09-20 12:55:42
4848,ITC,673.43,749,37.43,TRIGGERED,2026-09-20 12:55:43
4849,LT,3488.76,211,-3.63,NORMAL,2026-09-20 12:55:43
4850,SBIN,671.05,1022,-18.16,TRIGGERED,2026-09-20 12:55:43
4851,TCS,4156.45,332,0.88,NORMAL,2026-09-20 12:55:44
4852,LT,3496.25,970,-3.42,NORMAL,2026-09-20 12:55:44
4853,HDFCBANK,841.54,561,-49.0,TRIGGERED,2026-09-20 12:55:45
4854,LT,3501.73,1903,-3.27,NORMAL,2026-09-20 12:55:45
4855,ITC,675.3,666,37.82,TRIGGERED,2026-09-20 12:55:45
4856,ITC,674.8,1447,37.71,TRIGGERED,2026-09-20 12:55:46
4857,INFY,1041.75,52,-42.76,TRIGGERED,2026-09-20 12:55:46
4858,INFY,1037.6,760,-42.99,TRIGGERED,2026-09-20 12:55:47
4859,ITC,672.38,439,37.22,TRIGGERED,2026-09-20 12:55:47
4860,HDFCBANK,843.57,899,-48.87,TRIGGERED,2026-09-20 12:55:47
4861,ITC,670.34,109,36.8,TRIGGERED,2026-09-20 12:55:48
4862,BHARTIARTL,1387.82,1423,-6.86,TRIGGERED,2026-09-20 12:55:48
4863,BHARTIARTL,1464.15,1099,-1.73,NORMAL,2026-09-20 12:55:49
4864,TCS,4158.03,1560,0.92,NORMAL,2026-09-20 12:55:49
4865,ICICIBANK,1854.16,405,53.24,TRIGGERED,2026-09-20 12:55:49
4866,TCS,4161.6,85,1.01,NORMAL,2026-09-20 12:55:50
4867,INFY,1034.78,1270,-43.14,TRIGGERED,2026-09-20 12:55:50
4868,RELIANCE,3203.59,1823,7.5,TRIGGERED,2026-09-20 12:55:51
4869,LT,3495.47,588,-3.44,NORMAL,2026-09-20 12:55:51
4870,BHARTIARTL,1466.67,1798,-1.57,NORMAL,2026-09-20 12:55:51
4871,INFY,1031.17,1427,-43.34,TRIGGERED,2026-09-20 12:55:52
4872,TCS,4159.09,1761,0.95,NORMAL,2026-09-20 12:55:52
4873,RELIANCE,3204.62,499,7.54,TRIGGERED,2026-09-20 12:55:53
4874,SBIN,672.85,1140,-17.95,TRIGGERED,2026-09-20 12:55:53
4875,HDFCBANK,845.08,1653,-48.78,TRIGGERED,2026-09-20 12:55:53
4876,ITC,668.19,1563,36.37,TRIGGERED,2026-09-20 12:55:54
4877,ITC,669.74,1536,36.68,TRIGGERED,2026-09-20 12:55:54
4878,SBIN,675.36,1344,-17.64,TRIGGERED,2026-09-20 12:55:55
4879,BHARTIARTL,1466.52,625,-1.58,NORMAL,2026-09-20 12:55:55
4880,HDFCBANK,891.56,1262,-45.97,TRIGGERED,2026-09-20 12:55:55
4881,SBIN,675.76,810,-17.59,TRIGGERED,2026-09-20 12:55:56
4882,RELIANCE,3200.54,125,7.4,TRIGGERED,2026-09-20 12:55:56
4883,ICICIBANK,1853.52,911,53.18,TRIGGERED,2026-09-20 12:55:57
4884,RELIANCE,3024.51,1135,1.49,NORMAL,2026-09-20 12:55:57
4885,ITC,670.96,1692,36.93,TRIGGERED,2026-09-20 12:55:57
4886,ITC,668.58,393,36.44,TRIGGERED,2026-09-20 12:55:58
4887,ITC,668.3,1775,36.39,TRIGGERED,2026-09-20 12:55:58
4888,TCS,4171.64,1124,1.25,NORMAL,2026-09-20 12:55:59
4889,HDFCBANK,893.74,1319,-45.83,TRIGGERED,2026-09-20 12:55:59
4890,ITC,667.29,703,36.18,TRIGGERED,2026-09-20 12:55:59
4891,ICICIBANK,1858.19,721,53.57,TRIGGERED,2026-09-20 12:56:00
4892,HDFCBANK,890.96,836,-46.0,TRIGGERED,2026-09-20 12:56:00
4893,TATAMOTORS,691.94,1781,-29.39,TRIGGERED,2026-09-20 12:56:01
4894,LT,3488.07,909,-3.64,NORMAL,2026-09-20 12:56:01
4895,BHARTIARTL,1461.92,1020,-1.88,NORMAL,2026-09-20 12:56:01
4896,TCS,4165.07,997,1.09,NORMAL,2026-09-20 12:56:02
4897,BHARTIARTL,1463.74,1909,-1.76,NORMAL,2026-09-20 12:56:02
4898,LT,3486.57,926,-3.69,NORMAL,2026-09-20 12:56:03
4899,LT,3474.24,566,-4.03,NORMAL,2026-09-20 12:56:03
4900,ITC,665.44,531,35.8,TRIGGERED,2026-09-20 12:56:03
4901,TCS,4175.96,1337,1.36,NORMAL,2026-09-20 12:56:04
4902,INFY,1031.97,1477,-43.3,TRIGGERED,2026-09-20 12:56:04
4903,HDFCBANK,891.98,400,-45.94,TRIGGERED,2026-09-20 12:56:05
4904,BHARTIARTL,1465.2,1002,-1.66,NORMAL,2026-09-20 12:56:05
4905,ICICIBANK,1863.92,1539,54.04,TRIGGERED,2026-09-20 12:56:05
4906,HDFCBANK,893.97,887,-45.82,TRIGGERED,2026-09-20 12:56:06
4907,LT,3473.55,1781,-4.05,NORMAL,2026-09-20 12:56:06
4908,BHARTIARTL,1468.83,946,-1.42,NORMAL,2026-09-20 12:56:07
4909,SBIN,673.57,1877,-17.86,TRIGGERED,2026-09-20 12:56:07
4910,TCS,4177.22,581,1.39,NORMAL,2026-09-20 12:56:07
4911,INFY,1028.64,1856,-43.48,TRIGGERED,2026-09-20 12:56:08
4912,BHARTIARTL,1469.13,1696,-1.4,NORMAL,2026-09-20 12:56:08
4913,LT,3472.31,1868,-4.08,NORMAL,2026-09-20 12:56:09
4914,LT,3474.98,1488,-4.01,NORMAL,2026-09-20 12:56:09
4915,TCS,4173.24,431,1.29,NORMAL,2026-09-20 12:56:09
4916,LT,3472.01,49,-4.09,NORMAL,2026-09-20 12:56:10
4917,ICICIBANK,1862.71,390,53.94,TRIGGERED,2026-09-20 12:56:10
4918,TATAMOTORS,694.29,1146,-29.15,TRIGGERED,2026-09-20 12:56:11
4919,RELIANCE,3027.41,1860,1.59,NORMAL,2026-09-20 12:56:11
4920,TATAMOTORS,693.28,1837,-29.26,TRIGGERED,2026-09-20 12:56:11
4921,LT,3480.72,1854,-3.85,NORMAL,2026-09-20 12:56:12
4922,HDFCBANK,893.5,1655,-45.85,TRIGGERED,2026-09-20 12:56:12
4923,LT,3472.74,1753,-4.07,NORMAL,2026-09-20 12:56:13
4924,ICICIBANK,1855.85,1902,53.38,TRIGGERED,2026-09-20 12:56:13
4925,TATAMOTORS,695.02,1471,-29.08,TRIGGERED,2026-09-20 12:56:13
4926,TCS,3943.71,328,-4.28,NORMAL,2026-09-20 12:56:14
4927,BHARTIARTL,1467.71,372,-1.5,NORMAL,2026-09-20 12:56:14
4928,INFY,1026.96,289,-43.57,TRIGGERED,2026-09-20 12:56:15
4929,HDFCBANK,892.15,1867,-45.93,TRIGGERED,2026-09-20 12:56:15
4930,ICICIBANK,1856.49,925,53.43,TRIGGERED,2026-09-20 12:56:15
4931,TATAMOTORS,695.12,894,-29.07,TRIGGERED,2026-09-20 12:56:16
4932,SBIN,676.11,373,-17.55,TRIGGERED,2026-09-20 12:56:16
4933,ITC,664.99,1037,35.71,TRIGGERED,2026-09-20 12:56:17
4934,SBIN,673.49,397,-17.87,TRIGGERED,2026-09-20 12:56:17
4935,ITC,667.34,1384,36.19,TRIGGERED,2026-09-20 12:56:17
4936,LT,3462.85,355,-4.34,NORMAL,2026-09-20 12:56:18
4937,LT,3467.44,697,-4.21,NORMAL,2026-09-20 12:56:18
4938,RELIANCE,3016.03,1230,1.21,NORMAL,2026-09-20 12:56:19
4939,LT,3479.72,1151,-3.88,NORMAL,2026-09-20 12:56:19
4940,TCS,3943.41,1756,-4.29,NORMAL,2026-09-20 12:56:19
4941,SBIN,674.99,867,-17.68,TRIGGERED,2026-09-20 12:56:20
4942,LT,3466.57,1732,-4.24,NORMAL,2026-09-20 12:56:20
4943,INFY,1024.34,1114,-43.72,TRIGGERED,2026-09-20 12:56:21
4944,TCS,3956.86,1201,-3.96,NORMAL,2026-09-20 12:56:21
4945,LT,3454.59,1222,-4.57,NORMAL,2026-09-20 12:56:21
4946,RELIANCE,3006.4,1143,0.89,NORMAL,2026-09-20 12:56:22
4947,INFY,1028.07,1708,-43.51,TRIGGERED,2026-09-20 12:56:22
4948,SBIN,675.41,1075,-17.63,TRIGGERED,2026-09-20 12:56:23
4949,TATAMOTORS,694.89,536,-29.09,TRIGGERED,2026-09-20 12:56:23
4950,HDFCBANK,889.03,1129,-46.12,TRIGGERED,2026-09-20 12:56:23
4951,TCS,3951.76,730,-4.08,NORMAL,2026-09-20 12:56:24
4952,BHARTIARTL,1463.69,1068,-1.77,NORMAL,2026-09-20 12:56:24
4953,LT,3452.34,618,-4.63,NORMAL,2026-09-20 12:56:25
4954,BHARTIARTL,1468.33,649,-1.45,NORMAL,2026-09-20 12:56:25
4955,ITC,668.1,1103,36.35,TRIGGERED,2026-09-20 12:56:25
4956,HDFCBANK,840.13,1064,-49.08,TRIGGERED,2026-09-20 12:56:26
4957,LT,3462.96,1393,-4.34,NORMAL,2026-09-20 12:56:26
4958,LT,3473.85,1489,-4.04,NORMAL,2026-09-20 12:56:27
4959,TCS,3961.0,1572,-3.86,NORMAL,2026-09-20 12:56:27
4960,TCS,3961.68,108,-3.84,NORMAL,2026-09-20 12:56:27
4961,HDFCBANK,841.89,884,-48.98,TRIGGERED,2026-09-20 12:56:28
4962,BHARTIARTL,1469.68,1639,-1.36,NORMAL,2026-09-20 12:56:28
4963,LT,3486.39,489,-3.69,NORMAL,2026-09-20 12:56:29
4964,LT,3476.5,1282,-3.96,NORMAL,2026-09-20 12:56:29
4965,RELIANCE,3005.71,1072,0.86,NORMAL,2026-09-20 12:56:29
4966,RELIANCE,2995.04,964,0.5,NORMAL,2026-09-20 12:56:30
4967,TATAMOTORS,696.53,451,-28.93,TRIGGERED,2026-09-20 12:56:30
4968,ITC,666.7,379,36.06,TRIGGERED,2026-09-20 12:56:31
4969,LT,3471.0,1493,-4.12,NORMAL,2026-09-20 12:56:31
4970,HDFCBANK,841.26,113,-49.01,TRIGGERED,2026-09-20 12:56:31
4971,INFY,1025.32,340,-43.66,TRIGGERED,2026-09-20 12:56:32
4972,ICICIBANK,1862.68,1326,53.94,TRIGGERED,2026-09-20 12:56:32
4973,INFY,1028.8,542,-43.47,TRIGGERED,2026-09-20 12:56:33
4974,BHARTIARTL,1465.73,632,-1.63,NORMAL,2026-09-20 12:56:33
4975,HDFCBANK,839.14,885,-49.14,TRIGGERED,2026-09-20 12:56:33
4976,TCS,3948.62,1932,-4.16,NORMAL,2026-09-20 12:56:34
4977,TCS,3958.87,1552,-3.91,NORMAL,2026-09-20 12:56:34
4978,RELIANCE,2991.03,350,0.37,NORMAL,2026-09-20 12:56:35
4979,HDFCBANK,839.89,507,-49.1,TRIGGERED,2026-09-20 12:56:35
4980,LT,3466.39,1585,-4.24,NORMAL,2026-09-20 12:56:35
4981,BHARTIARTL,1461.62,850,-1.9,NORMAL,2026-09-20 12:56:36
4982,HDFCBANK,840.69,830,-49.05,TRIGGERED,2026-09-20 12:56:36
4983,INFY,1030.79,274,-43.36,TRIGGERED,2026-09-20 12:56:37
4984,INFY,1032.97,344,-43.24,TRIGGERED,2026-09-20 12:56:37
4985,SBIN,675.19,1559,-17.66,TRIGGERED,2026-09-20 12:56:37
4986,HDFCBANK,842.15,853,-48.96,TRIGGERED,2026-09-20 12:56:38
4987,RELIANCE,2994.53,527,0.49,NORMAL,2026-09-20 12:56:38
4988,BHARTIARTL,1461.68,88,-1.9,NORMAL,2026-09-20 12:56:39
4989,ITC,667.42,1890,36.21,TRIGGERED,2026-09-20 12:56:39
4990,ICICIBANK,1868.94,1924,54.46,TRIGGERED,2026-09-20 12:56:39
4991,INFY,1032.81,1582,-43.25,TRIGGERED,2026-09-20 12:56:40
4992,ICICIBANK,1867.22,164,54.32,TRIGGERED,2026-09-20 12:56:40
4993,ITC,666.61,1677,36.04,TRIGGERED,2026-09-20 12:56:41
4994,LT,3453.93,34,-4.59,NORMAL,2026-09-20 12:56:41
4995,LT,3443.76,144,-4.87,NORMAL,2026-09-20 12:56:41
4996,LT,3456.16,1497,-4.53,NORMAL,2026-09-20 12:56:42
4997,RELIANCE,2829.83,433,-5.04,TRIGGERED,2026-09-20 12:56:42
4998,BHARTIARTL,1460.12,1949,-2.01,NORMAL,2026-09-20 12:56:43
4999,BHARTIARTL,1459.61,363,-2.04,NORMAL,2026-09-20 12:56:43
5000,LT,3453.62,1809,-4.6,NORMAL,2026-09-20 12:56:43
5001,BHARTIARTL,1463.76,1141,-1.76,NORMAL,2026-09-20 12:56:44
5002,LT,3441.53,340,-4.93,NORMAL,2026-09-20 12:56:44
5003,TATAMOTORS,694.3,1540,-29.15,TRIGGERED,2026-09-20 12:56:45
5004,RELIANCE,2834.96,138,-4.87,NORMAL,2026-09-20 12:56:45
5005,TCS,3947.82,550,-4.18,NORMAL,2026-09-20 12:56:45
5006,RELIANCE,2838.28,88,-4.76,NORMAL,2026-09-20 12:56:46
5007,HDFCBANK,888.47,1755,-46.15,TRIGGERED,2026-09-20 12:56:46
5008,ITC,669.16,1195,36.56,TRIGGERED,2026-09-20 12:56:47
5009,ITC,668.05,330,36.34,TRIGGERED,2026-09-20 12:56:47
5010,LT,3429.46,1852,-5.26,TRIGGERED,2026-09-20 12:56:47
5011,LT,3440.58,169,-4.96,NORMAL,2026-09-20 12:56:48
5012,HDFCBANK,886.22,1176,-46.29,TRIGGERED,2026-09-20 12:56:48
5013,TCS,3962.21,828,-3.83,NORMAL,2026-09-20 12:56:49
5014,INFY,1036.19,1623,-43.07,TRIGGERED,2026-09-20 12:56:49
5015,RELIANCE,2840.08,983,-4.7,NORMAL,2026-09-20 12:56:49
5016,INFY,1039.87,227,-42.86,TRIGGERED,2026-09-20 12:56:50
5017,TCS,3948.4,1301,-4.17,NORMAL,2026-09-20 12:56:50
5018,TCS,3953.68,215,-4.04,NORMAL,2026-09-20 12:56:51
5019,TATAMOTORS,695.93,1761,-28.99,TRIGGERED,2026-09-20 12:56:51
5020,INFY,1097.06,282,-39.72,TRIGGERED,2026-09-20 12:56:52
5021,INFY,1093.7,1527,-39.91,TRIGGERED,2026-09-20 12:56:52
5022,TCS,3968.57,537,-3.68,NORMAL,2026-09-20 12:56:52
5023,RELIANCE,2683.88,1559,-9.94,TRIGGERED,2026-09-20 12:56:53
5024,RELIANCE,2682.51,1932,-9.98,TRIGGERED,2026-09-20 12:56:53
5025,HDFCBANK,887.5,701,-46.21,TRIGGERED,2026-09-20 12:56:54
5026,INFY,1090.27,1756,-40.1,TRIGGERED,2026-09-20 12:56:54
5027,TATAMOTORS,693.82,735,-29.2,TRIGGERED,2026-09-20 12:56:54
5028,HDFCBANK,886.15,452,-46.29,TRIGGERED,2026-09-20 12:56:55
5029,HDFCBANK,884.22,1275,-46.41,TRIGGERED,2026-09-20 12:56:55
5030,LT,3437.48,1899,-5.04,TRIGGERED,2026-09-20 12:56:56
5031,SBIN,712.33,321,-13.13,TRIGGERED,2026-09-20 12:56:56
5032,ICICIBANK,1861.44,140,53.84,TRIGGERED,2026-09-20 12:56:56
5033,HDFCBANK,883.05,272,-46.48,TRIGGERED,2026-09-20 12:56:57
5034,TCS,3961.39,275,-3.85,NORMAL,2026-09-20 12:56:57
5035,TCS,3954.07,1064,-4.03,NORMAL,2026-09-20 12:56:58
5036,RELIANCE,2690.16,1349,-9.73,TRIGGERED,2026-09-20 12:56:58
5037,ICICIBANK,1868.37,1877,54.41,TRIGGERED,2026-09-20 12:56:58
5038,LT,3447.75,735,-4.76,NORMAL,2026-09-20 12:56:59
5039,HDFCBANK,885.08,1656,-46.36,TRIGGERED,2026-09-20 12:56:59
5040,ITC,669.51,1407,36.63,TRIGGERED,2026-09-20 12:57:00
5041,LT,3450.4,88,-4.69,NORMAL,2026-09-20 12:57:00
5042,BHARTIARTL,1459.71,1356,-2.03,NORMAL,2026-09-20 12:57:00
5043,INFY,1091.88,1732,-40.01,TRIGGERED,2026-09-20 12:57:01
5044,HDFCBANK,884.25,1027,-46.41,TRIGGERED,2026-09-20 12:57:01
5045,BHARTIARTL,1454.63,855,-2.37,NORMAL,2026-09-20 12:57:02
5046,BHARTIARTL,1451.31,1118,-2.6,NORMAL,2026-09-20 12:57:02
5047,BHARTIARTL,1450.83,1616,-2.63,NORMAL,2026-09-20 12:57:02
5048,TATAMOTORS,696.18,1117,-28.96,TRIGGERED,2026-09-20 12:57:03
5049,TCS,4171.54,1693,1.25,NORMAL,2026-09-20 12:57:03
5050,TATAMOTORS,696.21,1676,-28.96,TRIGGERED,2026-09-20 12:57:04
5051,LT,3454.06,463,-4.58,NORMAL,2026-09-20 12:57:04
5052,TCS,4176.68,1452,1.38,NORMAL,2026-09-20 12:57:04
5053,LT,3465.81,1263,-4.26,NORMAL,2026-09-20 12:57:05
5054,TATAMOTORS,694.57,1458,-29.13,TRIGGERED,2026-09-20 12:57:05
5055,HDFCBANK,883.98,1408,-46.43,TRIGGERED,2026-09-20 12:57:06
5056,BHARTIARTL,1446.98,1106,-2.89,NORMAL,2026-09-20 12:57:06
5057,ICICIBANK,1873.94,934,54.87,TRIGGERED,2026-09-20 12:57:06
5058,RELIANCE,2695.96,1203,-9.53,TRIGGERED,2026-09-20 12:57:07
5059,INFY,1095.77,263,-39.79,TRIGGERED,2026-09-20 12:57:07
5060,ITC,671.3,1163,37.0,TRIGGERED,2026-09-20 12:57:08
5061,SBIN,714.58,1897,-12.86,TRIGGERED,2026-09-20 12:57:08
5062,SBIN,712.04,1230,-13.17,TRIGGERED,2026-09-20 12:57:08
5063,LT,3656.43,265,1.01,NORMAL,2026-09-20 12:57:09
5064,ICICIBANK,1770.87,284,46.35,TRIGGERED,2026-09-20 12:57:09
5065,HDFCBANK,881.04,1970,-46.6,TRIGGERED,2026-09-20 12:57:10
5066,ICICIBANK,1766.53,851,45.99,TRIGGERED,2026-09-20 12:57:10
5067,ITC,669.65,559,36.66,TRIGGERED,2026-09-20 12:57:10
5068,HDFCBANK,880.8,1092,-46.62,TRIGGERED,2026-09-20 12:57:11
5069,TATAMOTORS,696.99,536,-28.88,TRIGGERED,2026-09-20 12:57:11
5070,TCS,4164.61,1962,1.08,NORMAL,2026-09-20 12:57:12
5071,TATAMOTORS,694.51,474,-29.13,TRIGGERED,2026-09-20 12:57:12
5072,RELIANCE,2691.09,1102,-9.69,TRIGGERED,2026-09-20 12:57:12
5073,INFY,1093.43,1528,-39.92,TRIGGERED,2026-09-20 12:57:13
5074,BHARTIARTL,1446.67,936,-2.91,NORMAL,2026-09-20 12:57:13
5075,TCS,4175.46,1219,1.35,NORMAL,2026-09-20 12:57:14
5076,TCS,4161.41,282,1.01,NORMAL,2026-09-20 12:57:14
5077,SBIN,751.2,1510,-8.39,TRIGGERED,2026-09-20 12:57:14
5078,HDFCBANK,879.82,186,-46.68,TRIGGERED,2026-09-20 12:57:15
5079,RELIANCE,2839.1,234,-4.73,NORMAL,2026-09-20 12:57:15
5080,LT,3648.45,316,0.79,NORMAL,2026-09-20 12:57:16
5081,ITC,671.36,1666,37.01,TRIGGERED,2026-09-20 12:57:16
5082,HDFCBANK,882.84,1646,-46.49,TRIGGERED,2026-09-20 12:57:16
5083,TATAMOTORS,694.33,467,-29.15,TRIGGERED,2026-09-20 12:57:17
5084,INFY,1096.2,1948,-39.77,TRIGGERED,2026-09-20 12:57:17
5085,TATAMOTORS,694.81,277,-29.1,TRIGGERED,2026-09-20 12:57:18
5086,ITC,673.18,1411,37.38,TRIGGERED,2026-09-20 12:57:18
5087,ITC,710.2,848,44.94,TRIGGERED,2026-09-20 12:57:18
5088,TCS,4163.46,477,1.05,NORMAL,2026-09-20 12:57:19
5089,ITC,708.37,224,44.57,TRIGGERED,2026-09-20 12:57:19
5090,RELIANCE,2842.6,1492,-4.61,NORMAL,2026-09-20 12:57:20
5091,HDFCBANK,886.21,322,-46.29,TRIGGERED,2026-09-20 12:57:20
5092,BHARTIARTL,1448.27,1176,-2.8,NORMAL,2026-09-20 12:57:20
5093,BHARTIARTL,1448.1,265,-2.81,NORMAL,2026-09-20 12:57:21
5094,LT,3642.35,486,0.62,NORMAL,2026-09-20 12:57:21
5095,ITC,709.44,1614,44.78,TRIGGERED,2026-09-20 12:57:22
5096,BHARTIARTL,1450.81,1237,-2.63,NORMAL,2026-09-20 12:57:22
5097,ICICIBANK,1761.03,184,45.54,TRIGGERED,2026-09-20 12:57:22
5098,BHARTIARTL,1447.85,1565,-2.83,NORMAL,2026-09-20 12:57:23
5099,RELIANCE,2839.31,675,-4.72,NORMAL,2026-09-20 12:57:23
5100,HDFCBANK,886.12,375,-46.3,TRIGGERED,2026-09-20 12:57:24
5101,ITC,708.38,340,44.57,TRIGGERED,2026-09-20 12:57:24
5102,TATAMOTORS,696.05,511,-28.97,TRIGGERED,2026-09-20 12:57:24
5103,HDFCBANK,887.3,214,-46.22,TRIGGERED,2026-09-20 12:57:25
5104,ITC,709.25,559,44.74,TRIGGERED,2026-09-20 12:57:25
5105,HDFCBANK,936.1,57,-43.27,TRIGGERED,2026-09-20 12:57:26
5106,RELIANCE,2850.51,642,-4.35,NORMAL,2026-09-20 12:57:26
5107,ITC,711.54,1405,45.21,TRIGGERED,2026-09-20 12:57:26
5108,ITC,710.72,528,45.04,TRIGGERED,2026-09-20 12:57:27
5109,HDFCBANK,937.32,1648,-43.19,TRIGGERED,2026-09-20 12:57:27
5110,LT,3655.12,1618,0.97,NORMAL,2026-09-20 12:57:28
5111,TATAMOTORS,697.76,894,-28.8,TRIGGERED,2026-09-20 12:57:28
5112,TCS,4169.84,1672,1.21,NORMAL,2026-09-20 12:57:28
5113,ITC,710.01,1698,44.9,TRIGGERED,2026-09-20 12:57:29
5114,TCS,4173.08,915,1.29,NORMAL,2026-09-20 12:57:29
5115,ICICIBANK,1766.42,356,45.99,TRIGGERED,2026-09-20 12:57:30
5116,BHARTIARTL,1449.56,565,-2.71,NORMAL,2026-09-20 12:57:30
5117,INFY,1094.75,97,-39.85,TRIGGERED,2026-09-20 12:57:30
5118,ICICIBANK,1769.56,117,46.24,TRIGGERED,2026-09-20 12:57:31
5119,ICICIBANK,1764.71,1361,45.84,TRIGGERED,2026-09-20 12:57:31
5120,ICICIBANK,1769.7,1616,46.26,TRIGGERED,2026-09-20 12:57:32
5121,BHARTIARTL,1452.2,1414,-2.54,NORMAL,2026-09-20 12:57:32
5122,TCS,4174.86,1605,1.33,NORMAL,2026-09-20 12:57:32
5123,ITC,712.74,1288,45.46,TRIGGERED,2026-09-20 12:57:33
5124,ICICIBANK,1771.78,522,46.43,TRIGGERED,2026-09-20 12:57:33
5125,HDFCBANK,939.58,300,-43.06,TRIGGERED,2026-09-20 12:57:34
5126,HDFCBANK,938.12,590,-43.14,TRIGGERED,2026-09-20 12:57:34
5127,TATAMOTORS,698.37,1186,-28.74,TRIGGERED,2026-09-20 12:57:34
5128,RELIANCE,3007.29,1520,0.92,NORMAL,2026-09-20 12:57:35
5129,RELIANCE,3010.1,568,1.01,NORMAL,2026-09-20 12:57:35
5130,TCS,4173.51,777,1.3,NORMAL,2026-09-20 12:57:36
5131,TATAMOTORS,698.36,1935,-28.74,TRIGGERED,2026-09-20 12:57:36
5132,INFY,1092.42,937,-39.98,TRIGGERED,2026-09-20 12:57:36
5133,HDFCBANK,886.52,38,-46.27,TRIGGERED,2026-09-20 12:57:37
5134,SBIN,750.71,707,-8.45,TRIGGERED,2026-09-20 12:57:37
5135,HDFCBANK,889.87,1071,-46.07,TRIGGERED,2026-09-20 12:57:38
5136,ITC,710.23,1673,44.94,TRIGGERED,2026-09-20 12:57:38
5137,SBIN,750.36,267,-8.49,TRIGGERED,2026-09-20 12:57:38
5138,TCS,4160.02,1209,0.97,NORMAL,2026-09-20 12:57:39
5139,BHARTIARTL,1450.98,926,-2.62,NORMAL,2026-09-20 12:57:39
5140,TATAMOTORS,659.95,1946,-32.66,TRIGGERED,2026-09-20 12:57:40
5141,LT,3652.35,1296,0.89,NORMAL,2026-09-20 12:57:40
5142,HDFCBANK,840.93,984,-49.03,TRIGGERED,2026-09-20 12:57:40
5143,RELIANCE,3018.41,1876,1.29,NORMAL,2026-09-20 12:57:41
5144,TATAMOTORS,659.05,628,-32.75,TRIGGERED,2026-09-20 12:57:41
5145,TCS,4157.8,695,0.92,NORMAL,2026-09-20 12:57:42
5146,TCS,4160.94,607,0.99,NORMAL,2026-09-20 12:57:42
5147,ITC,707.62,1113,44.41,TRIGGERED,2026-09-20 12:57:42
5148,ITC,709.15,109,44.72,TRIGGERED,2026-09-20 12:57:43
5149,RELIANCE,3022.92,770,1.44,NORMAL,2026-09-20 12:57:43
5150,TATAMOTORS,657.56,1505,-32.9,TRIGGERED,2026-09-20 12:57:44
5151,RELIANCE,3031.25,1549,1.72,NORMAL,2026-09-20 12:57:44
5152,TATAMOTORS,659.75,655,-32.68,TRIGGERED,2026-09-20 12:57:44
5153,SBIN,750.97,954,-8.42,TRIGGERED,2026-09-20 12:57:45
5154,INFY,1090.17,1975,-40.1,TRIGGERED,2026-09-20 12:57:45
5155,TATAMOTORS,661.99,545,-32.45,TRIGGERED,2026-09-20 12:57:46
5156,HDFCBANK,841.77,1327,-48.98,TRIGGERED,2026-09-20 12:57:46
5157,SBIN,749.69,1347,-8.57,TRIGGERED,2026-09-20 12:57:46
5158,ICICIBANK,1771.42,69,46.4,TRIGGERED,2026-09-20 12:57:47
5159,INFY,1090.05,1282,-40.11,TRIGGERED,2026-09-20 12:57:47
5160,RELIANCE,3025.59,1655,1.53,NORMAL,2026-09-20 12:57:48
5161,ITC,709.58,1658,44.81,TRIGGERED,2026-09-20 12:57:48
5162,INFY,1089.07,512,-40.16,TRIGGERED,2026-09-20 12:57:48
5163,ICICIBANK,1774.32,218,46.64,TRIGGERED,2026-09-20 12:57:49
5164,ITC,707.66,1223,44.42,TRIGGERED,2026-09-20 12:57:49
5165,RELIANCE,3037.59,242,1.93,NORMAL,2026-09-20 12:57:50
5166,BHARTIARTL,1452.92,1531,-2.49,NORMAL,2026-09-20 12:57:50
5167,TCS,4167.61,1301,1.16,NORMAL,2026-09-20 12:57:50
5168,HDFCBANK,845.0,899,-48.79,TRIGGERED,2026-09-20 12:57:51
5169,TCS,4171.26,47,1.24,NORMAL,2026-09-20 12:57:51
5170,INFY,1086.26,1252,-40.32,TRIGGERED,2026-09-20 12:57:52
5171,INFY,1088.58,1250,-40.19,TRIGGERED,2026-09-20 12:57:52
5172,TCS,4166.53,550,1.13,NORMAL,2026-09-20 12:57:52
5173,ITC,709.3,1359,44.76,TRIGGERED,2026-09-20 12:57:53
5174,TCS,4175.63,1617,1.35,NORMAL,2026-09-20 12:57:53
5175,HDFCBANK,842.36,1561,-48.95,TRIGGERED,2026-09-20 12:57:54
5176,BHARTIARTL,1450.29,1348,-2.67,NORMAL,2026-09-20 12:57:54
5177,HDFCBANK,845.06,1401,-48.78,TRIGGERED,2026-09-20 12:57:54
5178,HDFCBANK,846.83,157,-48.68,TRIGGERED,2026-09-20 12:57:55
5179,INFY,1092.31,1362,-39.98,TRIGGERED,2026-09-20 12:57:55
5180,RELIANCE,3034.29,922,1.82,NORMAL,2026-09-20 12:57:56
5181,INFY,1088.01,877,-40.22,TRIGGERED,2026-09-20 12:57:56
5182,BHARTIARTL,1453.79,1213,-2.43,NORMAL,2026-09-20 12:57:56
5183,BHARTIARTL,1449.76,991,-2.7,NORMAL,2026-09-20 12:57:57
5184,SBIN,708.46,1426,-13.6,TRIGGERED,2026-09-20 12:57:57
5185,ITC,711.65,632,45.23,TRIGGERED,2026-09-20 12:57:58
5186,INFY,1090.64,406,-40.07,TRIGGERED,2026-09-20 12:57:58
5187,ITC,711.5,776,45.2,TRIGGERED,2026-09-20 12:57:58
5188,BHARTIARTL,1455.45,1131,-2.32,NORMAL,2026-09-20 12:57:59
5189,ITC,710.57,1572,45.01,TRIGGERED,2026-09-20 12:57:59
5190,RELIANCE,3029.99,123,1.68,NORMAL,2026-09-20 12:58:00
5191,LT,3666.17,530,1.28,NORMAL,2026-09-20 12:58:00
5192,LT,3679.22,649,1.64,NORMAL,2026-09-20 12:58:00
5193,SBIN,710.23,710,-13.39,TRIGGERED,2026-09-20 12:58:01
5194,TCS,4176.75,601,1.38,NORMAL,2026-09-20 12:58:01
5195,ITC,710.34,1746,44.97,TRIGGERED,2026-09-20 12:58:02
5196,RELIANCE,3039.32,1538,1.99,NORMAL,2026-09-20 12:58:02
5197,INFY,1093.51,1025,-39.92,TRIGGERED,2026-09-20 12:58:03
5198,RELIANCE,3033.09,604,1.78,NORMAL,2026-09-20 12:58:03
5199,BHARTIARTL,1460.85,535,-1.96,NORMAL,2026-09-20 12:58:03
5200,ITC,711.62,1254,45.23,TRIGGERED,2026-09-20 12:58:04
5201,SBIN,707.68,159,-13.7,TRIGGERED,2026-09-20 12:58:04
5202,TCS,4161.96,76,1.02,NORMAL,2026-09-20 12:58:05
5203,ICICIBANK,1774.9,1418,46.69,TRIGGERED,2026-09-20 12:58:05
5204,LT,3668.28,1120,1.33,NORMAL,2026-09-20 12:58:05
5205,RELIANCE,3040.99,1280,2.05,NORMAL,2026-09-20 12:58:06
5206,ITC,714.47,738,45.81,TRIGGERED,2026-09-20 12:58:06
5207,TATAMOTORS,659.51,434,-32.7,TRIGGERED,2026-09-20 12:58:07
5208,RELIANCE,3041.16,1421,2.05,NORMAL,2026-09-20 12:58:07
5209,ITC,713.88,240,45.69,TRIGGERED,2026-09-20 12:58:07
5210,SBIN,705.87,1078,-13.92,TRIGGERED,2026-09-20 12:58:08
5211,ITC,711.76,44,45.26,TRIGGERED,2026-09-20 12:58:08
5212,ITC,711.45,543,45.19,TRIGGERED,2026-09-20 12:58:09
5213,TCS,4166.42,938,1.13,NORMAL,2026-09-20 12:58:09
5214,SBIN,704.94,674,-14.03,TRIGGERED,2026-09-20 12:58:09
5215,SBIN,705.83,892,-13.92,TRIGGERED,2026-09-20 12:58:10
5216,SBIN,707.5,244,-13.72,TRIGGERED,2026-09-20 12:58:10
5217,HDFCBANK,893.41,1771,-45.85,TRIGGERED,2026-09-20 12:58:11
5218,RELIANCE,3049.64,1273,2.34,NORMAL,2026-09-20 12:58:11
5219,ICICIBANK,1769.19,1558,46.21,TRIGGERED,2026-09-20 12:58:11
5220,RELIANCE,3057.07,416,2.59,NORMAL,2026-09-20 12:58:12
5221,INFY,1090.81,1778,-40.07,TRIGGERED,2026-09-20 12:58:12
5222,LT,3660.42,1535,1.12,NORMAL,2026-09-20 12:58:13
5223,TCS,4173.89,1104,1.31,NORMAL,2026-09-20 12:58:13
5224,INFY,1088.6,872,-40.19,TRIGGERED,2026-09-20 12:58:13
5225,INFY,1091.97,816,-40.0,TRIGGERED,2026-09-20 12:58:14
5226,HDFCBANK,890.64,1022,-46.02,TRIGGERED,2026-09-20 12:58:14
5227,SBIN,705.62,1791,-13.95,TRIGGERED,2026-09-20 12:58:15
5228,BHARTIARTL,1459.73,536,-2.03,NORMAL,2026-09-20 12:58:15
5229,LT,3669.32,1681,1.36,NORMAL,2026-09-20 12:58:15
5230,HDFCBANK,889.36,700,-46.1,TRIGGERED,2026-09-20 12:58:16
5231,BHARTIARTL,1459.72,843,-2.03,NORMAL,2026-09-20 12:58:16
5232,TCS,4166.07,205,1.12,NORMAL,2026-09-20 12:58:17
5233,TCS,4159.71,865,0.96,NORMAL,2026-09-20 12:58:17
5234,HDFCBANK,888.18,1554,-46.17,TRIGGERED,2026-09-20 12:58:17
5235,ITC,714.08,391,45.73,TRIGGERED,2026-09-20 12:58:18
5236,ICICIBANK,1769.65,795,46.25,TRIGGERED,2026-09-20 12:58:18
5237,SBIN,666.81,825,-18.68,TRIGGERED,2026-09-20 12:58:19
5238,ITC,674.81,216,37.72,TRIGGERED,2026-09-20 12:58:19
5239,SBIN,703.48,1731,-14.21,TRIGGERED,2026-09-20 12:58:19
5240,RELIANCE,3055.03,1520,2.52,NORMAL,2026-09-20 12:58:20
5241,SBIN,702.12,754,-14.38,TRIGGERED,2026-09-20 12:58:20
5242,RELIANCE,3042.91,1655,2.11,NORMAL,2026-09-20 12:58:21
5243,TCS,4146.97,1934,0.65,NORMAL,2026-09-20 12:58:21
5244,HDFCBANK,887.56,1913,-46.21,TRIGGERED,2026-09-20 12:58:21
5245,TCS,4139.06,1412,0.46,NORMAL,2026-09-20 12:58:22
5246,HDFCBANK,888.24,765,-46.17,TRIGGERED,2026-09-20 12:58:22
5247,ITC,674.03,1390,37.56,TRIGGERED,2026-09-20 12:58:23
5248,TATAMOTORS,660.47,237,-32.61,TRIGGERED,2026-09-20 12:58:23
5249,ICICIBANK,1772.97,350,46.53,TRIGGERED,2026-09-20 12:58:23
5250,BHARTIARTL,1458.12,75,-2.14,NORMAL,2026-09-20 12:58:24
5251,SBIN,704.66,942,-14.07,TRIGGERED,2026-09-20 12:58:24
5252,ICICIBANK,1777.11,1108,46.87,TRIGGERED,2026-09-20 12:58:25
5253,SBIN,706.69,640,-13.82,TRIGGERED,2026-09-20 12:58:25
5254,TCS,4135.99,1069,0.39,NORMAL,2026-09-20 12:58:25
5255,ITC,676.47,631,38.06,TRIGGERED,2026-09-20 12:58:26
5256,ITC,677.18,93,38.2,TRIGGERED,2026-09-20 12:58:26
5257,SBIN,709.03,700,-13.53,TRIGGERED,2026-09-20 12:58:27
5258,ITC,678.08,212,38.38,TRIGGERED,2026-09-20 12:58:27
5259,ICICIBANK,1782.41,862,47.31,TRIGGERED,2026-09-20 12:58:27
5260,ICICIBANK,1775.97,1807,46.77,TRIGGERED,2026-09-20 12:58:28
5261,TATAMOTORS,660.45,418,-32.61,TRIGGERED,2026-09-20 12:58:28
5262,TATAMOTORS,661.82,1648,-32.47,TRIGGERED,2026-09-20 12:58:29
5263,TCS,4123.06,1047,0.07,NORMAL,2026-09-20 12:58:29
5264,ITC,678.53,212,38.48,TRIGGERED,2026-09-20 12:58:29
5265,BHARTIARTL,1460.25,139,-2.0,NORMAL,2026-09-20 12:58:30
5266,RELIANCE,3210.27,1344,7.73,TRIGGERED,2026-09-20 12:58:30
5267,HDFCBANK,888.0,1303,-46.18,TRIGGERED,2026-09-20 12:58:31
5268,TCS,4136.39,861,0.4,NORMAL,2026-09-20 12:58:31
5269,SBIN,707.77,1226,-13.69,TRIGGERED,2026-09-20 12:58:31
5270,BHARTIARTL,1463.43,120,-1.78,NORMAL,2026-09-20 12:58:32
5271,ITC,678.33,1916,38.43,TRIGGERED,2026-09-20 12:58:32
5272,BHARTIARTL,1460.31,257,-1.99,NORMAL,2026-09-20 12:58:33
5273,TCS,4135.71,1746,0.38,NORMAL,2026-09-20 12:58:33
5274,HDFCBANK,890.69,403,-46.02,TRIGGERED,2026-09-20 12:58:33
5275,HDFCBANK,887.56,1757,-46.21,TRIGGERED,2026-09-20 12:58:34
5276,LT,3672.87,259,1.46,NORMAL,2026-09-20 12:58:34
5277,LT,3665.16,808,1.25,NORMAL,2026-09-20 12:58:35
5278,INFY,1093.02,639,-39.94,TRIGGERED,2026-09-20 12:58:35
5279,SBIN,709.97,428,-13.42,TRIGGERED,2026-09-20 12:58:35
5280,BHARTIARTL,1455.96,751,-2.28,NORMAL,2026-09-20 12:58:36
5281,INFY,1090.25,109,-40.1,TRIGGERED,2026-09-20 12:58:36
5282,TATAMOTORS,660.72,586,-32.58,TRIGGERED,2026-09-20 12:58:37
5283,ICICIBANK,1772.51,925,46.49,TRIGGERED,2026-09-20 12:58:37
5284,TATAMOTORS,658.53,49,-32.8,TRIGGERED,2026-09-20 12:58:37
5285,ICICIBANK,1770.51,1570,46.32,TRIGGERED,2026-09-20 12:58:38
5286,TCS,4135.0,1926,0.36,NORMAL,2026-09-20 12:58:38
5287,INFY,1087.65,1186,-40.24,TRIGGERED,2026-09-20 12:58:39
5288,HDFCBANK,888.8,535,-46.13,TRIGGERED,2026-09-20 12:58:39
5289,INFY,1147.47,616,-36.95,TRIGGERED,2026-09-20 12:58:39
5290,INFY,1150.33,1326,-36.8,TRIGGERED,2026-09-20 12:58:40
5291,RELIANCE,3198.52,50,7.33,TRIGGERED,2026-09-20 12:58:40
5292,LT,3653.76,1414,0.93,NORMAL,2026-09-20 12:58:41
5293,HDFCBANK,892.26,558,-45.92,TRIGGERED,2026-09-20 12:58:41
5294,HDFCBANK,889.15,1300,-46.11,TRIGGERED,2026-09-20 12:58:41
5295,TCS,4362.43,1446,5.88,TRIGGERED,2026-09-20 12:58:42
5296,RELIANCE,3186.68,523,6.94,TRIGGERED,2026-09-20 12:58:42
5297,ITC,677.42,1319,38.25,TRIGGERED,2026-09-20 12:58:43
5298,ITC,678.92,1023,38.56,TRIGGERED,2026-09-20 12:58:43
5299,HDFCBANK,888.95,1623,-46.12,TRIGGERED,2026-09-20 12:58:43
5300,TCS,4360.24,868,5.83,TRIGGERED,2026-09-20 12:58:44
5301,BHARTIARTL,1457.76,1626,-2.16,NORMAL,2026-09-20 12:58:44
5302,HDFCBANK,887.61,812,-46.21,TRIGGERED,2026-09-20 12:58:45
5303,TATAMOTORS,656.72,1848,-32.99,TRIGGERED,2026-09-20 12:58:45
5304,ICICIBANK,1772.0,1423,46.45,TRIGGERED,2026-09-20 12:58:45
5305,TATAMOTORS,655.41,1827,-33.12,TRIGGERED,2026-09-20 12:58:46
5306,HDFCBANK,885.42,841,-46.34,TRIGGERED,2026-09-20 12:58:46
5307,TATAMOTORS,653.32,879,-33.33,TRIGGERED,2026-09-20 12:58:47
5308,TCS,4371.05,1288,6.09,TRIGGERED,2026-09-20 12:58:47
5309,LT,3667.14,379,1.3,NORMAL,2026-09-20 12:58:47
5310,SBIN,710.66,1972,-13.33,TRIGGERED,2026-09-20 12:58:48
5311,ICICIBANK,1765.92,907,45.94,TRIGGERED,2026-09-20 12:58:48
5312,TCS,4356.77,725,5.75,TRIGGERED,2026-09-20 12:58:49
5313,ITC,680.01,623,38.78,TRIGGERED,2026-09-20 12:58:49
5314,SBIN,710.55,1953,-13.35,TRIGGERED,2026-09-20 12:58:49
5315,RELIANCE,3187.67,1540,6.97,TRIGGERED,2026-09-20 12:58:50
5316,HDFCBANK,882.04,1598,-46.54,TRIGGERED,2026-09-20 12:58:50
5317,ICICIBANK,1770.07,323,46.29,TRIGGERED,2026-09-20 12:58:51
5318,INFY,1147.04,1693,-36.98,TRIGGERED,2026-09-20 12:58:51
5319,SBIN,710.3,191,-13.38,TRIGGERED,2026-09-20 12:58:51
5320,HDFCBANK,882.17,121,-46.54,TRIGGERED,2026-09-20 12:58:52
5321,RELIANCE,3195.61,236,7.24,TRIGGERED,2026-09-20 12:58:52
5322,ITC,681.16,1248,39.01,TRIGGERED,2026-09-20 12:58:53
5323,TATAMOTORS,689.25,323,-29.67,TRIGGERED,2026-09-20 12:58:53
5324,INFY,1143.65,1460,-37.16,TRIGGERED,2026-09-20 12:58:53
5325,HDFCBANK,881.97,1283,-46.55,TRIGGERED,2026-09-20 12:58:54
5326,RELIANCE,3189.37,1405,7.03,TRIGGERED,2026-09-20 12:58:54
5327,HDFCBANK,879.16,608,-46.72,TRIGGERED,2026-09-20 12:58:55
5328,HDFCBANK,881.49,1608,-46.58,TRIGGERED,2026-09-20 12:58:55
5329,SBIN,708.07,261,-13.65,TRIGGERED,2026-09-20 12:58:55
5330,TCS,4361.68,1807,5.87,TRIGGERED,2026-09-20 12:58:57
5331,ICICIBANK,1771.1,548,46.37,TRIGGERED,2026-09-20 12:58:58
5332,SBIN,710.83,996,-13.31,TRIGGERED,2026-09-20 12:58:58
5333,ICICIBANK,1772.04,918,46.45,TRIGGERED,2026-09-20 12:58:59
5334,ITC,681.39,1097,39.06,TRIGGERED,2026-09-20 12:59:00
5335,BHARTIARTL,1452.09,1102,-2.54,NORMAL,2026-09-20 12:59:00
5336,INFY,1147.1,1793,-36.97,TRIGGERED,2026-09-20 12:59:01
5337,RELIANCE,3177.89,286,6.64,TRIGGERED,2026-09-20 12:59:02
5338,RELIANCE,3186.64,1661,6.93,TRIGGERED,2026-09-20 12:59:02
5339,BHARTIARTL,1454.51,1801,-2.38,NORMAL,2026-09-20 12:59:03
5340,INFY,1150.47,1401,-36.79,TRIGGERED,2026-09-20 12:59:03
5341,BHARTIARTL,1455.39,601,-2.32,NORMAL,2026-09-20 12:59:05
5342,TCS,4359.02,1190,5.8,TRIGGERED,2026-09-20 12:59:05
5343,ICICIBANK,1769.61,1648,46.25,TRIGGERED,2026-09-20 12:59:05
5344,HDFCBANK,833.01,332,-49.51,TRIGGERED,2026-09-20 12:59:06
5345,HDFCBANK,830.5,1652,-49.67,TRIGGERED,2026-09-20 12:59:06
5346,ITC,681.19,385,39.02,TRIGGERED,2026-09-20 12:59:07
5347,ITC,681.17,1791,39.01,TRIGGERED,2026-09-20 12:59:08
5348,ITC,683.11,351,39.41,TRIGGERED,2026-09-20 12:59:08
5349,TCS,4353.92,78,5.68,TRIGGERED,2026-09-20 12:59:08
5350,SBIN,710.03,726,-13.41,TRIGGERED,2026-09-20 12:59:09
5351,TCS,4344.82,1728,5.46,TRIGGERED,2026-09-20 12:59:09
5352,TCS,4360.08,201,5.83,TRIGGERED,2026-09-20 12:59:10
5353,SBIN,709.19,769,-13.51,TRIGGERED,2026-09-20 12:59:10
5354,TCS,4344.83,1114,5.46,TRIGGERED,2026-09-20 12:59:10
5355,RELIANCE,3180.48,597,6.73,TRIGGERED,2026-09-20 12:59:11
5356,INFY,1152.25,781,-36.69,TRIGGERED,2026-09-20 12:59:11
5357,TATAMOTORS,690.26,1879,-29.57,TRIGGERED,2026-09-20 12:59:12
5358,HDFCBANK,829.99,338,-49.7,TRIGGERED,2026-09-20 12:59:12
5359,TATAMOTORS,688.91,1836,-29.7,TRIGGERED,2026-09-20 12:59:13
5360,LT,3662.87,317,1.18,NORMAL,2026-09-20 12:59:13
5361,ICICIBANK,1672.28,1432,38.2,TRIGGERED,2026-09-20 12:59:13
5362,INFY,1150.95,373,-36.76,TRIGGERED,2026-09-20 12:59:14
5363,INFY,1151.06,1646,-36.75,TRIGGERED,2026-09-20 12:59:14
5364,SBIN,710.8,639,-13.32,TRIGGERED,2026-09-20 12:59:15
5365,RELIANCE,3187.52,821,6.96,TRIGGERED,2026-09-20 12:59:15
5366,TATAMOTORS,690.01,1266,-29.59,TRIGGERED,2026-09-20 12:59:15
5367,TCS,4333.61,1199,5.18,TRIGGERED,2026-09-20 12:59:16
5368,TATAMOTORS,687.96,1408,-29.8,TRIGGERED,2026-09-20 12:59:17
5369,TATAMOTORS,686.82,934,-29.92,TRIGGERED,2026-09-20 12:59:17
5370,TATAMOTORS,689.34,1007,-29.66,TRIGGERED,2026-09-20 12:59:18
5371,TATAMOTORS,688.58,1428,-29.74,TRIGGERED,2026-09-20 12:59:18
5372,HDFCBANK,831.17,1020,-49.63,TRIGGERED,2026-09-20 12:59:19
5373,ICICIBANK,1677.15,1032,38.61,TRIGGERED,2026-09-20 12:59:19
5374,TCS,4342.4,613,5.4,TRIGGERED,2026-09-20 12:59:19
5375,ITC,683.34,554,39.46,TRIGGERED,2026-09-20 12:59:20
5376,SBIN,709.84,206,-13.43,TRIGGERED,2026-09-20 12:59:20
5377,RELIANCE,3181.52,1378,6.76,TRIGGERED,2026-09-20 12:59:21
5378,HDFCBANK,833.68,1142,-49.47,TRIGGERED,2026-09-20 12:59:21
5379,SBIN,709.9,1408,-13.43,TRIGGERED,2026-09-20 12:59:21
5380,RELIANCE,3178.98,175,6.68,TRIGGERED,2026-09-20 12:59:22
5381,HDFCBANK,836.9,1126,-49.28,TRIGGERED,2026-09-20 12:59:22
5382,TCS,4349.21,587,5.56,TRIGGERED,2026-09-20 12:59:23
5383,ICICIBANK,1670.89,300,38.09,TRIGGERED,2026-09-20 12:59:23
5384,TCS,4365.0,947,5.95,TRIGGERED,2026-09-20 12:59:23
5385,ICICIBANK,1674.75,521,38.41,TRIGGERED,2026-09-20 12:59:24
5386,RELIANCE,3176.82,323,6.6,TRIGGERED,2026-09-20 12:59:24
5387,TATAMOTORS,687.16,1752,-29.88,TRIGGERED,2026-09-20 12:59:25
5388,ICICIBANK,1679.64,1471,38.81,TRIGGERED,2026-09-20 12:59:25
5389,ITC,685.86,1132,39.97,TRIGGERED,2026-09-20 12:59:25
5390,TATAMOTORS,685.14,368,-30.09,TRIGGERED,2026-09-20 12:59:26
5391,INFY,1149.69,1396,-36.83,TRIGGERED,2026-09-20 12:59:26
5392,BHARTIARTL,1456.0,1148,-2.28,NORMAL,2026-09-20 12:59:27
5393,INFY,1148.19,457,-36.91,TRIGGERED,2026-09-20 12:59:27
5394,TCS,4362.77,1735,5.89,TRIGGERED,2026-09-20 12:59:27
5395,TATAMOTORS,684.35,964,-30.17,TRIGGERED,2026-09-20 12:59:28
5396,HDFCBANK,790.87,1916,-52.07,TRIGGERED,2026-09-20 12:59:28
5397,LT,3659.42,1937,1.09,NORMAL,2026-09-20 12:59:29
5398,TATAMOTORS,686.97,82,-29.9,TRIGGERED,2026-09-20 12:59:29
5399,RELIANCE,3165.63,1611,6.23,TRIGGERED,2026-09-20 12:59:29
5400,HDFCBANK,793.85,542,-51.89,TRIGGERED,2026-09-20 12:59:30
5401,TCS,4360.55,461,5.84,TRIGGERED,2026-09-20 12:59:30
5402,ICICIBANK,1682.66,100,39.06,TRIGGERED,2026-09-20 12:59:31
5403,LT,3647.15,682,0.75,NORMAL,2026-09-20 12:59:31
5404,INFY,1147.87,1211,-36.93,TRIGGERED,2026-09-20 12:59:31
5405,ITC,687.06,1868,40.22,TRIGGERED,2026-09-20 12:59:32
5406,SBIN,707.75,355,-13.69,TRIGGERED,2026-09-20 12:59:32
5407,HDFCBANK,795.83,156,-51.77,TRIGGERED,2026-09-20 12:59:33
5408,INFY,1148.56,1279,-36.89,TRIGGERED,2026-09-20 12:59:33
5409,SBIN,707.45,1655,-13.73,TRIGGERED,2026-09-20 12:59:33
5410,ICICIBANK,1775.21,1602,46.71,TRIGGERED,2026-09-20 12:59:34
5411,BHARTIARTL,1457.91,1890,-2.15,NORMAL,2026-09-20 12:59:34
5412,INFY,1149.09,1382,-36.86,TRIGGERED,2026-09-20 12:59:35
5413,BHARTIARTL,1453.0,1271,-2.48,NORMAL,2026-09-20 12:59:35
5414,HDFCBANK,839.6,979,-49.12,TRIGGERED,2026-09-20 12:59:35
5415,SBIN,707.59,624,-13.71,TRIGGERED,2026-09-20 12:59:36
5416,INFY,1149.99,1409,-36.81,TRIGGERED,2026-09-20 12:59:36
5417,HDFCBANK,842.84,1341,-48.92,TRIGGERED,2026-09-20 12:59:37
5418,SBIN,706.56,815,-13.83,TRIGGERED,2026-09-20 12:59:37
5419,SBIN,708.17,960,-13.64,TRIGGERED,2026-09-20 12:59:37
5420,SBIN,705.62,1827,-13.95,TRIGGERED,2026-09-20 12:59:38
5421,TATAMOTORS,685.13,974,-30.09,TRIGGERED,2026-09-20 12:59:38
5422,RELIANCE,3171.47,1732,6.43,TRIGGERED,2026-09-20 12:59:39
5423,TCS,4355.91,694,5.73,TRIGGERED,2026-09-20 12:59:39
5424,INFY,1086.74,1506,-40.29,TRIGGERED,2026-09-20 12:59:39
5425,RELIANCE,3180.5,1004,6.73,TRIGGERED,2026-09-20 12:59:40
5426,RELIANCE,3185.86,1792,6.91,TRIGGERED,2026-09-20 12:59:40
5427,INFY,1087.73,1512,-40.23,TRIGGERED,2026-09-20 12:59:41
5428,TATAMOTORS,686.18,1384,-29.98,TRIGGERED,2026-09-20 12:59:41
5429,LT,3659.78,95,1.1,NORMAL,2026-09-20 12:59:41
5430,TCS,4353.72,680,5.67,TRIGGERED,2026-09-20 12:59:42
5431,TCS,4351.8,782,5.63,TRIGGERED,2026-09-20 12:59:42
5432,ICICIBANK,1772.38,1488,46.48,TRIGGERED,2026-09-20 12:59:43
5433,LT,3657.38,655,1.03,NORMAL,2026-09-20 12:59:43
5434,SBIN,704.01,691,-14.15,TRIGGERED,2026-09-20 12:59:43
5435,BHARTIARTL,1449.97,210,-2.69,NORMAL,2026-09-20 12:59:44
5436,TCS,4336.04,1979,5.24,TRIGGERED,2026-09-20 12:59:44
5437,TATAMOTORS,686.14,636,-29.99,TRIGGERED,2026-09-20 12:59:45
5438,LT,3666.39,1612,1.28,NORMAL,2026-09-20 12:59:45
5439,TATAMOTORS,685.94,687,-30.01,TRIGGERED,2026-09-20 12:59:45
5440,HDFCBANK,843.62,309,-48.87,TRIGGERED,2026-09-20 12:59:46
5441,TCS,4341.61,1122,5.38,TRIGGERED,2026-09-20 12:59:46
5442,ICICIBANK,1776.02,838,46.78,TRIGGERED,2026-09-20 12:59:47
5443,BHARTIARTL,1446.3,1542,-2.93,NORMAL,2026-09-20 12:59:47
5444,HDFCBANK,843.26,924,-48.89,TRIGGERED,2026-09-20 12:59:47
5445,INFY,1147.56,1596,-36.95,TRIGGERED,2026-09-20 12:59:48
5446,INFY,1147.75,1691,-36.94,TRIGGERED,2026-09-20 12:59:48
5447,ITC,685.15,1630,39.83,TRIGGERED,2026-09-20 12:59:49
5448,LT,3679.4,228,1.64,NORMAL,2026-09-20 12:59:49
5449,ITC,683.31,1055,39.45,TRIGGERED,2026-09-20 12:59:49
5450,ITC,720.89,443,47.12,TRIGGERED,2026-09-20 12:59:50
5451,TATAMOTORS,688.25,1708,-29.77,TRIGGERED,2026-09-20 12:59:50
5452,HDFCBANK,840.85,1838,-49.04,TRIGGERED,2026-09-20 12:59:51
5453,LT,3670.02,35,1.38,NORMAL,2026-09-20 12:59:51
5454,ICICIBANK,1777.36,1582,46.89,TRIGGERED,2026-09-20 12:59:51
5455,BHARTIARTL,1441.44,1685,-3.26,NORMAL,2026-09-20 12:59:52
5456,ICICIBANK,1771.52,55,46.41,TRIGGERED,2026-09-20 12:59:52
5457,LT,3657.59,865,1.04,NORMAL,2026-09-20 12:59:53
5458,BHARTIARTL,1440.92,380,-3.29,NORMAL,2026-09-20 12:59:53
5459,BHARTIARTL,1443.79,401,-3.1,NORMAL,2026-09-20 12:59:53
5460,HDFCBANK,840.52,974,-49.06,TRIGGERED,2026-09-20 12:59:54
5461,INFY,1084.62,1332,-40.41,TRIGGERED,2026-09-20 12:59:54
5462,HDFCBANK,838.97,84,-49.15,TRIGGERED,2026-09-20 12:59:55
5463,RELIANCE,3010.64,1697,1.03,NORMAL,2026-09-20 12:59:55
5464,ITC,721.98,1281,47.34,TRIGGERED,2026-09-20 12:59:55
5465,RELIANCE,3011.83,1298,1.07,NORMAL,2026-09-20 12:59:56
5466,TATAMOTORS,689.64,737,-29.63,TRIGGERED,2026-09-20 12:59:56
5467,TATAMOTORS,687.78,741,-29.82,TRIGGERED,2026-09-20 12:59:57
5468,BHARTIARTL,1364.38,263,-8.43,TRIGGERED,2026-09-20 12:59:57
5469,TCS,4342.85,1578,5.41,TRIGGERED,2026-09-20 12:59:57
5470,HDFCBANK,842.22,678,-48.96,TRIGGERED,2026-09-20 12:59:58
5471,ICICIBANK,1774.27,1891,46.63,TRIGGERED,2026-09-20 12:59:58
5472,TATAMOTORS,689.38,360,-29.66,TRIGGERED,2026-09-20 12:59:59
5473,INFY,1087.9,1473,-40.23,TRIGGERED,2026-09-20 12:59:59
5474,ICICIBANK,1676.69,1341,38.57,TRIGGERED,2026-09-20 12:59:59
5475,TATAMOTORS,651.46,1934,-33.52,TRIGGERED,2026-09-20 13:00:00
5476,SBIN,703.1,995,-14.26,TRIGGERED,2026-09-20 13:00:00
5477,SBIN,702.65,1258,-14.31,TRIGGERED,2026-09-20 13:00:01
5478,ICICIBANK,1671.02,686,38.1,TRIGGERED,2026-09-20 13:00:01
5479,BHARTIARTL,1359.76,1018,-8.74,TRIGGERED,2026-09-20 13:00:01
5480,RELIANCE,3013.19,1352,1.11,NORMAL,2026-09-20 13:00:02
5481,ICICIBANK,1666.21,1825,37.7,TRIGGERED,2026-09-20 13:00:02
5482,INFY,1087.35,1204,-40.26,TRIGGERED,2026-09-20 13:00:03
5483,RELIANCE,3012.94,997,1.11,NORMAL,2026-09-20 13:00:03
5484,HDFCBANK,843.71,1201,-48.87,TRIGGERED,2026-09-20 13:00:03
5485,TATAMOTORS,650.12,1659,-33.66,TRIGGERED,2026-09-20 13:00:04
5486,LT,3646.99,1604,0.75,NORMAL,2026-09-20 13:00:04
5487,TCS,4345.63,357,5.48,TRIGGERED,2026-09-20 13:00:05
5488,TCS,4337.12,468,5.27,TRIGGERED,2026-09-20 13:00:05
5489,RELIANCE,3023.36,1768,1.46,NORMAL,2026-09-20 13:00:05
5490,SBIN,705.05,1261,-14.02,TRIGGERED,2026-09-20 13:00:06
5491,RELIANCE,3014.39,923,1.15,NORMAL,2026-09-20 13:00:06
5492,LT,3655.77,275,0.99,NORMAL,2026-09-20 13:00:07
5493,SBIN,707.68,1644,-13.7,TRIGGERED,2026-09-20 13:00:07
5494,INFY,1084.04,1531,-40.44,TRIGGERED,2026-09-20 13:00:08
5495,LT,3642.89,896,0.63,NORMAL,2026-09-20 13:00:08
5496,HDFCBANK,842.08,686,-48.96,TRIGGERED,2026-09-20 13:00:08
5497,TCS,4350.08,1939,5.58,TRIGGERED,2026-09-20 13:00:09
5498,INFY,1085.85,322,-40.34,TRIGGERED,2026-09-20 13:00:09
5499,SBIN,707.26,1064,-13.75,TRIGGERED,2026-09-20 13:00:10
5500,TATAMOTORS,647.6,1113,-33.92,TRIGGERED,2026-09-20 13:00:10
5501,LT,3638.37,690,0.51,NORMAL,2026-09-20 13:00:10
5502,SBIN,706.37,1194,-13.86,TRIGGERED,2026-09-20 13:00:11
5503,ICICIBANK,1668.54,369,37.9,TRIGGERED,2026-09-20 13:00:11
5504,BHARTIARTL,1284.97,1048,-13.76,TRIGGERED,2026-09-20 13:00:12
5505,HDFCBANK,888.39,256,-46.16,TRIGGERED,2026-09-20 13:00:12
5506,LT,3438.26,387,-5.02,TRIGGERED,2026-09-20 13:00:12
5507,TCS,4342.81,1533,5.41,TRIGGERED,2026-09-20 13:00:13
5508,ITC,722.18,590,47.38,TRIGGERED,2026-09-20 13:00:13
5509,ICICIBANK,1662.01,1634,37.36,TRIGGERED,2026-09-20 13:00:14
5510,TCS,4356.98,156,5.75,TRIGGERED,2026-09-20 13:00:14
5511,ITC,723.66,1225,47.69,TRIGGERED,2026-09-20 13:00:14
5512,ITC,720.99,1004,47.14,TRIGGERED,2026-09-20 13:00:15
5513,LT,3249.16,542,-10.24,TRIGGERED,2026-09-20 13:00:15
5514,LT,3242.59,1780,-10.43,TRIGGERED,2026-09-20 13:00:16
5515,ICICIBANK,1656.64,1069,36.91,TRIGGERED,2026-09-20 13:00:16
5516,INFY,1086.74,764,-40.29,TRIGGERED,2026-09-20 13:00:16
5517,LT,3236.11,725,-10.6,TRIGGERED,2026-09-20 13:00:17
5518,LT,3247.38,1817,-10.29,TRIGGERED,2026-09-20 13:00:17
5519,LT,3241.52,1175,-10.46,TRIGGERED,2026-09-20 13:00:18
5520,INFY,1026.97,1597,-43.57,TRIGGERED,2026-09-20 13:00:18
5521,ICICIBANK,1650.68,1429,36.42,TRIGGERED,2026-09-20 13:00:18
5522,ITC,719.56,1739,46.85,TRIGGERED,2026-09-20 13:00:19
5523,TATAMOTORS,649.53,433,-33.72,TRIGGERED,2026-09-20 13:00:19
5524,TATAMOTORS,647.3,1181,-33.95,TRIGGERED,2026-09-20 13:00:20
5525,TATAMOTORS,649.88,155,-33.69,TRIGGERED,2026-09-20 13:00:20
5526,ICICIBANK,1741.47,116,43.92,TRIGGERED,2026-09-20 13:00:20
5527,RELIANCE,3003.11,1666,0.78,NORMAL,2026-09-20 13:55:04
5528,ITC,759.14,1208,54.93,TRIGGERED,2026-09-20 13:55:04
5529,ITC,757.4,388,54.57,TRIGGERED,2026-09-20 13:55:05
5530,ICICIBANK,1837.25,1601,51.84,TRIGGERED,2026-09-20 13:55:05
5531,ICICIBANK,1835.71,1706,51.71,TRIGGERED,2026-09-20 13:55:05
5532,LT,3254.33,456,-10.1,TRIGGERED,2026-09-20 13:55:06
5533,HDFCBANK,884.96,786,-46.37,TRIGGERED,2026-09-20 13:55:06
5534,BHARTIARTL,1289.22,1315,-13.48,TRIGGERED,2026-09-20 13:55:07
5535,TCS,4358.15,1308,5.78,TRIGGERED,2026-09-20 13:55:07
5536,SBIN,706.18,1862,-13.88,TRIGGERED,2026-09-20 13:55:07
5537,RELIANCE,3011.03,252,1.04,NORMAL,2026-09-20 13:55:08
5538,INFY,1025.34,1517,-43.66,TRIGGERED,2026-09-20 13:55:08
5539,TATAMOTORS,649.3,713,-33.74,TRIGGERED,2026-09-20 13:55:09
5540,SBIN,704.01,227,-14.15,TRIGGERED,2026-09-20 13:55:09
5541,ITC,755.32,1163,54.15,TRIGGERED,2026-09-20 13:55:09
5542,TATAMOTORS,650.55,1321,-33.62,TRIGGERED,2026-09-20 13:55:10
5543,RELIANCE,3009.83,401,1.0,NORMAL,2026-09-20 13:55:10
5544,ICICIBANK,1839.13,641,51.99,TRIGGERED,2026-09-20 13:55:11
5545,HDFCBANK,884.12,441,-46.42,TRIGGERED,2026-09-20 13:55:11
5546,BHARTIARTL,1290.8,1084,-13.37,TRIGGERED,2026-09-20 13:55:12
5547,TCS,4372.19,430,6.12,TRIGGERED,2026-09-20 13:55:12
5548,HDFCBANK,884.87,1216,-46.37,TRIGGERED,2026-09-20 13:55:12
5549,RELIANCE,2844.29,1999,-4.55,NORMAL,2026-09-20 13:55:13
5550,SBIN,706.14,276,-13.89,TRIGGERED,2026-09-20 13:55:13
5551,INFY,1025.15,301,-43.67,TRIGGERED,2026-09-20 13:55:14
5552,INFY,1022.07,1088,-43.84,TRIGGERED,2026-09-20 13:55:14
5553,BHARTIARTL,1291.76,69,-13.3,TRIGGERED,2026-09-20 13:55:14
5554,TCS,4384.13,734,6.41,TRIGGERED,2026-09-20 13:55:15
5555,RELIANCE,2850.59,1262,-4.34,NORMAL,2026-09-20 13:55:15
5556,TCS,4373.75,928,6.16,TRIGGERED,2026-09-20 13:55:16
5557,RELIANCE,2841.66,324,-4.64,NORMAL,2026-09-20 13:55:16
5558,LT,3260.75,723,-9.92,TRIGGERED,2026-09-20 13:55:16
5559,TCS,4377.35,1843,6.25,TRIGGERED,2026-09-20 13:55:17
5560,SBIN,667.3,1179,-18.62,TRIGGERED,2026-09-20 13:55:17
5561,BHARTIARTL,1288.53,388,-13.52,TRIGGERED,2026-09-20 13:55:18
5562,TCS,4136.6,1886,0.4,NORMAL,2026-09-20 13:55:18
5563,HDFCBANK,883.05,535,-46.48,TRIGGERED,2026-09-20 13:55:18
5564,LT,3265.69,1255,-9.79,TRIGGERED,2026-09-20 13:55:19
5565,BHARTIARTL,1290.27,1557,-13.4,TRIGGERED,2026-09-20 13:55:19
5566,HDFCBANK,881.07,1023,-46.6,TRIGGERED,2026-09-20 13:55:20
5567,HDFCBANK,882.98,1177,-46.49,TRIGGERED,2026-09-20 13:55:20
5568,HDFCBANK,834.42,977,-49.43,TRIGGERED,2026-09-20 13:55:20
5569,TCS,4129.97,84,0.24,NORMAL,2026-09-20 13:55:21
5570,ITC,758.28,1856,54.75,TRIGGERED,2026-09-20 13:55:21
5571,TATAMOTORS,614.77,127,-37.27,TRIGGERED,2026-09-20 13:55:22
5572,SBIN,669.43,1169,-18.36,TRIGGERED,2026-09-20 13:55:22
5573,INFY,1021.15,1034,-43.89,TRIGGERED,2026-09-20 13:55:22
5574,LT,3261.73,1895,-9.9,TRIGGERED,2026-09-20 13:55:23
5575,ITC,759.19,1085,54.94,TRIGGERED,2026-09-20 13:55:23
5576,HDFCBANK,832.67,1296,-49.54,TRIGGERED,2026-09-20 13:55:24
5577,LT,3253.32,306,-10.13,TRIGGERED,2026-09-20 13:55:24
5578,SBIN,667.99,669,-18.54,TRIGGERED,2026-09-20 13:55:24
5579,INFY,1022.06,1563,-43.84,TRIGGERED,2026-09-20 13:55:25
5580,ITC,759.36,1939,54.97,TRIGGERED,2026-09-20 13:55:25
5581,SBIN,666.8,1128,-18.68,TRIGGERED,2026-09-20 13:55:26
5582,ITC,759.01,38,54.9,TRIGGERED,2026-09-20 13:55:26
5583,RELIANCE,2997.95,1853,0.6,NORMAL,2026-09-20 13:55:26
5584,HDFCBANK,835.27,1801,-49.38,TRIGGERED,2026-09-20 13:55:27
5585,SBIN,667.34,1353,-18.62,TRIGGERED,2026-09-20 13:55:27
5586,SBIN,668.34,878,-18.5,TRIGGERED,2026-09-20 13:55:28
5587,ICICIBANK,1841.64,832,52.2,TRIGGERED,2026-09-20 13:55:28
5588,ITC,756.71,1200,54.43,TRIGGERED,2026-09-20 13:55:28
5589,LT,3263.7,220,-9.84,TRIGGERED,2026-09-20 13:55:29
5590,ITC,758.57,1174,54.81,TRIGGERED,2026-09-20 13:55:29
5591,HDFCBANK,836.85,1597,-49.28,TRIGGERED,2026-09-20 13:55:30
5592,LT,3263.22,1452,-9.86,TRIGGERED,2026-09-20 13:55:30
5593,HDFCBANK,834.69,659,-49.41,TRIGGERED,2026-09-20 13:55:30
5594,TATAMOTORS,616.33,155,-37.11,TRIGGERED,2026-09-20 13:55:31
5595,LT,3252.43,1850,-10.15,TRIGGERED,2026-09-20 13:55:31
5596,TCS,4143.17,223,0.56,NORMAL,2026-09-20 13:55:32
5597,LT,3244.72,129,-10.37,TRIGGERED,2026-09-20 13:55:32
5598,LT,3241.94,1974,-10.44,TRIGGERED,2026-09-20 13:55:32
5599,HDFCBANK,834.04,571,-49.45,TRIGGERED,2026-09-20 13:55:33
5600,INFY,1022.93,1684,-43.8,TRIGGERED,2026-09-20 13:55:33
5601,INFY,1024.85,1115,-43.69,TRIGGERED,2026-09-20 13:55:34
5602,ITC,756.24,1457,54.33,TRIGGERED,2026-09-20 13:55:34
5603,HDFCBANK,834.99,100,-49.39,TRIGGERED,2026-09-20 13:55:34
5604,RELIANCE,2998.99,1154,0.64,NORMAL,2026-09-20 13:55:35
5605,TATAMOTORS,617.36,1630,-37.0,TRIGGERED,2026-09-20 13:55:35
5606,HDFCBANK,836.52,1129,-49.3,TRIGGERED,2026-09-20 13:55:36
5607,HDFCBANK,833.64,1836,-49.48,TRIGGERED,2026-09-20 13:55:36
5608,TCS,4153.56,1443,0.81,NORMAL,2026-09-20 13:55:36
5609,TCS,4149.31,194,0.71,NORMAL,2026-09-20 13:55:37
5610,SBIN,631.58,1507,-22.98,TRIGGERED,2026-09-20 13:55:37
5611,RELIANCE,2988.13,830,0.27,NORMAL,2026-09-20 13:55:38
5612,HDFCBANK,830.81,1942,-49.65,TRIGGERED,2026-09-20 13:55:38
5613,ICICIBANK,1841.38,115,52.18,TRIGGERED,2026-09-20 13:55:38
5614,LT,3232.4,1576,-10.71,TRIGGERED,2026-09-20 13:55:39
5615,ITC,757.91,1949,54.68,TRIGGERED,2026-09-20 13:55:39
5616,TATAMOTORS,617.37,735,-37.0,TRIGGERED,2026-09-20 13:55:40
5617,ICICIBANK,1842.28,1981,52.25,TRIGGERED,2026-09-20 13:55:40
5618,HDFCBANK,831.36,671,-49.61,TRIGGERED,2026-09-20 13:55:40
5619,LT,3225.41,157,-10.9,TRIGGERED,2026-09-20 13:55:41
5620,TCS,4152.91,299,0.8,NORMAL,2026-09-20 13:55:41
5621,SBIN,629.54,1226,-23.23,TRIGGERED,2026-09-20 13:55:42
5622,SBIN,627.38,269,-23.49,TRIGGERED,2026-09-20 13:55:42
5623,BHARTIARTL,1291.63,826,-13.31,TRIGGERED,2026-09-20 13:55:42
5624,LT,3232.84,571,-10.7,TRIGGERED,2026-09-20 13:55:43
5625,SBIN,627.14,408,-23.52,TRIGGERED,2026-09-20 13:55:43
5626,HDFCBANK,829.62,393,-49.72,TRIGGERED,2026-09-20 13:55:44
5627,SBIN,628.66,1779,-23.33,TRIGGERED,2026-09-20 13:55:44
5628,BHARTIARTL,1287.62,852,-13.58,TRIGGERED,2026-09-20 13:55:44
5629,ITC,755.29,1206,54.14,TRIGGERED,2026-09-20 13:55:45
5630,INFY,1021.55,1919,-43.87,TRIGGERED,2026-09-20 13:55:45
5631,LT,3237.71,411,-10.56,TRIGGERED,2026-09-20 13:55:46
5632,BHARTIARTL,1286.04,1459,-13.69,TRIGGERED,2026-09-20 13:55:46
5633,LT,3249.57,851,-10.23,TRIGGERED,2026-09-20 13:55:46
5634,ITC,752.58,1797,53.59,TRIGGERED,2026-09-20 13:55:47
5635,HDFCBANK,829.93,574,-49.7,TRIGGERED,2026-09-20 13:55:47
5636,HDFCBANK,832.17,1373,-49.57,TRIGGERED,2026-09-20 13:55:48
5637,TCS,4161.43,1229,1.01,NORMAL,2026-09-20 13:55:48
5638,INFY,1021.39,832,-43.88,TRIGGERED,2026-09-20 13:55:48
5639,ICICIBANK,1845.9,958,52.55,TRIGGERED,2026-09-20 13:55:49
5640,HDFCBANK,833.96,420,-49.46,TRIGGERED,2026-09-20 13:55:49
5641,SBIN,663.24,1826,-19.12,TRIGGERED,2026-09-20 13:55:50
5642,SBIN,699.72,1787,-14.67,TRIGGERED,2026-09-20 13:55:50
5643,TCS,3932.55,159,-4.55,NORMAL,2026-09-20 13:55:50
5644,SBIN,700.46,853,-14.58,TRIGGERED,2026-09-20 13:55:51
5645,RELIANCE,2984.66,264,0.16,NORMAL,2026-09-20 13:55:51
5646,RELIANCE,2993.11,805,0.44,NORMAL,2026-09-20 13:55:52
5647,BHARTIARTL,1289.33,1659,-13.47,TRIGGERED,2026-09-20 13:55:52
5648,ITC,750.23,209,53.11,TRIGGERED,2026-09-20 13:55:52
5649,TCS,3931.79,1336,-4.57,NORMAL,2026-09-20 13:55:53
5650,TATAMOTORS,615.32,1582,-37.21,TRIGGERED,2026-09-20 13:55:53
5651,LT,3262.42,1175,-9.88,TRIGGERED,2026-09-20 13:55:54
5652,TCS,3935.74,870,-4.47,NORMAL,2026-09-20 13:55:54
5653,BHARTIARTL,1289.05,1081,-13.49,TRIGGERED,2026-09-20 13:55:54
5654,TATAMOTORS,614.84,821,-37.26,TRIGGERED,2026-09-20 13:55:55
5655,ITC,747.95,1098,52.64,TRIGGERED,2026-09-20 13:55:55
5656,TATAMOTORS,614.28,1418,-37.32,TRIGGERED,2026-09-20 13:55:56
5657,TATAMOTORS,613.7,1394,-37.38,TRIGGERED,2026-09-20 13:55:56
5658,ICICIBANK,1852.1,1809,53.07,TRIGGERED,2026-09-20 13:55:56
5659,TCS,3924.08,741,-4.76,NORMAL,2026-09-20 13:55:57
5660,TATAMOTORS,614.05,994,-37.34,TRIGGERED,2026-09-20 13:55:57
5661,TCS,3924.07,1672,-4.76,NORMAL,2026-09-20 13:55:58
5662,SBIN,700.58,827,-14.56,TRIGGERED,2026-09-20 13:55:58
5663,ICICIBANK,1845.29,215,52.5,TRIGGERED,2026-09-20 13:55:58
5664,LT,3082.99,713,-14.83,TRIGGERED,2026-09-20 13:55:59
5665,ICICIBANK,1849.51,1370,52.85,TRIGGERED,2026-09-20 13:55:59
5666,SBIN,701.42,87,-14.46,TRIGGERED,2026-09-20 13:56:00
5667,SBIN,699.15,1308,-14.74,TRIGGERED,2026-09-20 13:56:00
5668,RELIANCE,3003.3,1076,0.78,NORMAL,2026-09-20 13:56:00
5669,HDFCBANK,834.45,1653,-49.43,TRIGGERED,2026-09-20 13:56:01
5670,TATAMOTORS,614.37,1055,-37.31,TRIGGERED,2026-09-20 13:56:01
5671,TCS,3913.64,945,-5.01,TRIGGERED,2026-09-20 13:56:02
5672,BHARTIARTL,1290.31,1387,-13.4,TRIGGERED,2026-09-20 13:56:02
5673,RELIANCE,3009.2,1798,0.98,NORMAL,2026-09-20 13:56:02
5674,BHARTIARTL,1291.59,924,-13.32,TRIGGERED,2026-09-20 13:56:03
5675,INFY,965.21,934,-46.97,TRIGGERED,2026-09-20 13:56:03
5676,RELIANCE,3020.63,666,1.36,NORMAL,2026-09-20 13:56:04
5677,TATAMOTORS,614.39,850,-37.31,TRIGGERED,2026-09-20 13:56:04
5678,ITC,748.82,293,52.82,TRIGGERED,2026-09-20 13:56:04
5679,TCS,3911.47,1297,-5.06,TRIGGERED,2026-09-20 13:56:05
5680,TCS,3903.1,1610,-5.26,TRIGGERED,2026-09-20 13:56:05
5681,TATAMOTORS,616.18,630,-37.12,TRIGGERED,2026-09-20 13:56:06
5682,ICICIBANK,1844.07,385,52.4,TRIGGERED,2026-09-20 13:56:06
5683,RELIANCE,3022.74,729,1.43,NORMAL,2026-09-20 13:56:06
5684,ITC,746.2,1646,52.29,TRIGGERED,2026-09-20 13:56:07
5685,LT,3083.15,229,-14.83,TRIGGERED,2026-09-20 13:56:07
5686,HDFCBANK,837.12,875,-49.27,TRIGGERED,2026-09-20 13:56:08
5687,BHARTIARTL,1295.65,751,-13.04,TRIGGERED,2026-09-20 13:56:08
5688,SBIN,698.86,1506,-14.77,TRIGGERED,2026-09-20 13:56:08
5689,RELIANCE,3029.73,136,1.67,NORMAL,2026-09-20 13:56:09
5690,TCS,3918.68,936,-4.89,NORMAL,2026-09-20 13:56:09
5691,TATAMOTORS,616.58,422,-37.08,TRIGGERED,2026-09-20 13:56:10
5692,LT,3078.48,601,-14.96,TRIGGERED,2026-09-20 13:56:10
5693,TCS,4134.21,1031,0.34,NORMAL,2026-09-20 13:56:10
5694,BHARTIARTL,1298.65,1891,-12.84,TRIGGERED,2026-09-20 13:56:11
5695,TATAMOTORS,616.18,144,-37.12,TRIGGERED,2026-09-20 13:56:11
5696,RELIANCE,3033.34,1481,1.79,NORMAL,2026-09-20 13:56:12
5697,BHARTIARTL,1297.38,859,-12.93,TRIGGERED,2026-09-20 13:56:12
5698,SBIN,699.6,767,-14.68,TRIGGERED,2026-09-20 13:56:12
5699,INFY,963.83,478,-47.04,TRIGGERED,2026-09-20 13:56:13
5700,TATAMOTORS,617.16,40,-37.02,TRIGGERED,2026-09-20 13:56:13
5701,TCS,4132.11,1417,0.29,NORMAL,2026-09-20 13:56:14
5702,INFY,910.82,1166,-49.95,TRIGGERED,2026-09-20 13:56:14
5703,ITC,747.28,555,52.51,TRIGGERED,2026-09-20 13:56:14
5704,HDFCBANK,835.56,1689,-49.36,TRIGGERED,2026-09-20 13:56:15
5705,HDFCBANK,835.66,1437,-49.35,TRIGGERED,2026-09-20 13:56:15
5706,ITC,746.92,458,52.43,TRIGGERED,2026-09-20 13:56:16
5707,LT,3071.01,1027,-15.17,TRIGGERED,2026-09-20 13:56:16
5708,ITC,749.07,414,52.87,TRIGGERED,2026-09-20 13:56:16
5709,ITC,790.27,1110,61.28,TRIGGERED,2026-09-20 13:56:17
5710,ITC,788.76,220,60.97,TRIGGERED,2026-09-20 13:56:17
5711,SBIN,698.07,1325,-14.87,TRIGGERED,2026-09-20 13:56:18
5712,SBIN,700.47,552,-14.58,TRIGGERED,2026-09-20 13:56:18
5713,SBIN,697.88,202,-14.89,TRIGGERED,2026-09-20 13:56:18
5714,BHARTIARTL,1297.9,737,-12.89,TRIGGERED,2026-09-20 13:56:19
5715,RELIANCE,2866.51,1417,-3.81,NORMAL,2026-09-20 13:56:19
5716,ITC,789.99,1793,61.22,TRIGGERED,2026-09-20 13:56:20
5717,LT,3076.32,1253,-15.02,TRIGGERED,2026-09-20 13:56:20
5718,ITC,792.12,1110,61.66,TRIGGERED,2026-09-20 13:56:21
5719,TCS,4142.81,859,0.55,NORMAL,2026-09-20 13:56:21
5720,HDFCBANK,834.35,60,-49.43,TRIGGERED,2026-09-20 13:56:21
5721,SBIN,700.35,402,-14.59,TRIGGERED,2026-09-20 13:56:22
5722,INFY,913.52,779,-49.81,TRIGGERED,2026-09-20 13:56:22
5723,HDFCBANK,834.45,1236,-49.43,TRIGGERED,2026-09-20 13:56:23
5724,LT,3071.4,1732,-15.15,TRIGGERED,2026-09-20 13:56:23
5725,LT,3077.37,1166,-14.99,TRIGGERED,2026-09-20 13:56:23
5726,TCS,4158.1,550,0.92,NORMAL,2026-09-20 13:56:24
5727,TCS,4153.98,1073,0.82,NORMAL,2026-09-20 13:56:24
5728,TATAMOTORS,615.82,808,-37.16,TRIGGERED,2026-09-20 13:56:25
5729,TCS,4158.33,400,0.93,NORMAL,2026-09-20 13:56:25
5730,LT,3089.32,71,-14.66,TRIGGERED,2026-09-20 13:56:25
5731,ICICIBANK,1839.01,1932,51.98,TRIGGERED,2026-09-20 13:56:26
5732,TATAMOTORS,615.13,1080,-37.23,TRIGGERED,2026-09-20 13:56:26
5733,HDFCBANK,834.62,166,-49.42,TRIGGERED,2026-09-20 13:56:27
5734,HDFCBANK,833.65,67,-49.48,TRIGGERED,2026-09-20 13:56:27
5735,BHARTIARTL,1293.47,855,-13.19,TRIGGERED,2026-09-20 13:56:27
5736,SBIN,700.37,1482,-14.59,TRIGGERED,2026-09-20 13:56:28
5737,ICICIBANK,1836.66,641,51.79,TRIGGERED,2026-09-20 13:56:28
5738,ICICIBANK,1836.95,186,51.81,TRIGGERED,2026-09-20 13:56:29
5739,INFY,915.24,1149,-49.71,TRIGGERED,2026-09-20 13:56:29
5740,RELIANCE,2870.6,601,-3.67,NORMAL,2026-09-20 13:56:29
5741,TCS,4387.04,137,6.48,TRIGGERED,2026-09-20 13:56:30
5742,LT,2919.41,715,-19.35,TRIGGERED,2026-09-20 13:56:30
5743,TATAMOTORS,616.95,1231,-37.05,TRIGGERED,2026-09-20 13:56:31
5744,ICICIBANK,1843.98,1543,52.4,TRIGGERED,2026-09-20 13:56:31
5745,HDFCBANK,834.83,1003,-49.4,TRIGGERED,2026-09-20 13:56:31
5746,INFY,913.39,696,-49.81,TRIGGERED,2026-09-20 13:56:32
5747,ICICIBANK,1841.56,1829,52.2,TRIGGERED,2026-09-20 13:56:32
5748,LT,2915.4,1749,-19.46,TRIGGERED,2026-09-20 13:56:33
5749,RELIANCE,2867.72,167,-3.77,NORMAL,2026-09-20 13:56:33
5750,TATAMOTORS,614.71,796,-37.27,TRIGGERED,2026-09-20 13:56:33
5751,TATAMOTORS,617.01,1982,-37.04,TRIGGERED,2026-09-20 13:56:34
5752,TCS,4394.26,1816,6.66,TRIGGERED,2026-09-20 13:56:34
5753,HDFCBANK,832.73,1355,-49.53,TRIGGERED,2026-09-20 13:56:35
5754,ITC,789.78,1318,61.18,TRIGGERED,2026-09-20 13:56:35
5755,HDFCBANK,834.93,1657,-49.4,TRIGGERED,2026-09-20 13:56:35
5756,LT,2755.05,1622,-23.89,TRIGGERED,2026-09-20 13:56:36
5757,ITC,787.18,1830,60.65,TRIGGERED,2026-09-20 13:56:36
5758,BHARTIARTL,1296.63,1235,-12.98,TRIGGERED,2026-09-20 13:56:37
5759,LT,2744.09,1351,-24.2,TRIGGERED,2026-09-20 13:56:37
5760,BHARTIARTL,1296.37,490,-13.0,TRIGGERED,2026-09-20 13:56:37
5761,TCS,4385.44,1277,6.44,TRIGGERED,2026-09-20 13:56:38
5762,TCS,4393.74,461,6.64,TRIGGERED,2026-09-20 13:56:38
5763,ITC,785.41,1629,60.29,TRIGGERED,2026-09-20 13:56:39
5764,ICICIBANK,1839.32,1716,52.01,TRIGGERED,2026-09-20 13:56:39
5765,ICICIBANK,1843.05,138,52.32,TRIGGERED,2026-09-20 13:56:39
5766,HDFCBANK,832.16,728,-49.57,TRIGGERED,2026-09-20 13:56:40
5767,ICICIBANK,1836.16,654,51.75,TRIGGERED,2026-09-20 13:56:40
5768,INFY,916.38,994,-49.65,TRIGGERED,2026-09-20 13:56:41
5769,INFY,919.66,624,-49.47,TRIGGERED,2026-09-20 13:56:41
5770,RELIANCE,2710.0,1370,-9.06,TRIGGERED,2026-09-20 13:56:41
5771,LT,2895.01,267,-20.03,TRIGGERED,2026-09-20 13:56:42
5772,SBIN,698.95,1487,-14.76,TRIGGERED,2026-09-20 13:56:42
5773,RELIANCE,2713.07,591,-8.96,TRIGGERED,2026-09-20 13:56:43
5774,ITC,786.25,940,60.46,TRIGGERED,2026-09-20 13:56:43
5775,RELIANCE,2716.6,1098,-8.84,TRIGGERED,2026-09-20 13:56:43
5776,BHARTIARTL,1299.42,1038,-12.79,TRIGGERED,2026-09-20 13:56:44
5777,TATAMOTORS,616.55,1258,-37.09,TRIGGERED,2026-09-20 13:56:44
5778,BHARTIARTL,1227.95,822,-17.59,TRIGGERED,2026-09-20 13:56:45
5779,ITC,786.19,1868,60.45,TRIGGERED,2026-09-20 13:56:45
5780,LT,2897.51,179,-19.96,TRIGGERED,2026-09-20 13:56:45
5781,SBIN,698.59,170,-14.81,TRIGGERED,2026-09-20 13:56:46
5782,BHARTIARTL,1227.3,280,-17.63,TRIGGERED,2026-09-20 13:56:46
5783,ICICIBANK,1830.95,706,51.32,TRIGGERED,2026-09-20 13:56:47
5784,ICICIBANK,1931.65,387,59.64,TRIGGERED,2026-09-20 13:56:47
5785,BHARTIARTL,1226.01,915,-17.72,TRIGGERED,2026-09-20 13:56:47
5786,SBIN,698.74,607,-14.79,TRIGGERED,2026-09-20 13:56:48
5787,RELIANCE,2718.95,300,-8.76,TRIGGERED,2026-09-20 13:56:48
5788,ICICIBANK,1927.33,125,59.28,TRIGGERED,2026-09-20 13:56:49
5789,ICICIBANK,1928.23,124,59.36,TRIGGERED,2026-09-20 13:56:49
5790,TCS,4380.07,543,6.31,TRIGGERED,2026-09-20 13:56:49
5791,ITC,786.94,351,60.6,TRIGGERED,2026-09-20 13:56:50
5792,ITC,789.21,1585,61.06,TRIGGERED,2026-09-20 13:56:50
5793,HDFCBANK,833.53,408,-49.48,TRIGGERED,2026-09-20 13:56:51
5794,BHARTIARTL,1222.42,1552,-17.96,TRIGGERED,2026-09-20 13:56:51
5795,TATAMOTORS,616.42,900,-37.1,TRIGGERED,2026-09-20 13:56:51
5796,BHARTIARTL,1223.92,588,-17.86,TRIGGERED,2026-09-20 13:56:52
5797,TCS,4139.17,1652,0.47,NORMAL,2026-09-20 13:56:52
5798,BHARTIARTL,1225.39,260,-17.76,TRIGGERED,2026-09-20 13:56:53
5799,HDFCBANK,836.49,507,-49.3,TRIGGERED,2026-09-20 13:56:53
5800,SBIN,701.14,458,-14.5,TRIGGERED,2026-09-20 13:56:53
5801,ICICIBANK,1926.8,1531,59.24,TRIGGERED,2026-09-20 13:56:54
5802,ICICIBANK,1932.59,779,59.72,TRIGGERED,2026-09-20 13:56:54
5803,TATAMOTORS,617.96,910,-36.94,TRIGGERED,2026-09-20 13:56:55
5804,TATAMOTORS,617.56,25,-36.98,TRIGGERED,2026-09-20 13:56:55
5805,INFY,917.48,617,-49.59,TRIGGERED,2026-09-20 13:56:55
5806,ITC,787.95,622,60.81,TRIGGERED,2026-09-20 13:56:56
5807,HDFCBANK,837.3,1469,-49.25,TRIGGERED,2026-09-20 13:56:56
5808,SBIN,698.75,1020,-14.79,TRIGGERED,2026-09-20 13:56:57
5809,RELIANCE,2724.37,1678,-8.58,TRIGGERED,2026-09-20 13:56:57
5810,ICICIBANK,1826.3,1292,50.93,TRIGGERED,2026-09-20 13:56:57
5811,RELIANCE,2713.94,1001,-8.93,TRIGGERED,2026-09-20 13:56:58
5812,TCS,4138.96,1491,0.46,NORMAL,2026-09-20 13:56:58
5813,LT,2904.97,630,-19.75,TRIGGERED,2026-09-20 13:56:59
5814,TATAMOTORS,615.3,1573,-37.21,TRIGGERED,2026-09-20 13:56:59
5815,TATAMOTORS,614.93,465,-37.25,TRIGGERED,2026-09-20 13:56:59
5816,SBIN,697.56,827,-14.93,TRIGGERED,2026-09-20 13:57:00
5817,ICICIBANK,1821.07,26,50.5,TRIGGERED,2026-09-20 13:57:00
5818,LT,2901.98,453,-19.83,TRIGGERED,2026-09-20 13:57:01
5819,RELIANCE,2724.71,1865,-8.57,TRIGGERED,2026-09-20 13:57:01
5820,TATAMOTORS,613.2,1646,-37.43,TRIGGERED,2026-09-20 13:57:01
5821,SBIN,696.57,959,-15.05,TRIGGERED,2026-09-20 13:57:02
5822,TATAMOTORS,646.93,786,-33.99,TRIGGERED,2026-09-20 13:57:02
5823,HDFCBANK,838.57,1919,-49.18,TRIGGERED,2026-09-20 13:57:03
5824,SBIN,697.91,1607,-14.89,TRIGGERED,2026-09-20 13:57:03
5825,INFY,915.22,1575,-49.71,TRIGGERED,2026-09-20 13:57:03
5826,ITC,788.32,645,60.88,TRIGGERED,2026-09-20 13:57:04
5827,RELIANCE,2721.97,1146,-8.66,TRIGGERED,2026-09-20 13:57:04
5828,ICICIBANK,1816.65,1022,50.14,TRIGGERED,2026-09-20 13:57:05
5829,RELIANCE,2714.37,928,-8.91,TRIGGERED,2026-09-20 13:57:05
5830,ITC,787.19,1555,60.65,TRIGGERED,2026-09-20 13:57:05
5831,ITC,788.04,1657,60.82,TRIGGERED,2026-09-20 13:57:06
5832,BHARTIARTL,1222.39,508,-17.96,TRIGGERED,2026-09-20 13:57:06
5833,LT,2907.45,879,-19.68,TRIGGERED,2026-09-20 13:57:07
5834,LT,2899.81,183,-19.89,TRIGGERED,2026-09-20 13:57:07
5835,BHARTIARTL,1220.73,237,-18.07,TRIGGERED,2026-09-20 13:57:07
5836,TCS,4144.77,1062,0.6,NORMAL,2026-09-20 13:57:08
5837,SBIN,695.89,365,-15.14,TRIGGERED,2026-09-20 13:57:08
5838,TATAMOTORS,645.2,886,-34.16,TRIGGERED,2026-09-20 13:57:09
5839,ITC,787.01,1870,60.61,TRIGGERED,2026-09-20 13:57:09
5840,TATAMOTORS,645.77,1265,-34.11,TRIGGERED,2026-09-20 13:57:09
5841,SBIN,694.08,458,-15.36,TRIGGERED,2026-09-20 13:57:10
5842,INFY,917.58,1892,-49.58,TRIGGERED,2026-09-20 13:57:10
5843,RELIANCE,2722.77,328,-8.63,TRIGGERED,2026-09-20 13:57:11
5844,TCS,4140.95,1630,0.51,NORMAL,2026-09-20 13:57:11
5845,ICICIBANK,1820.11,1602,50.42,TRIGGERED,2026-09-20 13:57:11
5846,ITC,787.07,597,60.63,TRIGGERED,2026-09-20 13:57:12
5847,RELIANCE,2725.78,1196,-8.53,TRIGGERED,2026-09-20 13:57:12
5848,ITC,785.32,127,60.27,TRIGGERED,2026-09-20 13:57:13
5849,RELIANCE,2718.2,308,-8.79,TRIGGERED,2026-09-20 13:57:13
5850,BHARTIARTL,1217.14,1384,-18.31,TRIGGERED,2026-09-20 13:57:13
5851,TCS,4157.27,736,0.9,NORMAL,2026-09-20 13:57:14
5852,TCS,4153.3,495,0.81,NORMAL,2026-09-20 13:57:14
5853,ICICIBANK,1816.27,1427,50.1,TRIGGERED,2026-09-20 13:57:15
5854,HDFCBANK,884.69,1676,-46.38,TRIGGERED,2026-09-20 13:57:15
5855,INFY,968.05,1894,-46.81,TRIGGERED,2026-09-20 13:57:15
5856,TATAMOTORS,644.8,1415,-34.2,TRIGGERED,2026-09-20 13:57:16
5857,HDFCBANK,933.35,1462,-43.43,TRIGGERED,2026-09-20 13:57:16
5858,INFY,970.33,433,-46.69,TRIGGERED,2026-09-20 13:57:17
5859,RELIANCE,2715.99,538,-8.86,TRIGGERED,2026-09-20 13:57:17
5860,LT,2904.44,180,-19.77,TRIGGERED,2026-09-20 13:57:17
5861,ITC,783.55,1983,59.91,TRIGGERED,2026-09-20 13:57:18
5862,INFY,972.27,841,-46.58,TRIGGERED,2026-09-20 13:57:18
5863,TCS,3924.87,815,-4.74,NORMAL,2026-09-20 13:57:19
5864,INFY,1025.74,323,-43.64,TRIGGERED,2026-09-20 13:57:19
5865,ITC,826.65,1079,68.7,TRIGGERED,2026-09-20 13:57:19
5866,LT,3064.18,122,-15.35,TRIGGERED,2026-09-20 13:57:20
5867,LT,3053.29,137,-15.65,TRIGGERED,2026-09-20 13:57:20
5868,HDFCBANK,934.5,366,-43.36,TRIGGERED,2026-09-20 13:57:21
5869,INFY,1023.84,266,-43.75,TRIGGERED,2026-09-20 13:57:21
5870,ICICIBANK,1818.98,937,50.33,TRIGGERED,2026-09-20 13:57:21
5871,INFY,1019.91,1620,-43.96,TRIGGERED,2026-09-20 13:57:22
5872,ICICIBANK,1816.7,1077,50.14,TRIGGERED,2026-09-20 13:57:22
5873,BHARTIARTL,1150.2,197,-22.81,TRIGGERED,2026-09-20 13:57:23
5874,HDFCBANK,985.9,1809,-40.25,TRIGGERED,2026-09-20 13:57:23
5875,ITC,828.99,782,69.18,TRIGGERED,2026-09-20 13:57:23
5876,ICICIBANK,1820.16,206,50.43,TRIGGERED,2026-09-20 13:57:24
5877,RELIANCE,2720.66,1689,-8.7,TRIGGERED,2026-09-20 13:57:24
5878,TCS,3914.69,763,-4.98,NORMAL,2026-09-20 13:57:25
5879,RELIANCE,2726.03,1071,-8.52,TRIGGERED,2026-09-20 13:57:25
5880,SBIN,695.85,360,-15.14,TRIGGERED,2026-09-20 13:57:25
5881,HDFCBANK,986.85,140,-40.19,TRIGGERED,2026-09-20 13:57:26
5882,ICICIBANK,1819.87,1598,50.4,TRIGGERED,2026-09-20 13:57:26
5883,BHARTIARTL,1150.09,580,-22.81,TRIGGERED,2026-09-20 13:57:27
5884,RELIANCE,2716.94,59,-8.83,TRIGGERED,2026-09-20 13:57:27
5885,BHARTIARTL,1149.12,406,-22.88,TRIGGERED,2026-09-20 13:57:27
5886,SBIN,693.85,556,-15.38,TRIGGERED,2026-09-20 13:57:28
5887,BHARTIARTL,1148.49,1204,-22.92,TRIGGERED,2026-09-20 13:57:28
5888,INFY,1022.71,274,-43.81,TRIGGERED,2026-09-20 13:57:29
5889,ITC,826.8,1054,68.73,TRIGGERED,2026-09-20 13:57:29
5890,ITC,827.41,368,68.86,TRIGGERED,2026-09-20 13:57:29
5891,LT,2885.36,1296,-20.29,TRIGGERED,2026-09-20 13:57:30
5892,HDFCBANK,984.99,1357,-40.3,TRIGGERED,2026-09-20 13:57:30
5893,INFY,1020.14,1806,-43.95,TRIGGERED,2026-09-20 13:57:31
5894,LT,2876.8,1293,-20.53,TRIGGERED,2026-09-20 13:57:31
5895,BHARTIARTL,1085.32,1465,-27.16,TRIGGERED,2026-09-20 13:57:31
5896,ICICIBANK,1814.08,1795,49.92,TRIGGERED,2026-09-20 13:57:32
5897,SBIN,691.09,38,-15.72,TRIGGERED,2026-09-20 13:57:32
5898,INFY,1018.67,1398,-44.03,TRIGGERED,2026-09-20 13:57:33
5899,BHARTIARTL,1081.16,1605,-27.44,TRIGGERED,2026-09-20 13:57:33
5900,SBIN,691.28,1296,-15.7,TRIGGERED,2026-09-20 13:57:33
5901,ICICIBANK,1817.0,65,50.17,TRIGGERED,2026-09-20 13:57:34
5902,LT,2877.85,1939,-20.5,TRIGGERED,2026-09-20 13:57:34
5903,ICICIBANK,1822.36,326,50.61,TRIGGERED,2026-09-20 13:57:35
5904,LT,2719.57,746,-24.87,TRIGGERED,2026-09-20 13:57:35
5905,TCS,3901.19,1748,-5.31,TRIGGERED,2026-09-20 13:57:35
5906,INFY,1018.85,514,-44.02,TRIGGERED,2026-09-20 13:57:36
5907,SBIN,690.78,1489,-15.76,TRIGGERED,2026-09-20 13:57:36
5908,HDFCBANK,983.05,1188,-40.42,TRIGGERED,2026-09-20 13:57:37
5909,ITC,781.9,169,59.57,TRIGGERED,2026-09-20 13:57:37
5910,INFY,1021.15,1201,-43.89,TRIGGERED,2026-09-20 13:57:38
5911,ICICIBANK,1822.5,1433,50.62,TRIGGERED,2026-09-20 13:57:38
5912,SBIN,688.14,1562,-16.08,TRIGGERED,2026-09-20 13:57:38
5913,BHARTIARTL,1079.64,631,-27.54,TRIGGERED,2026-09-20 13:57:39
5914,HDFCBANK,982.15,1886,-40.48,TRIGGERED,2026-09-20 13:57:39
5915,ITC,784.84,169,60.17,TRIGGERED,2026-09-20 13:57:40
5916,BHARTIARTL,1075.67,1282,-27.81,TRIGGERED,2026-09-20 13:57:40
5917,INFY,1023.29,34,-43.78,TRIGGERED,2026-09-20 13:57:40
5918,LT,2725.41,1767,-24.71,TRIGGERED,2026-09-20 13:57:41
5919,TCS,3900.61,1913,-5.32,TRIGGERED,2026-09-20 13:57:41
5920,ITC,786.68,1937,60.55,TRIGGERED,2026-09-20 13:57:42
5921,BHARTIARTL,1016.51,84,-31.78,TRIGGERED,2026-09-20 13:57:42
5922,SBIN,686.23,1819,-16.31,TRIGGERED,2026-09-20 13:57:42
5923,HDFCBANK,984.44,758,-40.34,TRIGGERED,2026-09-20 13:57:43
5924,ICICIBANK,1818.68,1614,50.3,TRIGGERED,2026-09-20 13:57:43
5925,RELIANCE,2724.79,535,-8.56,TRIGGERED,2026-09-20 13:57:44
5926,SBIN,688.08,1930,-16.09,TRIGGERED,2026-09-20 13:57:44
5927,TCS,3890.61,686,-5.57,TRIGGERED,2026-09-20 13:57:44
5928,INFY,1024.19,556,-43.73,TRIGGERED,2026-09-20 13:57:45
5929,RELIANCE,2735.59,402,-8.2,TRIGGERED,2026-09-20 13:57:45
5930,LT,2727.41,648,-24.66,TRIGGERED,2026-09-20 13:57:46
5931,ITC,785.46,148,60.3,TRIGGERED,2026-09-20 13:57:46
5932,TCS,3887.46,1447,-5.64,TRIGGERED,2026-09-20 13:57:46
5933,TATAMOTORS,645.06,1376,-34.18,TRIGGERED,2026-09-20 13:57:47
5934,SBIN,686.91,868,-16.23,TRIGGERED,2026-09-20 13:57:47
5935,INFY,1023.05,1472,-43.79,TRIGGERED,2026-09-20 13:57:48
5936,RELIANCE,2726.81,1752,-8.5,TRIGGERED,2026-09-20 13:57:48
5937,ITC,786.74,1376,60.56,TRIGGERED,2026-09-20 13:57:48
5938,SBIN,688.0,66,-16.1,TRIGGERED,2026-09-20 13:57:49
5939,RELIANCE,2726.88,1553,-8.49,TRIGGERED,2026-09-20 13:57:49
5940,RELIANCE,2731.22,1277,-8.35,TRIGGERED,2026-09-20 13:57:50
5941,HDFCBANK,981.02,618,-40.54,TRIGGERED,2026-09-20 13:57:50
5942,ITC,743.47,1951,51.73,TRIGGERED,2026-09-20 13:57:50
5943,LT,2721.1,908,-24.83,TRIGGERED,2026-09-20 13:57:51
5944,SBIN,690.36,1497,-15.81,TRIGGERED,2026-09-20 13:57:51
5945,RELIANCE,2730.15,1422,-8.38,TRIGGERED,2026-09-20 13:57:52
5946,HDFCBANK,979.37,565,-40.64,TRIGGERED,2026-09-20 13:57:52
5947,INFY,1023.69,1602,-43.75,TRIGGERED,2026-09-20 13:57:52
5948,ICICIBANK,1815.83,1910,50.07,TRIGGERED,2026-09-20 13:57:53
5949,RELIANCE,2723.04,1939,-8.62,TRIGGERED,2026-09-20 13:57:53
5950,SBIN,688.72,1695,-16.01,TRIGGERED,2026-09-20 13:57:54
5951,SBIN,688.89,1753,-15.99,TRIGGERED,2026-09-20 13:57:54
5952,LT,2720.32,1513,-24.85,TRIGGERED,2026-09-20 13:57:54
5953,SBIN,726.78,321,-11.37,TRIGGERED,2026-09-20 13:57:55
5954,ITC,741.62,1341,51.35,TRIGGERED,2026-09-20 13:57:55
5955,HDFCBANK,982.38,878,-40.46,TRIGGERED,2026-09-20 13:57:56
5956,HDFCBANK,984.73,233,-40.32,TRIGGERED,2026-09-20 13:57:56
5957,TCS,3878.96,1720,-5.85,TRIGGERED,2026-09-20 13:57:56
5958,BHARTIARTL,1014.93,1354,-31.88,TRIGGERED,2026-09-20 13:57:57
5959,BHARTIARTL,1015.1,445,-31.87,TRIGGERED,2026-09-20 13:57:57
5960,HDFCBANK,985.51,1768,-40.27,TRIGGERED,2026-09-20 13:57:58
5961,RELIANCE,2727.44,1226,-8.48,TRIGGERED,2026-09-20 13:57:58
5962,LT,2722.94,1083,-24.78,TRIGGERED,2026-09-20 13:57:58
5963,HDFCBANK,989.01,1155,-40.06,TRIGGERED,2026-09-20 13:57:59
5964,ICICIBANK,1811.71,115,49.73,TRIGGERED,2026-09-20 13:57:59
5965,TCS,3893.08,1635,-5.51,TRIGGERED,2026-09-20 13:58:00
5966,INFY,1022.47,706,-43.82,TRIGGERED,2026-09-20 13:58:00
5967,HDFCBANK,988.34,1240,-40.1,TRIGGERED,2026-09-20 13:58:00
5968,BHARTIARTL,1016.06,1244,-31.81,TRIGGERED,2026-09-20 13:58:01
5969,SBIN,725.67,451,-11.5,TRIGGERED,2026-09-20 13:58:01
5970,HDFCBANK,985.46,1713,-40.28,TRIGGERED,2026-09-20 13:58:02
5971,ITC,740.6,896,51.14,TRIGGERED,2026-09-20 13:58:02
5972,ICICIBANK,1811.91,1306,49.74,TRIGGERED,2026-09-20 13:58:02
5973,HDFCBANK,984.24,101,-40.35,TRIGGERED,2026-09-20 13:58:03
5974,HDFCBANK,984.2,619,-40.35,TRIGGERED,2026-09-20 13:58:03
5975,ICICIBANK,1809.32,1269,49.53,TRIGGERED,2026-09-20 13:58:04
5976,BHARTIARTL,1018.43,219,-31.65,TRIGGERED,2026-09-20 13:58:04
5977,TCS,3901.31,590,-5.31,TRIGGERED,2026-09-20 13:58:04
5978,HDFCBANK,1038.33,232,-37.07,TRIGGERED,2026-09-20 13:58:05
5979,ICICIBANK,1811.04,1825,49.67,TRIGGERED,2026-09-20 13:58:05
5980,ITC,741.59,582,51.34,TRIGGERED,2026-09-20 13:58:06
5981,TATAMOTORS,645.96,1395,-34.09,TRIGGERED,2026-09-20 13:58:06
5982,RELIANCE,2722.32,1337,-8.65,TRIGGERED,2026-09-20 13:58:06
5983,BHARTIARTL,1022.2,923,-31.4,TRIGGERED,2026-09-20 13:58:07
5984,ITC,738.76,258,50.77,TRIGGERED,2026-09-20 13:58:07
5985,SBIN,724.97,1021,-11.59,TRIGGERED,2026-09-20 13:58:08
5986,TATAMOTORS,647.16,1244,-33.96,TRIGGERED,2026-09-20 13:58:08
5987,ICICIBANK,1808.1,1246,49.43,TRIGGERED,2026-09-20 13:58:08
5988,LT,2716.74,137,-24.95,TRIGGERED,2026-09-20 13:58:09
5989,ICICIBANK,1812.19,1911,49.77,TRIGGERED,2026-09-20 13:58:09
5990,ITC,740.64,1678,51.15,TRIGGERED,2026-09-20 13:58:10
5991,ITC,741.16,1496,51.26,TRIGGERED,2026-09-20 13:58:10
5992,ICICIBANK,1808.19,277,49.44,TRIGGERED,2026-09-20 13:58:10
5993,TATAMOTORS,649.2,1248,-33.76,TRIGGERED,2026-09-20 13:58:11
5994,SBIN,685.1,974,-16.45,TRIGGERED,2026-09-20 13:58:11
5995,RELIANCE,2730.83,453,-8.36,TRIGGERED,2026-09-20 13:58:12
5996,INFY,1019.81,1121,-43.97,TRIGGERED,2026-09-20 13:58:12
5997,RELIANCE,2580.63,944,-13.4,TRIGGERED,2026-09-20 13:58:12
5998,TATAMOTORS,647.88,1357,-33.89,TRIGGERED,2026-09-20 13:58:13
5999,RELIANCE,2722.56,1458,-8.64,TRIGGERED,2026-09-20 13:58:13
6000,TCS,3895.74,1454,-5.44,TRIGGERED,2026-09-20 13:58:14
6001,LT,2713.99,1913,-25.03,TRIGGERED,2026-09-20 13:58:14
6002,ICICIBANK,1805.89,1410,49.25,TRIGGERED,2026-09-20 13:58:14
6003,LT,2712.21,1462,-25.08,TRIGGERED,2026-09-20 13:58:15
6004,ICICIBANK,1802.1,1884,48.93,TRIGGERED,2026-09-20 13:58:15
6005,LT,2708.94,615,-25.17,TRIGGERED,2026-09-20 13:58:16
6006,HDFCBANK,1035.81,978,-37.22,TRIGGERED,2026-09-20 13:58:16
6007,LT,2717.32,53,-24.94,TRIGGERED,2026-09-20 13:58:16
6008,RELIANCE,2716.52,1328,-8.84,TRIGGERED,2026-09-20 13:58:17
6009,HDFCBANK,1038.82,1034,-37.04,TRIGGERED,2026-09-20 13:58:17
6010,ICICIBANK,1808.21,1770,49.44,TRIGGERED,2026-09-20 13:58:18
6011,TCS,3892.7,1159,-5.52,TRIGGERED,2026-09-20 13:58:18
6012,HDFCBANK,1037.44,1040,-37.12,TRIGGERED,2026-09-20 13:58:18
6013,RELIANCE,2719.32,300,-8.75,TRIGGERED,2026-09-20 13:58:19
6014,RELIANCE,2719.82,988,-8.73,TRIGGERED,2026-09-20 13:58:19
6015,TCS,3889.25,1001,-5.6,TRIGGERED,2026-09-20 13:58:20
6016,TATAMOTORS,647.64,137,-33.91,TRIGGERED,2026-09-20 13:58:20
6017,INFY,1019.11,1887,-44.0,TRIGGERED,2026-09-20 13:58:20
6018,LT,2718.06,1835,-24.92,TRIGGERED,2026-09-20 13:58:21
6019,BHARTIARTL,965.98,590,-35.17,TRIGGERED,2026-09-20 13:58:21
6020,TATAMOTORS,646.61,1788,-34.02,TRIGGERED,2026-09-20 13:58:22
6021,ITC,743.92,1614,51.82,TRIGGERED,2026-09-20 13:58:22
6022,BHARTIARTL,963.09,701,-35.36,TRIGGERED,2026-09-20 13:58:22
6023,SBIN,686.36,1089,-16.3,TRIGGERED,2026-09-20 13:58:23
6024,SBIN,687.61,1138,-16.15,TRIGGERED,2026-09-20 13:58:23
6025,INFY,1022.41,884,-43.82,TRIGGERED,2026-09-20 13:58:24
6026,TCS,3881.97,1259,-5.78,TRIGGERED,2026-09-20 13:58:24
6027,LT,2719.97,364,-24.86,TRIGGERED,2026-09-20 13:58:24
6028,INFY,1023.29,559,-43.78,TRIGGERED,2026-09-20 13:58:25
6029,SBIN,649.79,1706,-20.76,TRIGGERED,2026-09-20 13:58:25
6030,TATAMOTORS,646.98,108,-33.98,TRIGGERED,2026-09-20 13:58:26
6031,SBIN,647.42,52,-21.05,TRIGGERED,2026-09-20 13:58:26
6032,ICICIBANK,1807.39,1340,49.37,TRIGGERED,2026-09-20 13:58:26
6033,HDFCBANK,1035.35,1115,-37.25,TRIGGERED,2026-09-20 13:58:27
6034,SBIN,646.58,1514,-21.15,TRIGGERED,2026-09-20 13:58:27
6035,BHARTIARTL,1016.06,711,-31.81,TRIGGERED,2026-09-20 13:58:28
6036,ITC,745.96,639,52.24,TRIGGERED,2026-09-20 13:58:28
6037,ICICIBANK,1800.29,73,48.78,TRIGGERED,2026-09-20 13:58:28
6038,TATAMOTORS,682.56,1545,-30.35,TRIGGERED,2026-09-20 13:58:29
6039,TATAMOTORS,683.48,1306,-30.26,TRIGGERED,2026-09-20 13:58:29
6040,ITC,747.59,1204,52.57,TRIGGERED,2026-09-20 13:58:30
6041,TCS,3874.05,777,-5.97,TRIGGERED,2026-09-20 13:58:30
6042,SBIN,644.4,1448,-21.41,TRIGGERED,2026-09-20 13:58:30
6043,TATAMOTORS,683.83,1059,-30.22,TRIGGERED,2026-09-20 13:58:31
6044,SBIN,643.75,1843,-21.49,TRIGGERED,2026-09-20 13:58:31
6045,ITC,747.07,1490,52.46,TRIGGERED,2026-09-20 13:58:32
6046,ICICIBANK,1800.89,1663,48.83,TRIGGERED,2026-09-20 13:58:32
6047,ITC,748.42,1067,52.74,TRIGGERED,2026-09-20 13:58:32
6048,BHARTIARTL,1017.88,1466,-31.69,TRIGGERED,2026-09-20 13:58:33
6049,ITC,747.46,516,52.54,TRIGGERED,2026-09-20 13:58:33
6050,HDFCBANK,1034.16,1226,-37.32,TRIGGERED,2026-09-20 13:58:34
6051,ICICIBANK,1807.42,365,49.37,TRIGGERED,2026-09-20 13:58:34
6052,INFY,1026.62,271,-43.59,TRIGGERED,2026-09-20 13:58:34
6053,ITC,748.88,1711,52.83,TRIGGERED,2026-09-20 13:58:35
6054,ICICIBANK,1708.01,955,41.16,TRIGGERED,2026-09-20 13:58:35
6055,RELIANCE,2570.23,822,-13.75,TRIGGERED,2026-09-20 13:58:36
6056,ITC,748.0,1537,52.65,TRIGGERED,2026-09-20 13:58:36
6057,ITC,746.64,516,52.38,TRIGGERED,2026-09-20 13:58:36
6058,INFY,1025.61,42,-43.65,TRIGGERED,2026-09-20 13:58:37
6059,SBIN,643.82,985,-21.49,TRIGGERED,2026-09-20 13:58:37
6060,BHARTIARTL,1014.46,376,-31.92,TRIGGERED,2026-09-20 13:58:38
6061,LT,2726.59,189,-24.68,TRIGGERED,2026-09-20 13:58:38
6062,LT,2736.59,1351,-24.4,TRIGGERED,2026-09-20 13:58:38
6063,TATAMOTORS,684.36,1648,-30.17,TRIGGERED,2026-09-20 13:58:39
6064,SBIN,645.67,1229,-21.26,TRIGGERED,2026-09-20 13:58:39
6065,TATAMOTORS,686.02,1961,-30.0,TRIGGERED,2026-09-20 13:58:40
6066,ITC,748.98,1108,52.85,TRIGGERED,2026-09-20 13:58:40
6067,TCS,3863.09,1746,-6.24,TRIGGERED,2026-09-20 13:58:40
6068,HDFCBANK,1035.57,1493,-37.24,TRIGGERED,2026-09-20 13:58:41
6069,INFY,1022.08,1195,-43.84,TRIGGERED,2026-09-20 13:58:41
6070,BHARTIARTL,1014.41,1337,-31.92,TRIGGERED,2026-09-20 13:58:42
6071,TATAMOTORS,684.36,634,-30.17,TRIGGERED,2026-09-20 13:58:42
6072,TCS,4075.56,1347,-1.08,NORMAL,2026-09-20 13:58:43
6073,ITC,747.48,1665,52.55,TRIGGERED,2026-09-20 13:58:43
6074,TATAMOTORS,686.51,624,-29.95,TRIGGERED,2026-09-20 13:58:43
6075,ICICIBANK,1708.35,682,41.19,TRIGGERED,2026-09-20 13:58:44
6076,SBIN,643.49,1331,-21.53,TRIGGERED,2026-09-20 13:58:44
6077,SBIN,645.34,1894,-21.3,TRIGGERED,2026-09-20 13:58:45
6078,SBIN,643.4,1748,-21.54,TRIGGERED,2026-09-20 13:58:45
6079,TATAMOTORS,724.27,1359,-26.09,TRIGGERED,2026-09-20 13:58:45
6080,TCS,4068.27,685,-1.26,NORMAL,2026-09-20 13:58:46
6081,TATAMOTORS,723.1,111,-26.21,TRIGGERED,2026-09-20 13:58:46
6082,ICICIBANK,1708.59,1079,41.21,TRIGGERED,2026-09-20 13:58:47
6083,BHARTIARTL,1017.07,1432,-31.74,TRIGGERED,2026-09-20 13:58:47
6084,LT,2730.69,1917,-24.57,TRIGGERED,2026-09-20 13:58:47
6085,ICICIBANK,1707.83,973,41.14,TRIGGERED,2026-09-20 13:58:48
6086,LT,2722.29,1564,-24.8,TRIGGERED,2026-09-20 13:58:48
6087,HDFCBANK,1035.85,1474,-37.22,TRIGGERED,2026-09-20 13:58:49
6088,TATAMOTORS,725.51,940,-25.97,TRIGGERED,2026-09-20 13:58:49
6089,RELIANCE,2563.65,1032,-13.97,TRIGGERED,2026-09-20 13:58:49
6090,HDFCBANK,1039.6,173,-36.99,TRIGGERED,2026-09-20 13:58:50
6091,TATAMOTORS,723.33,1864,-26.19,TRIGGERED,2026-09-20 13:58:50
6092,INFY,1021.45,34,-43.88,TRIGGERED,2026-09-20 13:58:51
6093,ITC,745.59,1406,52.16,TRIGGERED,2026-09-20 13:58:51
6094,RELIANCE,2560.08,619,-14.09,TRIGGERED,2026-09-20 13:58:51
6095,TCS,4077.36,170,-1.03,NORMAL,2026-09-20 13:58:52
6096,HDFCBANK,1036.7,1383,-37.17,TRIGGERED,2026-09-20 13:58:52
6097,HDFCBANK,1040.28,439,-36.95,TRIGGERED,2026-09-20 13:58:53
6098,ICICIBANK,1702.97,1838,40.74,TRIGGERED,2026-09-20 13:58:53
6099,HDFCBANK,1036.29,1724,-37.19,TRIGGERED,2026-09-20 13:58:53
6100,BHARTIARTL,1021.13,1512,-31.47,TRIGGERED,2026-09-20 13:58:54
6101,BHARTIARTL,1020.66,298,-31.5,TRIGGERED,2026-09-20 13:58:54
6102,SBIN,644.26,1404,-21.43,TRIGGERED,2026-09-20 13:58:55
6103,TATAMOTORS,725.09,1832,-26.01,TRIGGERED,2026-09-20 13:58:55
6104,BHARTIARTL,1018.1,143,-31.67,TRIGGERED,2026-09-20 13:58:55
6105,ICICIBANK,1698.57,1338,40.38,TRIGGERED,2026-09-20 13:58:56
6106,BHARTIARTL,1019.48,1093,-31.58,TRIGGERED,2026-09-20 13:58:56
6107,INFY,1020.8,297,-43.91,TRIGGERED,2026-09-20 13:58:57
6108,TATAMOTORS,725.54,1036,-25.97,TRIGGERED,2026-09-20 13:58:57
6109,INFY,1017.48,798,-44.09,TRIGGERED,2026-09-20 13:58:57
6110,LT,2729.26,1082,-24.61,TRIGGERED,2026-09-20 13:58:58
6111,ITC,743.66,344,51.77,TRIGGERED,2026-09-20 13:58:58
6112,SBIN,645.96,1287,-21.22,TRIGGERED,2026-09-20 13:58:59
6113,LT,2728.02,626,-24.64,TRIGGERED,2026-09-20 13:58:59
6114,SBIN,647.73,1566,-21.01,TRIGGERED,2026-09-20 13:58:59
6115,ITC,784.56,1567,60.11,TRIGGERED,2026-09-20 13:59:00
6116,HDFCBANK,1093.29,1724,-33.74,TRIGGERED,2026-09-20 13:59:00
6117,INFY,1019.59,1748,-43.98,TRIGGERED,2026-09-20 13:59:01
6118,RELIANCE,2558.13,611,-14.16,TRIGGERED,2026-09-20 13:59:01
6119,SBIN,645.76,266,-21.25,TRIGGERED,2026-09-20 13:59:01
6120,INFY,1020.66,1533,-43.92,TRIGGERED,2026-09-20 13:59:02
6121,SBIN,644.89,770,-21.35,TRIGGERED,2026-09-20 13:59:02
6122,ICICIBANK,1692.02,1713,39.84,TRIGGERED,2026-09-20 13:59:03
6123,BHARTIARTL,1016.68,1749,-31.77,TRIGGERED,2026-09-20 13:59:03
6124,LT,2717.97,1201,-24.92,TRIGGERED,2026-09-20 13:59:03
6125,TATAMOTORS,724.59,913,-26.06,TRIGGERED,2026-09-20 13:59:04
6126,SBIN,646.47,956,-21.16,TRIGGERED,2026-09-20 13:59:04
6127,SBIN,644.91,1816,-21.35,TRIGGERED,2026-09-20 13:59:05
6128,ITC,782.75,417,59.74,TRIGGERED,2026-09-20 13:59:05
6129,BHARTIARTL,1014.69,658,-31.9,TRIGGERED,2026-09-20 13:59:05
6130,ITC,784.93,854,60.19,TRIGGERED,2026-09-20 13:59:06
6131,HDFCBANK,1153.42,318,-30.1,TRIGGERED,2026-09-20 13:59:06
6132,HDFCBANK,1149.26,533,-30.35,TRIGGERED,2026-09-20 13:59:07
6133,ICICIBANK,1692.81,1704,39.9,TRIGGERED,2026-09-20 13:59:07
6134,ICICIBANK,1686.19,1169,39.35,TRIGGERED,2026-09-20 13:59:07
6135,INFY,1021.02,534,-43.9,TRIGGERED,2026-09-20 13:59:08
6136,ICICIBANK,1689.68,983,39.64,TRIGGERED,2026-09-20 13:59:08
6137,RELIANCE,2564.5,313,-13.94,TRIGGERED,2026-09-20 13:59:09
6138,TCS,4084.61,229,-0.86,NORMAL,2026-09-20 13:59:09
6139,RELIANCE,2423.45,1520,-18.68,TRIGGERED,2026-09-20 13:59:09
6140,INFY,1017.5,319,-44.09,TRIGGERED,2026-09-20 13:59:10
6141,HDFCBANK,1144.73,1998,-30.62,TRIGGERED,2026-09-20 13:59:10
6142,RELIANCE,2430.69,786,-18.43,TRIGGERED,2026-09-20 13:59:11
6143,INFY,1018.53,1519,-44.04,TRIGGERED,2026-09-20 13:59:11
6144,LT,2720.0,1842,-24.86,TRIGGERED,2026-09-20 13:59:11
6145,ITC,786.19,1477,60.45,TRIGGERED,2026-09-20 13:59:12
6146,BHARTIARTL,1014.67,1247,-31.9,TRIGGERED,2026-09-20 13:59:12
6147,ITC,788.27,1863,60.87,TRIGGERED,2026-09-20 13:59:13
6148,INFY,1022.36,1065,-43.83,TRIGGERED,2026-09-20 13:59:13
6149,SBIN,646.3,967,-21.18,TRIGGERED,2026-09-20 13:59:13
6150,BHARTIARTL,1018.13,1750,-31.67,TRIGGERED,2026-09-20 13:59:14
6151,LT,2722.22,475,-24.8,TRIGGERED,2026-09-20 13:59:14
6152,LT,2723.37,1695,-24.77,TRIGGERED,2026-09-20 13:59:15
6153,HDFCBANK,1147.68,1188,-30.44,TRIGGERED,2026-09-20 13:59:15
6154,SBIN,647.7,114,-21.01,TRIGGERED,2026-09-20 13:59:15
6155,LT,2732.37,592,-24.52,TRIGGERED,2026-09-20 13:59:16
6156,RELIANCE,2424.05,523,-18.66,TRIGGERED,2026-09-20 13:59:16
6157,TCS,4096.42,62,-0.57,NORMAL,2026-09-20 13:59:17
6158,ICICIBANK,1686.77,1972,39.4,TRIGGERED,2026-09-20 13:59:17
6159,BHARTIARTL,1021.07,1265,-31.47,TRIGGERED,2026-09-20 13:59:17
6160,ITC,791.2,353,61.47,TRIGGERED,2026-09-20 13:59:18
6161,TCS,3871.12,1177,-6.04,TRIGGERED,2026-09-20 13:59:18
6162,LT,2727.01,1516,-24.67,TRIGGERED,2026-09-20 13:59:19
6163,SBIN,645.27,175,-21.31,TRIGGERED,2026-09-20 13:59:19
6164,LT,2724.3,422,-24.74,TRIGGERED,2026-09-20 13:59:19
6165,HDFCBANK,1144.94,752,-30.61,TRIGGERED,2026-09-20 13:59:20
6166,SBIN,643.39,1752,-21.54,TRIGGERED,2026-09-20 13:59:20
6167,SBIN,641.21,1998,-21.8,TRIGGERED,2026-09-20 13:59:21
6168,ITC,791.84,1373,61.6,TRIGGERED,2026-09-20 13:59:21
6169,LT,2874.14,111,-20.6,TRIGGERED,2026-09-20 13:59:21
6170,ITC,793.69,1438,61.98,TRIGGERED,2026-09-20 13:59:22
6171,TCS,3879.72,1106,-5.83,TRIGGERED,2026-09-20 13:59:22
6172,INFY,1018.85,1171,-44.02,TRIGGERED,2026-09-20 13:59:23
6173,SBIN,638.89,1719,-22.09,TRIGGERED,2026-09-20 13:59:23
6174,LT,2880.93,1968,-20.42,TRIGGERED,2026-09-20 13:59:23
6175,RELIANCE,2433.06,1101,-18.35,TRIGGERED,2026-09-20 13:59:24
6176,LT,2882.77,1521,-20.37,TRIGGERED,2026-09-20 13:59:24
6177,LT,2877.73,523,-20.5,TRIGGERED,2026-09-20 13:59:25
6178,ITC,796.22,689,62.49,TRIGGERED,2026-09-20 13:59:25
6179,TCS,3868.25,1022,-6.11,TRIGGERED,2026-09-20 13:59:25
6180,HDFCBANK,1149.25,1552,-30.35,TRIGGERED,2026-09-20 13:59:26
6181,LT,2866.41,1225,-20.82,TRIGGERED,2026-09-20 13:59:26
6182,SBIN,640.39,128,-21.9,TRIGGERED,2026-09-20 13:59:27
6183,TATAMOTORS,725.54,237,-25.97,TRIGGERED,2026-09-20 13:59:27
6184,ICICIBANK,1686.15,69,39.35,TRIGGERED,2026-09-20 13:59:27
6185,ITC,752.43,294,53.56,TRIGGERED,2026-09-20 13:59:28
6186,SBIN,638.14,1128,-22.18,TRIGGERED,2026-09-20 13:59:28
6187,ITC,750.42,776,53.15,TRIGGERED,2026-09-20 13:59:29
6188,TATAMOTORS,726.86,1917,-25.83,TRIGGERED,2026-09-20 13:59:29
6189,BHARTIARTL,1017.05,1001,-31.74,TRIGGERED,2026-09-20 13:59:29
6190,LT,2855.05,1431,-21.13,TRIGGERED,2026-09-20 13:59:30
6191,INFY,1017.64,327,-44.09,TRIGGERED,2026-09-20 13:59:30
6192,INFY,1015.14,1948,-44.22,TRIGGERED,2026-09-20 13:59:31
6193,HDFCBANK,1150.02,1075,-30.3,TRIGGERED,2026-09-20 13:59:31
6194,ITC,752.01,245,53.47,TRIGGERED,2026-09-20 13:59:31
6195,RELIANCE,2439.51,1017,-18.14,TRIGGERED,2026-09-20 13:59:32
6196,ICICIBANK,1681.92,313,39.0,TRIGGERED,2026-09-20 13:59:32
6197,INFY,959.31,902,-47.29,TRIGGERED,2026-09-20 13:59:33
6198,TCS,4081.0,990,-0.95,NORMAL,2026-09-20 13:59:33
6199,TCS,4092.17,1366,-0.68,NORMAL,2026-09-20 13:59:33
6200,SBIN,639.1,1854,-22.06,TRIGGERED,2026-09-20 13:59:34
6201,RELIANCE,2447.71,1599,-17.86,TRIGGERED,2026-09-20 13:59:34
6202,ICICIBANK,1681.59,68,38.97,TRIGGERED,2026-09-20 13:59:35
6203,ICICIBANK,1677.81,322,38.66,TRIGGERED,2026-09-20 13:59:35
6204,ITC,752.83,35,53.64,TRIGGERED,2026-09-20 13:59:35
6205,INFY,958.64,33,-47.33,TRIGGERED,2026-09-20 13:59:36
6206,TCS,4092.14,1619,-0.68,NORMAL,2026-09-20 13:59:36
6207,BHARTIARTL,1019.13,1484,-31.6,TRIGGERED,2026-09-20 13:59:37
6208,TCS,4099.52,1686,-0.5,NORMAL,2026-09-20 13:59:37
6209,RELIANCE,2457.15,328,-17.55,TRIGGERED,2026-09-20 13:59:37
6210,ITC,750.32,1735,53.13,TRIGGERED,2026-09-20 13:59:38
6211,LT,2849.11,1190,-21.3,TRIGGERED,2026-09-20 13:59:38
6212,LT,2857.5,1828,-21.06,TRIGGERED,2026-09-20 13:59:39
6213,TATAMOTORS,724.86,1588,-26.03,TRIGGERED,2026-09-20 13:59:39
6214,BHARTIARTL,1020.58,1378,-31.5,TRIGGERED,2026-09-20 13:59:39
6215,LT,2860.48,250,-20.98,TRIGGERED,2026-09-20 13:59:40
6216,ICICIBANK,1681.24,455,38.95,TRIGGERED,2026-09-20 13:59:40
6217,SBIN,640.79,1509,-21.85,TRIGGERED,2026-09-20 13:59:41
6218,HDFCBANK,1145.65,934,-30.57,TRIGGERED,2026-09-20 13:59:41
6219,HDFCBANK,1147.32,733,-30.47,TRIGGERED,2026-09-20 13:59:41
6220,TCS,4101.41,1597,-0.45,NORMAL,2026-09-20 13:59:42
6221,INFY,955.07,1179,-47.52,TRIGGERED,2026-09-20 13:59:42
6222,TCS,4107.7,715,-0.3,NORMAL,2026-09-20 13:59:43
6223,RELIANCE,2450.05,1831,-17.78,TRIGGERED,2026-09-20 13:59:43
6224,ICICIBANK,1684.37,1682,39.2,TRIGGERED,2026-09-20 13:59:43
6225,INFY,952.2,771,-47.68,TRIGGERED,2026-09-20 13:59:44
6226,RELIANCE,2447.78,1427,-17.86,TRIGGERED,2026-09-20 13:59:44
6227,TATAMOTORS,726.79,667,-25.84,TRIGGERED,2026-09-20 13:59:45
6228,RELIANCE,2313.15,116,-22.38,TRIGGERED,2026-09-20 13:59:45
6229,TATAMOTORS,723.89,1780,-26.13,TRIGGERED,2026-09-20 13:59:45
6230,LT,2865.48,844,-20.84,TRIGGERED,2026-09-20 13:59:46
6231,LT,2864.26,899,-20.88,TRIGGERED,2026-09-20 13:59:46
6232,TATAMOTORS,721.1,569,-26.42,TRIGGERED,2026-09-20 13:59:47
6233,LT,2873.45,1811,-20.62,TRIGGERED,2026-09-20 13:59:47
6234,TATAMOTORS,723.67,944,-26.16,TRIGGERED,2026-09-20 13:59:48
6235,TCS,4104.1,1951,-0.39,NORMAL,2026-09-20 13:59:48
6236,TATAMOTORS,723.48,1976,-26.18,TRIGGERED,2026-09-20 13:59:48
6237,ITC,749.28,1099,52.91,TRIGGERED,2026-09-20 13:59:49
6238,SBIN,640.06,1241,-21.94,TRIGGERED,2026-09-20 13:59:49
6239,LT,2866.78,1979,-20.81,TRIGGERED,2026-09-20 13:59:50
6240,HDFCBANK,1143.11,1338,-30.72,TRIGGERED,2026-09-20 13:59:50
6241,INFY,952.1,1764,-47.69,TRIGGERED,2026-09-20 13:59:50
6242,LT,2875.33,1584,-20.57,TRIGGERED,2026-09-20 13:59:51
6243,TCS,4115.13,298,-0.12,NORMAL,2026-09-20 13:59:51
6244,TCS,4101.32,1425,-0.45,NORMAL,2026-09-20 13:59:52
6245,TATAMOTORS,720.95,1435,-26.43,TRIGGERED,2026-09-20 13:59:52
6246,ITC,749.0,1611,52.86,TRIGGERED,2026-09-20 13:59:52
6247,BHARTIARTL,1020.76,363,-31.49,TRIGGERED,2026-09-20 13:59:53
6248,LT,2882.97,1337,-20.36,TRIGGERED,2026-09-20 13:59:53
6249,ITC,747.16,200,52.48,TRIGGERED,2026-09-20 13:59:54
6250,ITC,749.46,1859,52.95,TRIGGERED,2026-09-20 13:59:54
6251,RELIANCE,2310.56,602,-22.46,TRIGGERED,2026-09-20 13:59:54
6252,BHARTIARTL,1017.7,1712,-31.7,TRIGGERED,2026-09-20 13:59:55
6253,TATAMOTORS,760.6,1015,-22.39,TRIGGERED,2026-09-20 13:59:55
6254,ITC,752.26,1634,53.52,TRIGGERED,2026-09-20 13:59:56
6255,ICICIBANK,1591.73,1923,31.55,TRIGGERED,2026-09-20 13:59:56
6256,LT,2882.3,1778,-20.38,TRIGGERED,2026-09-20 13:59:56
6257,RELIANCE,2312.79,1455,-22.39,TRIGGERED,2026-09-20 13:59:57
6258,LT,2880.72,1801,-20.42,TRIGGERED,2026-09-20 13:59:57
6259,HDFCBANK,1205.98,1593,-26.91,TRIGGERED,2026-09-20 13:59:58
6260,TCS,4111.76,1733,-0.2,NORMAL,2026-09-20 13:59:58
6261,TATAMOTORS,762.01,529,-22.24,TRIGGERED,2026-09-20 13:59:58
6262,LT,2872.54,623,-20.65,TRIGGERED,2026-09-20 13:59:59
6263,SBIN,638.47,425,-22.14,TRIGGERED,2026-09-20 13:59:59
6264,ITC,750.25,1959,53.11,TRIGGERED,2026-09-20 14:00:00
6265,BHARTIARTL,1014.56,844,-31.91,TRIGGERED,2026-09-20 14:00:00
6266,INFY,949.66,480,-47.82,TRIGGERED,2026-09-20 14:00:00
6267,BHARTIARTL,1070.36,1296,-28.16,TRIGGERED,2026-09-20 14:00:01
6268,BHARTIARTL,1068.26,1090,-28.3,TRIGGERED,2026-09-20 14:00:01
6269,INFY,953.41,1063,-47.61,TRIGGERED,2026-09-20 14:00:02
6270,TATAMOTORS,760.82,1218,-22.37,TRIGGERED,2026-09-20 14:00:02
6271,RELIANCE,2439.99,1460,-18.12,TRIGGERED,2026-09-20 14:00:02
6272,RELIANCE,2445.24,735,-17.94,TRIGGERED,2026-09-20 14:00:03
6273,HDFCBANK,1207.94,1544,-26.79,TRIGGERED,2026-09-20 14:00:03
6274,RELIANCE,2453.25,920,-17.68,TRIGGERED,2026-09-20 14:00:04
6275,LT,2861.58,806,-20.95,TRIGGERED,2026-09-20 14:00:04
6276,TCS,4102.89,149,-0.42,NORMAL,2026-09-20 14:00:04
6277,BHARTIARTL,1068.8,534,-28.27,TRIGGERED,2026-09-20 14:00:05
6278,ICICIBANK,1591.63,729,31.54,TRIGGERED,2026-09-20 14:00:05
6279,LT,2868.05,991,-20.77,TRIGGERED,2026-09-20 14:00:06
6280,INFY,953.76,580,-47.6,TRIGGERED,2026-09-20 14:00:06
6281,BHARTIARTL,1066.67,593,-28.41,TRIGGERED,2026-09-20 14:00:06
6282,INFY,954.9,1229,-47.53,TRIGGERED,2026-09-20 14:00:07
6283,TATAMOTORS,762.96,311,-22.15,TRIGGERED,2026-09-20 14:00:07
6284,INFY,952.11,402,-47.69,TRIGGERED,2026-09-20 14:00:08
6285,TATAMOTORS,764.03,1106,-22.04,TRIGGERED,2026-09-20 14:00:08
6286,TCS,4117.9,815,-0.05,NORMAL,2026-09-20 14:00:08
6287,BHARTIARTL,1125.34,726,-24.47,TRIGGERED,2026-09-20 14:00:09
6288,SBIN,638.39,746,-22.15,TRIGGERED,2026-09-20 14:00:09
6289,SBIN,639.16,1112,-22.05,TRIGGERED,2026-09-20 14:00:10
6290,TCS,4107.27,751,-0.31,NORMAL,2026-09-20 14:00:10
6291,INFY,953.61,1049,-47.6,TRIGGERED,2026-09-20 14:00:10
6292,TCS,4121.55,1463,0.04,NORMAL,2026-09-20 14:00:11
6293,HDFCBANK,1207.97,1329,-26.79,TRIGGERED,2026-09-20 14:00:11
6294,HDFCBANK,1205.56,1974,-26.94,TRIGGERED,2026-09-20 14:00:12
6295,BHARTIARTL,1063.45,1257,-28.63,TRIGGERED,2026-09-20 14:00:12
6296,RELIANCE,2454.0,1233,-17.65,TRIGGERED,2026-09-20 14:00:12
6297,SBIN,639.93,1053,-21.96,TRIGGERED,2026-09-20 14:00:13
6298,ICICIBANK,1591.89,451,31.56,TRIGGERED,2026-09-20 14:00:13
6299,RELIANCE,2450.92,1980,-17.75,TRIGGERED,2026-09-20 14:00:14
6300,SBIN,642.02,1666,-21.7,TRIGGERED,2026-09-20 14:00:14
6301,TCS,4129.5,68,0.23,NORMAL,2026-09-20 14:00:14
6302,ICICIBANK,1591.14,1623,31.5,TRIGGERED,2026-09-20 14:00:15
6303,BHARTIARTL,1061.78,354,-28.74,TRIGGERED,2026-09-20 14:00:15
6304,BHARTIARTL,1062.69,978,-28.68,TRIGGERED,2026-09-20 14:00:16
6305,INFY,956.09,372,-47.47,TRIGGERED,2026-09-20 14:00:16
6306,RELIANCE,2450.21,1942,-17.78,TRIGGERED,2026-09-20 14:00:16
6307,ICICIBANK,1591.38,1001,31.52,TRIGGERED,2026-09-20 14:00:17
6308,SBIN,639.91,322,-21.96,TRIGGERED,2026-09-20 14:00:17
6309,ICICIBANK,1591.61,652,31.54,TRIGGERED,2026-09-20 14:00:18
6310,RELIANCE,2447.12,1130,-17.88,TRIGGERED,2026-09-20 14:00:18
6311,SBIN,639.03,1013,-22.07,TRIGGERED,2026-09-20 14:00:18
6312,SBIN,641.33,1062,-21.79,TRIGGERED,2026-09-20 14:00:19
6313,TCS,4126.37,1743,0.15,NORMAL,2026-09-20 14:00:19
6314,TCS,4139.49,302,0.47,NORMAL,2026-09-20 14:00:20
6315,SBIN,638.77,1125,-22.1,TRIGGERED,2026-09-20 14:00:20
6316,RELIANCE,2450.07,1767,-17.78,TRIGGERED,2026-09-20 14:00:20
6317,HDFCBANK,1208.96,1690,-26.73,TRIGGERED,2026-09-20 14:00:21
6318,ITC,751.62,273,53.39,TRIGGERED,2026-09-20 14:00:21
6319,SBIN,641.14,1914,-21.81,TRIGGERED,2026-09-20 14:00:22
6320,HDFCBANK,1211.47,1663,-26.58,TRIGGERED,2026-09-20 14:00:22
6321,HDFCBANK,1214.79,593,-26.38,TRIGGERED,2026-09-20 14:00:22
6322,LT,2868.32,681,-20.76,TRIGGERED,2026-09-20 14:00:23
6323,BHARTIARTL,1062.34,338,-28.7,TRIGGERED,2026-09-20 14:00:23
6324,TCS,4152.53,387,0.79,NORMAL,2026-09-20 14:00:24
6325,TATAMOTORS,762.64,147,-22.18,TRIGGERED,2026-09-20 14:00:24
6326,TATAMOTORS,760.18,314,-22.43,TRIGGERED,2026-09-20 14:00:24
6327,TCS,4156.83,322,0.89,NORMAL,2026-09-20 14:00:25
6328,RELIANCE,2450.23,464,-17.78,TRIGGERED,2026-09-20 14:00:25
6329,ITC,752.16,982,53.5,TRIGGERED,2026-09-20 14:00:26
6330,TATAMOTORS,758.95,768,-22.56,TRIGGERED,2026-09-20 14:00:26
6331,TATAMOTORS,758.24,227,-22.63,TRIGGERED,2026-09-20 14:00:26
6332,TATAMOTORS,760.3,1851,-22.42,TRIGGERED,2026-09-20 14:00:27
6333,INFY,955.15,1465,-47.52,TRIGGERED,2026-09-20 14:00:27
6334,INFY,955.2,449,-47.52,TRIGGERED,2026-09-20 14:00:28
6335,TATAMOTORS,762.28,503,-22.22,TRIGGERED,2026-09-20 14:00:28
6336,ITC,750.69,201,53.2,TRIGGERED,2026-09-20 14:00:28
6337,SBIN,641.58,1199,-21.76,TRIGGERED,2026-09-20 14:00:29
6338,ICICIBANK,1587.45,936,31.19,TRIGGERED,2026-09-20 14:00:29
6339,TATAMOTORS,764.09,1550,-22.03,TRIGGERED,2026-09-20 14:00:30
6340,BHARTIARTL,1059.92,949,-28.86,TRIGGERED,2026-09-20 14:00:30
6341,HDFCBANK,1216.5,823,-26.27,TRIGGERED,2026-09-20 16:27:31
6342,INFY,956.97,1858,-47.42,TRIGGERED,2026-09-20 16:27:31
6343,BHARTIARTL,1056.62,1425,-29.09,TRIGGERED,2026-09-20 16:27:32
6344,INFY,959.44,557,-47.28,TRIGGERED,2026-09-20 16:27:32
6345,TATAMOTORS,766.05,1759,-21.83,TRIGGERED,2026-09-20 16:27:32
6346,TCS,4158.91,1589,0.94,NORMAL,2026-09-20 16:27:33
6347,ITC,748.48,943,52.75,TRIGGERED,2026-09-20 16:27:34
6348,ITC,748.1,2000,52.67,TRIGGERED,2026-09-20 16:27:34
6349,RELIANCE,2447.54,222,-17.87,TRIGGERED,2026-09-20 16:27:35
6350,BHARTIARTL,1055.48,1796,-29.16,TRIGGERED,2026-09-20 16:27:36
6351,SBIN,639.25,1868,-22.04,TRIGGERED,2026-09-20 16:27:36
6352,LT,2867.5,715,-20.79,TRIGGERED,2026-09-20 16:27:36
6353,BHARTIARTL,1056.86,1345,-29.07,TRIGGERED,2026-09-20 16:27:37
6354,SBIN,638.02,104,-22.19,TRIGGERED,2026-09-20 16:27:37
6355,TATAMOTORS,764.64,516,-21.98,TRIGGERED,2026-09-20 16:27:38
6356,TATAMOTORS,764.37,1917,-22.0,TRIGGERED,2026-09-20 16:27:38
6357,RELIANCE,2447.54,643,-17.87,TRIGGERED,2026-09-20 16:27:38
6358,LT,2860.23,752,-20.99,TRIGGERED,2026-09-20 16:27:39
6359,TATAMOTORS,722.33,239,-26.29,TRIGGERED,2026-09-20 16:27:39
6360,ICICIBANK,1588.33,1092,31.27,TRIGGERED,2026-09-20 16:27:40
6361,SBIN,638.62,1044,-22.12,TRIGGERED,2026-09-20 16:27:40
6362,BHARTIARTL,1054.99,1144,-29.2,TRIGGERED,2026-09-20 16:27:41
6363,ICICIBANK,1587.86,1652,31.23,TRIGGERED,2026-09-20 16:27:41
6364,TCS,4154.76,332,0.84,NORMAL,2026-09-20 16:27:41
6365,SBIN,638.06,1229,-22.19,TRIGGERED,2026-09-20 16:27:42
6366,TCS,4157.55,390,0.91,NORMAL,2026-09-20 16:27:42
6367,TCS,4140.96,1900,0.51,NORMAL,2026-09-20 16:27:43
6368,LT,2862.81,323,-20.92,TRIGGERED,2026-09-20 16:27:43
6369,RELIANCE,2443.52,278,-18.0,TRIGGERED,2026-09-20 16:27:44
6370,TATAMOTORS,724.1,762,-26.11,TRIGGERED,2026-09-20 16:27:44
6371,SBIN,639.73,683,-21.98,TRIGGERED,2026-09-20 16:27:44
6372,INFY,962.92,632,-47.09,TRIGGERED,2026-09-20 16:27:45
6373,RELIANCE,2442.61,50,-18.03,TRIGGERED,2026-09-20 16:27:45
6374,HDFCBANK,1220.79,478,-26.01,TRIGGERED,2026-09-20 16:27:46
6375,TATAMOTORS,763.93,1662,-22.05,TRIGGERED,2026-09-20 16:27:46
6376,SBIN,642.22,347,-21.68,TRIGGERED,2026-09-20 16:27:47
6377,TCS,4157.43,1729,0.91,NORMAL,2026-09-20 16:27:47
6378,ICICIBANK,1592.07,1146,31.58,TRIGGERED,2026-09-20 16:27:48
6379,ICICIBANK,1597.71,1050,32.04,TRIGGERED,2026-09-20 16:27:48
6380,ITC,745.12,823,52.07,TRIGGERED,2026-09-20 16:27:48
6381,TATAMOTORS,765.88,1068,-21.85,TRIGGERED,2026-09-20 16:27:49
6382,INFY,966.4,1406,-46.9,TRIGGERED,2026-09-20 16:27:49
6383,HDFCBANK,1217.47,1043,-26.21,TRIGGERED,2026-09-20 16:27:50
6384,LT,2870.11,411,-20.72,TRIGGERED,2026-09-20 16:27:50
6385,BHARTIARTL,1056.24,444,-29.11,TRIGGERED,2026-09-20 16:27:51
6386,BHARTIARTL,1054.59,212,-29.22,TRIGGERED,2026-09-20 16:27:51
6387,ITC,745.25,1647,52.09,TRIGGERED,2026-09-20 16:27:51
6388,TCS,4146.46,1665,0.64,NORMAL,2026-09-20 16:27:52
6389,ITC,743.66,1608,51.77,TRIGGERED,2026-09-20 16:27:52
6390,SBIN,643.09,1412,-21.57,TRIGGERED,2026-09-20 16:27:53
6391,LT,2866.17,258,-20.82,TRIGGERED,2026-09-20 16:27:53
6392,BHARTIARTL,1053.0,1757,-29.33,TRIGGERED,2026-09-20 16:27:53
6393,BHARTIARTL,1054.15,151,-29.25,TRIGGERED,2026-09-20 16:27:54
6394,ITC,740.97,1433,51.22,TRIGGERED,2026-09-20 16:27:54
6395,TCS,4154.45,525,0.84,NORMAL,2026-09-20 16:27:55
6396,LT,2858.03,1443,-21.05,TRIGGERED,2026-09-20 16:27:55
6397,TCS,4144.38,1991,0.59,NORMAL,2026-09-20 16:27:55
6398,TCS,3916.44,57,-4.94,NORMAL,2026-09-20 16:27:56
6399,LT,2859.39,1294,-21.01,TRIGGERED,2026-09-20 16:27:56
6400,LT,2864.33,1384,-20.87,TRIGGERED,2026-09-20 16:27:57
6401,TCS,3906.39,436,-5.18,TRIGGERED,2026-09-20 16:27:57
6402,SBIN,641.6,1882,-21.76,TRIGGERED,2026-09-20 16:27:57
6403,TCS,3920.29,1573,-4.85,NORMAL,2026-09-20 16:27:58
6404,TATAMOTORS,764.7,1756,-21.97,TRIGGERED,2026-09-20 16:27:58
6405,LT,2856.39,618,-21.09,TRIGGERED,2026-09-20 16:27:59
6406,ITC,740.37,1143,51.1,TRIGGERED,2026-09-20 16:27:59
6407,ITC,738.31,34,50.68,TRIGGERED,2026-09-20 16:27:59
6408,HDFCBANK,1221.12,145,-25.99,TRIGGERED,2026-09-20 16:28:00
6409,BHARTIARTL,996.17,1626,-33.14,TRIGGERED,2026-09-20 16:28:00
6410,SBIN,641.75,1974,-21.74,TRIGGERED,2026-09-20 16:28:01
6411,RELIANCE,2432.84,1130,-18.36,TRIGGERED,2026-09-20 16:28:01
6412,RELIANCE,2434.86,1500,-18.29,TRIGGERED,2026-09-20 16:28:01
6413,INFY,1019.55,1664,-43.98,TRIGGERED,2026-09-20 16:28:02
6414,RELIANCE,2439.56,746,-18.14,TRIGGERED,2026-09-20 16:28:02
6415,SBIN,640.59,1354,-21.88,TRIGGERED,2026-09-20 16:28:03
6416,SBIN,638.93,1817,-22.08,TRIGGERED,2026-09-20 16:28:03
6417,ICICIBANK,1601.0,933,32.31,TRIGGERED,2026-09-20 16:28:03
6418,TATAMOTORS,764.92,1988,-21.95,TRIGGERED,2026-09-20 16:28:04
6419,TCS,3910.46,467,-5.09,TRIGGERED,2026-09-20 16:28:04
6420,ITC,739.95,31,51.01,TRIGGERED,2026-09-20 16:28:05
6421,LT,2856.45,374,-21.09,TRIGGERED,2026-09-20 16:28:05
6422,ICICIBANK,1595.43,1117,31.85,TRIGGERED,2026-09-20 16:28:05
6423,LT,2855.72,709,-21.11,TRIGGERED,2026-09-20 16:28:06
6424,TATAMOTORS,765.8,1391,-21.86,TRIGGERED,2026-09-20 16:28:06
6425,TCS,3926.03,585,-4.71,NORMAL,2026-09-20 16:28:07
6426,LT,2844.32,825,-21.43,TRIGGERED,2026-09-20 16:28:07
6427,HDFCBANK,1225.54,563,-25.72,TRIGGERED,2026-09-20 16:28:07
6428,RELIANCE,2432.88,1526,-18.36,TRIGGERED,2026-09-20 16:28:08
6429,HDFCBANK,1226.27,1598,-25.68,TRIGGERED,2026-09-20 16:28:08
6430,ICICIBANK,1589.27,206,31.34,TRIGGERED,2026-09-20 16:28:09
6431,HDFCBANK,1229.8,1907,-25.47,TRIGGERED,2026-09-20 16:28:09
6432,ITC,742.67,123,51.57,TRIGGERED,2026-09-20 16:28:09
6433,LT,2845.55,1422,-21.39,TRIGGERED,2026-09-20 16:28:10
6434,BHARTIARTL,998.38,366,-32.99,TRIGGERED,2026-09-20 16:28:10
6435,TCS,3913.08,344,-5.02,TRIGGERED,2026-09-20 16:28:11
6436,LT,2846.38,1317,-21.37,TRIGGERED,2026-09-20 16:28:11
6437,HDFCBANK,1230.62,743,-25.42,TRIGGERED,2026-09-20 16:28:11
6438,SBIN,603.79,718,-26.37,TRIGGERED,2026-09-20 16:28:12
6439,INFY,1022.16,306,-43.84,TRIGGERED,2026-09-20 16:28:12
6440,SBIN,602.89,299,-26.48,TRIGGERED,2026-09-20 16:28:13
6441,TCS,3927.41,1597,-4.67,NORMAL,2026-09-20 16:28:13
6442,INFY,1018.61,1463,-44.03,TRIGGERED,2026-09-20 16:28:13
6443,ICICIBANK,1592.97,1821,31.65,TRIGGERED,2026-09-20 16:28:14
6444,SBIN,601.76,275,-26.61,TRIGGERED,2026-09-20 16:28:14
6445,HDFCBANK,1298.3,1482,-21.32,TRIGGERED,2026-09-20 16:28:15
6446,INFY,1074.63,1555,-40.95,TRIGGERED,2026-09-20 16:28:15
6447,TCS,3921.36,1760,-4.82,NORMAL,2026-09-20 16:28:15
6448,HDFCBANK,1302.29,277,-21.07,TRIGGERED,2026-09-20 16:28:16
6449,TATAMOTORS,767.19,1327,-21.72,TRIGGERED,2026-09-20 16:28:16
6450,RELIANCE,2424.68,1864,-18.63,TRIGGERED,2026-09-20 16:28:17
6451,INFY,1077.86,354,-40.78,TRIGGERED,2026-09-20 16:28:17
6452,LT,2836.8,1586,-21.64,TRIGGERED,2026-09-20 16:28:17
6453,TATAMOTORS,765.7,1987,-21.87,TRIGGERED,2026-09-20 16:28:18
6454,ICICIBANK,1598.55,1325,32.11,TRIGGERED,2026-09-20 16:28:18
6455,HDFCBANK,1373.92,645,-16.73,TRIGGERED,2026-09-20 16:28:19
6456,SBIN,601.34,1961,-26.67,TRIGGERED,2026-09-20 16:28:19
6457,INFY,1078.75,106,-40.73,TRIGGERED,2026-09-20 16:28:19
6458,ITC,744.96,1111,52.03,TRIGGERED,2026-09-20 16:28:20
6459,BHARTIARTL,1001.7,704,-32.77,TRIGGERED,2026-09-20 16:28:20
6460,RELIANCE,2416.28,444,-18.92,TRIGGERED,2026-09-20 16:28:21
6461,TATAMOTORS,764.58,1265,-21.98,TRIGGERED,2026-09-20 16:28:21
6462,SBIN,601.75,838,-26.62,TRIGGERED,2026-09-20 16:28:21
6463,ICICIBANK,1604.13,70,32.57,TRIGGERED,2026-09-20 16:28:22
6464,ICICIBANK,1608.06,1810,32.9,TRIGGERED,2026-09-20 16:28:22
6465,ICICIBANK,1605.28,1937,32.67,TRIGGERED,2026-09-20 16:28:23
6466,LT,2846.07,759,-21.38,TRIGGERED,2026-09-20 16:28:23
6467,ICICIBANK,1599.73,961,32.21,TRIGGERED,2026-09-20 16:28:23
6468,SBIN,568.65,590,-30.65,TRIGGERED,2026-09-20 16:28:24
6469,RELIANCE,2283.38,1239,-23.38,TRIGGERED,2026-09-20 16:28:24
6470,LT,2841.06,801,-21.52,TRIGGERED,2026-09-20 16:28:25
6471,RELIANCE,2276.47,880,-23.61,TRIGGERED,2026-09-20 16:28:25
6472,BHARTIARTL,1003.71,701,-32.64,TRIGGERED,2026-09-20 16:28:25
6473,TATAMOTORS,763.48,1014,-22.09,TRIGGERED,2026-09-20 16:28:26
6474,TCS,3906.75,290,-5.18,TRIGGERED,2026-09-20 16:28:26
6475,TCS,3911.18,638,-5.07,TRIGGERED,2026-09-20 16:28:27
6476,LT,2832.42,572,-21.76,TRIGGERED,2026-09-20 16:28:27
6477,HDFCBANK,1375.06,196,-16.66,TRIGGERED,2026-09-20 16:28:27
6478,SBIN,568.61,57,-30.66,TRIGGERED,2026-09-20 16:28:28
6479,SBIN,569.33,1257,-30.57,TRIGGERED,2026-09-20 16:28:28
6480,ICICIBANK,1604.39,770,32.59,TRIGGERED,2026-09-20 16:28:29
6481,INFY,1082.18,1743,-40.54,TRIGGERED,2026-09-20 16:28:29
6482,ICICIBANK,1604.21,1191,32.58,TRIGGERED,2026-09-20 16:28:29
6483,ITC,785.93,563,60.39,TRIGGERED,2026-09-20 16:28:30
6484,BHARTIARTL,1058.91,663,-28.93,TRIGGERED,2026-09-20 16:28:30
6485,HDFCBANK,1380.1,53,-16.36,TRIGGERED,2026-09-20 16:28:31
6486,SBIN,569.27,1728,-30.58,TRIGGERED,2026-09-20 16:28:31
6487,HDFCBANK,1374.86,402,-16.68,TRIGGERED,2026-09-20 16:28:31
6488,SBIN,569.91,1543,-30.5,TRIGGERED,2026-09-20 16:28:32
6489,ITC,784.14,1023,60.03,TRIGGERED,2026-09-20 16:28:32
6490,LT,2676.64,1508,-26.06,TRIGGERED,2026-09-20 16:28:33
6491,ICICIBANK,1604.17,468,32.58,TRIGGERED,2026-09-20 16:28:33
6492,TATAMOTORS,762.6,443,-22.18,TRIGGERED,2026-09-20 16:28:33
6493,BHARTIARTL,1060.29,1186,-28.84,TRIGGERED,2026-09-20 16:28:34
6494,RELIANCE,2268.9,1914,-23.86,TRIGGERED,2026-09-20 16:28:34
6495,INFY,1080.61,1073,-40.63,TRIGGERED,2026-09-20 16:28:35
6496,SBIN,569.94,1310,-30.5,TRIGGERED,2026-09-20 16:28:35
6497,ICICIBANK,1599.37,654,32.18,TRIGGERED,2026-09-20 16:28:35
6498,INFY,1079.7,1166,-40.68,TRIGGERED,2026-09-20 16:28:36
6499,TCS,3906.37,1235,-5.19,TRIGGERED,2026-09-20 16:28:36
6500,LT,2666.53,742,-26.34,TRIGGERED,2026-09-20 16:28:37
6501,ITC,827.27,1769,68.83,TRIGGERED,2026-09-20 16:28:37
6502,RELIANCE,2266.95,667,-23.93,TRIGGERED,2026-09-20 16:28:37
6503,INFY,1075.97,1605,-40.88,TRIGGERED,2026-09-20 16:28:38
6504,RELIANCE,2270.99,427,-23.79,TRIGGERED,2026-09-20 16:28:38
6505,TCS,3906.13,166,-5.19,TRIGGERED,2026-09-20 16:28:39
6506,INFY,1078.0,78,-40.77,TRIGGERED,2026-09-20 16:28:39
6507,HDFCBANK,1370.37,581,-16.95,TRIGGERED,2026-09-20 16:28:39
6508,LT,2662.46,486,-26.45,TRIGGERED,2026-09-20 16:28:40
6509,ICICIBANK,1593.97,1138,31.73,TRIGGERED,2026-09-20 16:28:40
6510,INFY,1078.95,1762,-40.72,TRIGGERED,2026-09-20 16:28:41
6511,TCS,4120.97,152,0.02,NORMAL,2026-09-20 16:28:41
6512,HDFCBANK,1370.21,725,-16.96,TRIGGERED,2026-09-20 16:28:41
6513,RELIANCE,2277.69,687,-23.57,TRIGGERED,2026-09-20 16:28:42
6514,BHARTIARTL,1058.28,233,-28.97,TRIGGERED,2026-09-20 16:28:42
6515,HDFCBANK,1445.57,1893,-12.39,TRIGGERED,2026-09-20 16:28:43
6516,ITC,824.54,378,68.27,TRIGGERED,2026-09-20 16:28:43
6517,INFY,1076.67,1462,-40.84,TRIGGERED,2026-09-20 16:28:43
6518,INFY,1079.66,198,-40.68,TRIGGERED,2026-09-20 16:28:44
6519,TCS,4132.24,402,0.3,NORMAL,2026-09-20 16:28:44
6520,INFY,1078.65,1488,-40.73,TRIGGERED,2026-09-20 16:28:45
6521,ICICIBANK,1595.46,188,31.86,TRIGGERED,2026-09-20 16:28:45
6522,TATAMOTORS,762.11,1995,-22.23,TRIGGERED,2026-09-20 16:28:45
6523,SBIN,568.74,1399,-30.64,TRIGGERED,2026-09-20 16:28:46
6524,TATAMOTORS,764.52,622,-21.99,TRIGGERED,2026-09-20 16:28:46
6525,TATAMOTORS,764.98,1236,-21.94,TRIGGERED,2026-09-20 16:28:47
6526,RELIANCE,2283.05,744,-23.39,TRIGGERED,2026-09-20 16:28:47
6527,RELIANCE,2291.77,604,-23.09,TRIGGERED,2026-09-20 16:28:47
6528,RELIANCE,2296.01,1728,-22.95,TRIGGERED,2026-09-20 16:28:48
6529,TCS,4118.7,373,-0.03,NORMAL,2026-09-20 16:28:48
6530,TATAMOTORS,765.6,1627,-21.88,TRIGGERED,2026-09-20 16:28:49
6531,HDFCBANK,1446.77,434,-12.32,TRIGGERED,2026-09-20 16:28:49
6532,HDFCBANK,1442.47,1854,-12.58,TRIGGERED,2026-09-20 16:28:50
6533,HDFCBANK,1444.87,857,-12.43,TRIGGERED,2026-09-20 16:28:50
6534,TCS,4121.43,1323,0.03,NORMAL,2026-09-20 16:28:50
6535,SBIN,568.85,374,-30.63,TRIGGERED,2026-09-20 16:28:51
6536,ICICIBANK,1592.82,1804,31.64,TRIGGERED,2026-09-20 16:28:51
6537,INFY,1081.37,165,-40.58,TRIGGERED,2026-09-20 16:28:52
6538,RELIANCE,2295.7,1839,-22.96,TRIGGERED,2026-09-20 16:28:52
6539,ICICIBANK,1587.28,1015,31.18,TRIGGERED,2026-09-20 16:28:52
6540,SBIN,566.63,506,-30.9,TRIGGERED,2026-09-20 16:28:53
6541,TCS,4131.23,898,0.27,NORMAL,2026-09-20 16:28:53
6542,INFY,1081.14,226,-40.6,TRIGGERED,2026-09-20 16:28:54
6543,LT,2667.54,478,-26.31,TRIGGERED,2026-09-20 16:28:54
6544,INFY,1080.91,1097,-40.61,TRIGGERED,2026-09-20 16:28:54
6545,LT,2668.2,1542,-26.29,TRIGGERED,2026-09-20 16:28:55
6546,INFY,1079.95,1601,-40.66,TRIGGERED,2026-09-20 16:28:55
6547,TATAMOTORS,723.49,1577,-26.17,TRIGGERED,2026-09-20 16:28:56
6548,ICICIBANK,1588.9,1954,31.31,TRIGGERED,2026-09-20 16:28:56
6549,ITC,821.68,792,67.69,TRIGGERED,2026-09-20 16:28:56
6550,RELIANCE,2288.71,1989,-23.2,TRIGGERED,2026-09-20 16:28:57
6551,ICICIBANK,1587.61,241,31.21,TRIGGERED,2026-09-20 16:28:57
6552,BHARTIARTL,1056.96,434,-29.06,TRIGGERED,2026-09-20 16:28:58
6553,HDFCBANK,1445.18,1074,-12.41,TRIGGERED,2026-09-20 16:28:58
6554,SBIN,566.47,394,-30.92,TRIGGERED,2026-09-20 16:28:58
6555,INFY,1077.48,250,-40.8,TRIGGERED,2026-09-20 16:28:59
6556,ICICIBANK,1581.71,1923,30.72,TRIGGERED,2026-09-20 16:28:59
6557,TATAMOTORS,725.77,411,-25.94,TRIGGERED,2026-09-20 16:29:00
6558,TATAMOTORS,726.21,1304,-25.9,TRIGGERED,2026-09-20 16:29:00
6559,TATAMOTORS,728.59,1166,-25.65,TRIGGERED,2026-09-20 16:29:00
6560,TCS,4137.32,1875,0.42,NORMAL,2026-09-20 16:29:01
6561,TCS,4140.26,1228,0.49,NORMAL,2026-09-20 16:29:01
6562,SBIN,567.44,1543,-30.8,TRIGGERED,2026-09-20 16:29:02
6563,INFY,1074.88,1825,-40.94,TRIGGERED,2026-09-20 16:29:02
6564,INFY,1075.41,1159,-40.91,TRIGGERED,2026-09-20 16:29:02
6565,INFY,1072.26,368,-41.08,TRIGGERED,2026-09-20 16:29:03
6566,SBIN,566.71,441,-30.89,TRIGGERED,2026-09-20 16:29:03
6567,HDFCBANK,1524.66,964,-7.6,TRIGGERED,2026-09-20 16:29:04
6568,ICICIBANK,1578.22,1135,30.43,TRIGGERED,2026-09-20 16:29:04
6569,TATAMOTORS,730.62,134,-25.45,TRIGGERED,2026-09-20 16:29:04
6570,BHARTIARTL,1115.09,923,-25.16,TRIGGERED,2026-09-20 16:29:05
6571,ITC,824.52,768,68.27,TRIGGERED,2026-09-20 16:29:05
6572,SBIN,565.53,971,-31.03,TRIGGERED,2026-09-20 16:29:06
6573,HDFCBANK,1528.98,1310,-7.33,TRIGGERED,2026-09-20 16:29:06
6574,BHARTIARTL,1113.67,1050,-25.26,TRIGGERED,2026-09-20 16:29:06
6575,ICICIBANK,1578.26,159,30.43,TRIGGERED,2026-09-20 16:29:07
6576,LT,2674.92,427,-26.11,TRIGGERED,2026-09-20 16:29:07
6577,LT,2665.65,1662,-26.36,TRIGGERED,2026-09-20 16:29:08
6578,SBIN,534.43,445,-34.83,TRIGGERED,2026-09-20 16:29:08
6579,RELIANCE,2293.57,1901,-23.03,TRIGGERED,2026-09-20 16:29:08
6580,INFY,1073.61,898,-41.01,TRIGGERED,2026-09-20 16:29:09
6581,BHARTIARTL,1114.6,760,-25.19,TRIGGERED,2026-09-20 16:29:09
6582,TCS,4129.09,1001,0.22,NORMAL,2026-09-20 16:29:10
6583,ITC,825.86,1083,68.54,TRIGGERED,2026-09-20 16:29:10
6584,HDFCBANK,1530.66,1337,-7.23,TRIGGERED,2026-09-20 16:29:10
6585,TCS,4122.5,546,0.06,NORMAL,2026-09-20 16:29:11
6586,ICICIBANK,1573.02,532,30.0,TRIGGERED,2026-09-20 16:29:11
6587,SBIN,534.34,922,-34.84,TRIGGERED,2026-09-20 16:29:12
6588,INFY,1074.7,1533,-40.95,TRIGGERED,2026-09-20 16:29:12
6589,TATAMOTORS,730.95,1464,-25.41,TRIGGERED,2026-09-20 16:29:12
6590,RELIANCE,2295.42,593,-22.97,TRIGGERED,2026-09-20 16:29:13
6591,ITC,826.59,956,68.69,TRIGGERED,2026-09-20 16:29:13
6592,TCS,4110.42,672,-0.23,NORMAL,2026-09-20 16:29:14
6593,ICICIBANK,1569.76,945,29.73,TRIGGERED,2026-09-20 16:29:14
6594,LT,2660.43,1435,-26.51,TRIGGERED,2026-09-20 16:29:15
6595,RELIANCE,2298.67,1430,-22.86,TRIGGERED,2026-09-20 16:29:15
6596,ITC,824.88,1108,68.34,TRIGGERED,2026-09-20 16:29:15
6597,TCS,4098.73,674,-0.52,NORMAL,2026-09-20 16:29:16
6598,TATAMOTORS,728.26,1593,-25.69,TRIGGERED,2026-09-20 16:29:16
6599,TATAMOTORS,729.7,282,-25.54,TRIGGERED,2026-09-20 16:29:17
6600,INFY,1078.66,702,-40.73,TRIGGERED,2026-09-20 16:29:17
6601,BHARTIARTL,1111.9,1497,-25.38,TRIGGERED,2026-09-20 16:29:17
6602,LT,2662.3,100,-26.46,TRIGGERED,2026-09-20 16:29:18
6603,ICICIBANK,1572.52,304,29.96,TRIGGERED,2026-09-20 16:29:18
6604,LT,2666.34,451,-26.34,TRIGGERED,2026-09-20 16:29:19
6605,SBIN,533.71,1018,-34.91,TRIGGERED,2026-09-20 16:29:19
6606,TATAMOTORS,729.89,551,-25.52,TRIGGERED,2026-09-20 16:29:19
6607,BHARTIARTL,1108.37,931,-25.61,TRIGGERED,2026-09-20 16:29:20
6608,RELIANCE,2298.35,662,-22.87,TRIGGERED,2026-09-20 16:29:20
6609,SBIN,535.31,1701,-34.72,TRIGGERED,2026-09-20 16:29:21
6610,BHARTIARTL,1103.95,1787,-25.91,TRIGGERED,2026-09-20 16:29:21
6611,ITC,823.6,198,68.08,TRIGGERED,2026-09-20 16:29:21
6612,RELIANCE,2294.59,1228,-23.0,TRIGGERED,2026-09-20 16:29:22
6613,TATAMOTORS,728.23,1328,-25.69,TRIGGERED,2026-09-20 16:29:22
6614,ICICIBANK,1577.04,1706,30.33,TRIGGERED,2026-09-20 16:29:23
6615,SBIN,535.22,1333,-34.73,TRIGGERED,2026-09-20 16:29:23
6616,SBIN,536.44,755,-34.58,TRIGGERED,2026-09-20 16:29:23
6617,TCS,4097.47,1100,-0.55,NORMAL,2026-09-20 16:29:24
6618,TCS,4084.52,778,-0.86,NORMAL,2026-09-20 16:29:24
6619,ICICIBANK,1583.34,943,30.85,TRIGGERED,2026-09-20 16:29:25
6620,SBIN,536.39,1757,-34.59,TRIGGERED,2026-09-20 16:29:25
6621,ITC,825.65,700,68.5,TRIGGERED,2026-09-20 16:29:25
6622,SBIN,535.22,809,-34.73,TRIGGERED,2026-09-20 16:29:26
6623,ICICIBANK,1584.86,484,30.98,TRIGGERED,2026-09-20 16:29:26
6624,HDFCBANK,1536.58,1686,-6.87,TRIGGERED,2026-09-20 16:29:27
6625,LT,2673.07,806,-26.16,TRIGGERED,2026-09-20 16:29:27
6626,TATAMOTORS,730.91,1054,-25.42,TRIGGERED,2026-09-20 16:29:27
6627,TCS,4097.54,196,-0.55,NORMAL,2026-09-20 16:29:28
6628,SBIN,536.81,153,-34.54,TRIGGERED,2026-09-20 16:29:28
6629,HDFCBANK,1535.92,1892,-6.91,TRIGGERED,2026-09-20 16:29:29
6630,ICICIBANK,1584.45,916,30.95,TRIGGERED,2026-09-20 16:29:29
6631,TCS,4111.14,1668,-0.22,NORMAL,2026-09-20 16:29:29
6632,BHARTIARTL,1100.66,1005,-26.13,TRIGGERED,2026-09-20 16:29:30
6633,INFY,1078.0,1764,-40.77,TRIGGERED,2026-09-20 16:29:30
6634,LT,2676.57,842,-26.06,TRIGGERED,2026-09-20 16:29:31
6635,HDFCBANK,1535.02,1645,-6.97,TRIGGERED,2026-09-20 16:29:31
6636,ICICIBANK,1671.59,935,38.15,TRIGGERED,2026-09-20 16:29:31
6637,HDFCBANK,1529.7,631,-7.29,TRIGGERED,2026-09-20 16:29:32
6638,ITC,826.38,180,68.65,TRIGGERED,2026-09-20 16:29:32
6639,LT,2678.01,842,-26.02,TRIGGERED,2026-09-20 16:29:33
6640,INFY,1081.52,401,-40.58,TRIGGERED,2026-09-20 16:29:33
6641,HDFCBANK,1532.41,1606,-7.13,TRIGGERED,2026-09-20 16:29:33
6642,ICICIBANK,1672.72,994,38.24,TRIGGERED,2026-09-20 16:29:34
6643,INFY,1077.84,1945,-40.78,TRIGGERED,2026-09-20 16:29:34
6644,RELIANCE,2297.82,1912,-22.89,TRIGGERED,2026-09-20 16:29:35
6645,TATAMOTORS,729.13,1622,-25.6,TRIGGERED,2026-09-20 16:29:35
6646,TATAMOTORS,727.99,1203,-25.72,TRIGGERED,2026-09-20 16:29:35
6647,TCS,4125.15,974,0.12,NORMAL,2026-09-20 16:29:36
6648,SBIN,535.17,1597,-34.74,TRIGGERED,2026-09-20 16:29:36
6649,RELIANCE,2296.01,1710,-22.95,TRIGGERED,2026-09-20 16:29:37
6650,INFY,1137.12,1591,-37.52,TRIGGERED,2026-09-20 16:29:37
6651,TATAMOTORS,729.11,791,-25.6,TRIGGERED,2026-09-20 16:29:37
6652,RELIANCE,2295.26,585,-22.98,TRIGGERED,2026-09-20 16:29:38
6653,TCS,4129.74,34,0.24,NORMAL,2026-09-20 16:29:38
6654,HDFCBANK,1526.45,429,-7.49,TRIGGERED,2026-09-20 16:29:39
6655,RELIANCE,2290.19,1109,-23.15,TRIGGERED,2026-09-20 16:29:39
6656,TATAMOTORS,729.9,635,-25.52,TRIGGERED,2026-09-20 16:29:39
6657,HDFCBANK,1520.37,509,-7.86,TRIGGERED,2026-09-20 16:29:40
6658,ICICIBANK,1674.11,403,38.36,TRIGGERED,2026-09-20 16:29:40
6659,ICICIBANK,1675.19,707,38.45,TRIGGERED,2026-09-20 16:29:41
6660,INFY,1136.22,1429,-37.57,TRIGGERED,2026-09-20 16:29:41
6661,LT,2670.2,1519,-26.24,TRIGGERED,2026-09-20 16:29:41
6662,LT,2659.97,1105,-26.52,TRIGGERED,2026-09-20 16:29:42
6663,BHARTIARTL,1097.1,477,-26.37,TRIGGERED,2026-09-20 16:29:42
6664,ITC,826.71,52,68.72,TRIGGERED,2026-09-20 16:29:43
6665,BHARTIARTL,1101.14,411,-26.1,TRIGGERED,2026-09-20 16:29:43
6666,RELIANCE,2288.98,1036,-23.19,TRIGGERED,2026-09-20 16:29:43
6667,ITC,825.22,269,68.41,TRIGGERED,2026-09-20 16:29:44
6668,ICICIBANK,1676.73,96,38.57,TRIGGERED,2026-09-20 16:29:44
6669,TATAMOTORS,731.67,1883,-25.34,TRIGGERED,2026-09-20 16:29:45
6670,TATAMOTORS,731.49,55,-25.36,TRIGGERED,2026-09-20 16:29:45
6671,TCS,4133.33,1193,0.32,NORMAL,2026-09-20 16:29:45
6672,SBIN,535.29,1813,-34.72,TRIGGERED,2026-09-20 16:29:46
6673,INFY,1137.14,1264,-37.52,TRIGGERED,2026-09-20 16:29:46
6674,SBIN,535.88,1836,-34.65,TRIGGERED,2026-09-20 16:29:47
6675,ITC,825.4,943,68.45,TRIGGERED,2026-09-20 16:29:47
6676,BHARTIARTL,1103.35,1992,-25.95,TRIGGERED,2026-09-20 16:29:47
6677,ITC,828.12,1814,69.0,TRIGGERED,2026-09-20 16:29:48
6678,LT,2661.56,842,-26.48,TRIGGERED,2026-09-20 16:29:48
6679,ICICIBANK,1678.24,1097,38.7,TRIGGERED,2026-09-20 16:29:49
6680,TATAMOTORS,732.75,332,-25.23,TRIGGERED,2026-09-20 16:29:49
6681,INFY,1134.53,799,-37.66,TRIGGERED,2026-09-20 16:29:49
6682,SBIN,537.41,855,-34.46,TRIGGERED,2026-09-20 16:29:50
6683,TCS,3906.0,992,-5.19,TRIGGERED,2026-09-20 16:29:50
6684,TATAMOTORS,773.05,1866,-21.12,TRIGGERED,2026-09-20 16:29:51
6685,ITC,873.67,1923,78.3,TRIGGERED,2026-09-20 16:29:51
6686,ITC,870.67,972,77.69,TRIGGERED,2026-09-20 16:29:51
6687,BHARTIARTL,1102.9,1749,-25.98,TRIGGERED,2026-09-20 16:29:52
6688,LT,2515.17,991,-30.52,TRIGGERED,2026-09-20 16:29:52
6689,LT,2506.11,1941,-30.77,TRIGGERED,2026-09-20 16:29:53
6690,TATAMOTORS,773.25,1461,-21.1,TRIGGERED,2026-09-20 16:29:53
6691,SBIN,536.54,1084,-34.57,TRIGGERED,2026-09-20 16:29:53
6692,SBIN,536.93,1123,-34.52,TRIGGERED,2026-09-20 16:29:54
6693,ICICIBANK,1682.33,828,39.04,TRIGGERED,2026-09-20 16:29:54
6694,INFY,1130.34,509,-37.89,TRIGGERED,2026-09-20 16:29:55
6695,RELIANCE,2280.9,1848,-23.46,TRIGGERED,2026-09-20 16:29:55
6696,BHARTIARTL,1105.04,1860,-25.84,TRIGGERED,2026-09-20 16:29:55
6697,TATAMOTORS,775.72,672,-20.84,TRIGGERED,2026-09-20 16:29:56
6698,TATAMOTORS,733.06,515,-25.2,TRIGGERED,2026-09-20 16:29:56
6699,SBIN,535.94,1203,-34.64,TRIGGERED,2026-09-20 16:29:57
6700,TCS,3891.71,651,-5.54,TRIGGERED,2026-09-20 16:29:57
6701,RELIANCE,2285.46,1009,-23.31,TRIGGERED,2026-09-20 16:29:57
6702,RELIANCE,2285.67,1542,-23.3,TRIGGERED,2026-09-20 16:29:58
6703,TCS,3902.97,1032,-5.27,TRIGGERED,2026-09-20 16:29:58
6704,RELIANCE,2276.93,122,-23.59,TRIGGERED,2026-09-20 16:29:59
6705,INFY,1126.14,938,-38.12,TRIGGERED,2026-09-20 16:29:59
6706,ICICIBANK,1678.34,1983,38.71,TRIGGERED,2026-09-20 16:29:59
6707,LT,2511.06,1816,-30.63,TRIGGERED,2026-09-20 16:30:00
6708,INFY,1130.09,1152,-37.91,TRIGGERED,2026-09-20 16:30:00
6709,ITC,871.73,731,77.9,TRIGGERED,2026-09-20 16:30:01
6710,INFY,1129.0,904,-37.97,TRIGGERED,2026-09-20 16:30:01
6711,BHARTIARTL,1106.0,1143,-25.77,TRIGGERED,2026-09-20 16:30:01
6712,RELIANCE,2281.85,658,-23.43,TRIGGERED,2026-09-20 16:30:02
6713,ITC,919.68,1185,87.69,TRIGGERED,2026-09-20 16:30:02
6714,RELIANCE,2407.35,1221,-19.22,TRIGGERED,2026-09-20 16:30:03
6715,LT,2502.32,825,-30.88,TRIGGERED,2026-09-20 16:30:03
6716,SBIN,537.77,1892,-34.42,TRIGGERED,2026-09-20 16:30:03
6717,BHARTIARTL,1103.03,1623,-25.97,TRIGGERED,2026-09-20 16:30:04
6718,HDFCBANK,1436.75,464,-12.92,TRIGGERED,2026-09-20 16:30:04
6719,TATAMOTORS,732.41,434,-25.26,TRIGGERED,2026-09-20 16:30:05
6720,LT,2495.55,1978,-31.06,TRIGGERED,2026-09-20 16:30:05
6721,ICICIBANK,1676.38,1784,38.54,TRIGGERED,2026-09-20 16:30:05
6722,BHARTIARTL,1098.65,1605,-26.27,TRIGGERED,2026-09-20 16:30:06
6723,HDFCBANK,1441.8,1137,-12.62,TRIGGERED,2026-09-20 16:30:06
6724,INFY,1191.1,1234,-34.55,TRIGGERED,2026-09-20 16:30:07
6725,TATAMOTORS,732.57,686,-25.25,TRIGGERED,2026-09-20 16:30:07
6726,TCS,3899.35,397,-5.36,TRIGGERED,2026-09-20 16:30:07
6727,LT,2358.29,213,-34.85,TRIGGERED,2026-09-20 16:30:08
6728,RELIANCE,2398.11,302,-19.53,TRIGGERED,2026-09-20 16:30:08
6729,INFY,1189.72,1288,-34.63,TRIGGERED,2026-09-20 16:30:09
6730,HDFCBANK,1437.05,656,-12.91,TRIGGERED,2026-09-20 16:30:09
6731,TATAMOTORS,731.67,959,-25.34,TRIGGERED,2026-09-20 16:30:09
6732,TATAMOTORS,734.11,1724,-25.09,TRIGGERED,2026-09-20 16:30:10
6733,RELIANCE,2402.19,368,-19.39,TRIGGERED,2026-09-20 16:30:10
6734,RELIANCE,2395.31,109,-19.62,TRIGGERED,2026-09-20 16:30:11
6735,LT,2361.39,746,-34.77,TRIGGERED,2026-09-20 16:30:11
6736,LT,2366.24,409,-34.63,TRIGGERED,2026-09-20 16:30:11
6737,BHARTIARTL,1094.9,757,-26.52,TRIGGERED,2026-09-20 16:30:12
6738,ICICIBANK,1671.96,703,38.18,TRIGGERED,2026-09-20 16:30:12
6739,RELIANCE,2390.88,1396,-19.77,TRIGGERED,2026-09-20 16:30:13
6740,TATAMOTORS,731.56,952,-25.35,TRIGGERED,2026-09-20 16:30:13
6741,TCS,3905.88,601,-5.2,TRIGGERED,2026-09-20 16:30:13
6742,LT,2360.74,854,-34.79,TRIGGERED,2026-09-20 16:30:14
6743,INFY,1191.08,979,-34.56,TRIGGERED,2026-09-20 16:30:14
6744,ITC,921.22,277,88.0,TRIGGERED,2026-09-20 16:30:15
6745,ICICIBANK,1672.45,1572,38.22,TRIGGERED,2026-09-20 16:30:15
6746,RELIANCE,2259.38,1483,-24.18,TRIGGERED,2026-09-20 16:30:15
6747,SBIN,536.98,922,-34.51,TRIGGERED,2026-09-20 16:30:16
6748,TCS,3901.53,1444,-5.3,TRIGGERED,2026-09-20 16:30:16
6749,TATAMOTORS,733.35,1416,-25.17,TRIGGERED,2026-09-20 16:30:17
6750,TCS,3899.62,883,-5.35,TRIGGERED,2026-09-20 16:30:17
6751,TATAMOTORS,732.63,1763,-25.24,TRIGGERED,2026-09-20 16:30:17
6752,ICICIBANK,1678.57,1197,38.72,TRIGGERED,2026-09-20 16:30:18
6753,ITC,921.69,291,88.1,TRIGGERED,2026-09-20 16:30:18
6754,ICICIBANK,1770.89,696,46.35,TRIGGERED,2026-09-20 16:30:19
6755,HDFCBANK,1439.5,129,-12.76,TRIGGERED,2026-09-20 16:30:19
6756,TATAMOTORS,732.66,1155,-25.24,TRIGGERED,2026-09-20 16:30:19
6757,ITC,921.88,540,88.14,TRIGGERED,2026-09-20 16:30:20
6758,BHARTIARTL,1155.12,198,-22.48,TRIGGERED,2026-09-20 16:30:20
6759,LT,2367.71,1996,-34.59,TRIGGERED,2026-09-20 16:30:21
6760,HDFCBANK,1434.74,1682,-13.05,TRIGGERED,2026-09-20 16:30:21
6761,HDFCBANK,1436.65,134,-12.93,TRIGGERED,2026-09-20 16:30:21
6762,RELIANCE,2255.47,435,-24.31,TRIGGERED,2026-09-20 16:30:22
6763,INFY,1193.36,1143,-34.43,TRIGGERED,2026-09-20 16:30:22
6764,INFY,1196.28,1144,-34.27,TRIGGERED,2026-09-20 16:30:23
6765,LT,2497.93,57,-31.0,TRIGGERED,2026-09-20 16:30:23
6766,LT,2635.32,810,-27.2,TRIGGERED,2026-09-20 16:30:23
6767,RELIANCE,2379.52,1829,-20.15,TRIGGERED,2026-09-20 16:30:24
6768,RELIANCE,2388.47,1729,-19.85,TRIGGERED,2026-09-20 16:30:24
6769,LT,2645.66,635,-26.92,TRIGGERED,2026-09-20 16:30:25
6770,INFY,1262.08,1057,-30.65,TRIGGERED,2026-09-20 16:30:25
6771,HDFCBANK,1515.67,648,-8.14,TRIGGERED,2026-09-20 16:30:26
6772,INFY,1261.25,1370,-30.7,TRIGGERED,2026-09-20 16:30:26
6773,LT,2791.17,1649,-22.9,TRIGGERED,2026-09-20 16:30:26
6774,BHARTIARTL,1154.37,56,-22.53,TRIGGERED,2026-09-20 16:30:27
6775,ICICIBANK,1773.75,1105,46.59,TRIGGERED,2026-09-20 16:30:27
6776,ITC,919.15,1332,87.58,TRIGGERED,2026-09-20 16:30:28
6777,LT,2796.19,974,-22.76,TRIGGERED,2026-09-20 16:30:28
6778,TATAMOTORS,730.22,1535,-25.49,TRIGGERED,2026-09-20 16:30:28
6779,TATAMOTORS,728.61,1759,-25.65,TRIGGERED,2026-09-20 16:30:29
6780,TCS,3891.9,680,-5.54,TRIGGERED,2026-09-20 16:30:29
6781,ICICIBANK,1774.61,847,46.66,TRIGGERED,2026-09-20 16:30:30
6782,INFY,1266.06,1721,-30.44,TRIGGERED,2026-09-20 16:30:30
6783,LT,2803.04,390,-22.57,TRIGGERED,2026-09-20 16:30:30
6784,RELIANCE,2385.24,593,-19.96,TRIGGERED,2026-09-20 16:30:31
6785,ICICIBANK,1770.02,1843,46.28,TRIGGERED,2026-09-20 16:30:31
6786,ITC,921.43,1616,88.05,TRIGGERED,2026-09-20 16:30:32
6787,ITC,918.61,415,87.47,TRIGGERED,2026-09-20 16:30:32
6788,BHARTIARTL,1155.32,718,-22.46,TRIGGERED,2026-09-20 16:30:32
6789,HDFCBANK,1518.88,741,-7.95,TRIGGERED,2026-09-20 16:30:33
6790,ICICIBANK,1764.96,650,45.86,TRIGGERED,2026-09-20 16:30:33
6791,ITC,920.13,34,87.78,TRIGGERED,2026-09-20 16:30:34
6792,TATAMOTORS,730.95,146,-25.41,TRIGGERED,2026-09-20 16:30:34
6793,ICICIBANK,1763.98,1132,45.78,TRIGGERED,2026-09-20 16:30:34
6794,SBIN,538.73,926,-34.3,TRIGGERED,2026-09-20 16:30:35
6795,HDFCBANK,1513.38,1825,-8.28,TRIGGERED,2026-09-20 16:30:35
6796,LT,2812.98,1635,-22.29,TRIGGERED,2026-09-20 16:30:36
6797,LT,2802.38,250,-22.59,TRIGGERED,2026-09-20 16:30:36
6798,ITC,922.73,942,88.31,TRIGGERED,2026-09-20 16:30:36
6799,ITC,922.41,204,88.25,TRIGGERED,2026-09-20 16:30:37
6800,HDFCBANK,1516.73,165,-8.08,TRIGGERED,2026-09-20 16:30:37
6801,HDFCBANK,1521.14,645,-7.81,TRIGGERED,2026-09-20 16:30:38
6802,RELIANCE,2385.29,386,-19.96,TRIGGERED,2026-09-20 16:30:38
6803,LT,2794.01,211,-22.82,TRIGGERED,2026-09-20 16:30:38
6804,LT,2800.25,717,-22.65,TRIGGERED,2026-09-20 16:30:39
6805,BHARTIARTL,1151.73,830,-22.7,TRIGGERED,2026-09-20 16:30:39
6806,ICICIBANK,1767.46,1985,46.07,TRIGGERED,2026-09-20 16:30:40
6807,RELIANCE,2378.88,789,-20.17,TRIGGERED,2026-09-20 16:30:40
6808,INFY,1267.93,925,-30.33,TRIGGERED,2026-09-20 16:30:40
6809,TCS,4105.95,159,-0.34,NORMAL,2026-09-20 16:30:41
6810,INFY,1270.4,1123,-30.2,TRIGGERED,2026-09-20 16:30:41
6811,INFY,1273.09,1558,-30.05,TRIGGERED,2026-09-20 16:30:42
6812,TCS,4105.88,1480,-0.34,NORMAL,2026-09-20 16:30:42
6813,TCS,4102.38,1488,-0.43,NORMAL,2026-09-20 16:30:42
6814,SBIN,537.7,984,-34.43,TRIGGERED,2026-09-20 16:30:43
6815,LT,2792.51,1588,-22.86,TRIGGERED,2026-09-20 16:30:43
6816,HDFCBANK,1516.26,278,-8.11,TRIGGERED,2026-09-20 16:30:44
6817,HDFCBANK,1518.9,532,-7.95,TRIGGERED,2026-09-20 16:30:44
6818,INFY,1269.43,451,-30.25,TRIGGERED,2026-09-20 16:30:44
6819,SBIN,539.55,893,-34.2,TRIGGERED,2026-09-20 16:30:45
6820,TCS,4098.74,298,-0.52,NORMAL,2026-09-20 16:30:45
6821,TATAMOTORS,728.45,1536,-25.67,TRIGGERED,2026-09-20 16:30:46
6822,TCS,4092.6,1054,-0.67,NORMAL,2026-09-20 16:30:46
6823,BHARTIARTL,1153.16,211,-22.61,TRIGGERED,2026-09-20 16:30:46
6824,ICICIBANK,1772.24,1459,46.47,TRIGGERED,2026-09-20 16:30:47
6825,BHARTIARTL,1155.88,875,-22.42,TRIGGERED,2026-09-20 16:30:47
6826,INFY,1266.93,1378,-30.39,TRIGGERED,2026-09-20 16:30:48
6827,TATAMOTORS,728.16,1661,-25.7,TRIGGERED,2026-09-20 16:30:48
6828,RELIANCE,2385.06,1839,-19.96,TRIGGERED,2026-09-20 16:30:48
6829,TCS,4102.85,1108,-0.42,NORMAL,2026-09-20 16:30:49
6830,BHARTIARTL,1159.9,773,-22.15,TRIGGERED,2026-09-20 16:30:49
6831,RELIANCE,2392.59,1953,-19.71,TRIGGERED,2026-09-20 16:30:50
6832,TCS,4101.31,1417,-0.45,NORMAL,2026-09-20 16:30:50
6833,BHARTIARTL,1157.34,1405,-22.33,TRIGGERED,2026-09-20 16:30:50
6834,TATAMOTORS,731.04,1179,-25.4,TRIGGERED,2026-09-20 16:30:51
6835,TCS,4326.88,1743,5.02,TRIGGERED,2026-09-20 16:30:51
6836,ICICIBANK,1778.83,974,47.01,TRIGGERED,2026-09-20 16:30:52
6837,RELIANCE,2384.76,1342,-19.97,TRIGGERED,2026-09-20 16:30:52
6838,ITC,919.91,677,87.74,TRIGGERED,2026-09-20 16:30:52
6839,ICICIBANK,1776.94,1010,46.85,TRIGGERED,2026-09-20 16:30:53
6840,TCS,4329.49,1390,5.08,TRIGGERED,2026-09-20 16:30:53
6841,HDFCBANK,1521.34,1975,-7.8,TRIGGERED,2026-09-20 16:30:54
6842,TCS,4333.97,445,5.19,TRIGGERED,2026-09-20 16:30:54
6843,TATAMOTORS,728.19,223,-25.69,TRIGGERED,2026-09-20 16:30:54
6844,INFY,1336.61,335,-26.56,TRIGGERED,2026-09-20 16:30:55
6845,LT,2794.9,849,-22.79,TRIGGERED,2026-09-20 16:30:55
6846,RELIANCE,2392.1,1177,-19.73,TRIGGERED,2026-09-20 16:30:56
6847,HDFCBANK,1521.31,808,-7.8,TRIGGERED,2026-09-20 16:30:56
6848,BHARTIARTL,1154.03,304,-22.55,TRIGGERED,2026-09-20 16:30:56
6849,ITC,922.76,1390,88.32,TRIGGERED,2026-09-20 16:30:57
6850,TCS,4095.6,296,-0.59,NORMAL,2026-09-20 16:30:57
6851,LT,2948.62,1940,-18.55,TRIGGERED,2026-09-20 16:30:58
6852,TCS,4100.23,258,-0.48,NORMAL,2026-09-20 16:30:58
6853,TCS,4091.69,331,-0.69,NORMAL,2026-09-20 16:30:58
6854,LT,2948.32,1624,-18.55,TRIGGERED,2026-09-20 16:30:59
6855,TCS,4100.97,1628,-0.46,NORMAL,2026-09-20 16:30:59
6856,INFY,1339.63,1592,-26.39,TRIGGERED,2026-09-20 16:31:00
6857,SBIN,537.47,1920,-34.45,TRIGGERED,2026-09-20 16:31:00
6858,TCS,4106.75,1435,-0.32,NORMAL,2026-09-20 16:31:00
6859,HDFCBANK,1524.38,907,-7.61,TRIGGERED,2026-09-20 16:31:01
6860,SBIN,536.98,140,-34.51,TRIGGERED,2026-09-20 16:31:01
6861,SBIN,535.69,1618,-34.67,TRIGGERED,2026-09-20 16:31:02
6862,BHARTIARTL,1153.76,57,-22.57,TRIGGERED,2026-09-20 16:31:02
6863,TATAMOTORS,726.85,443,-25.83,TRIGGERED,2026-09-20 16:31:02
6864,TATAMOTORS,725.93,641,-25.93,TRIGGERED,2026-09-20 16:31:03
6865,BHARTIARTL,1150.32,539,-22.8,TRIGGERED,2026-09-20 16:31:03
6866,ITC,923.89,402,88.55,TRIGGERED,2026-09-20 16:31:04
6867,BHARTIARTL,1150.93,839,-22.76,TRIGGERED,2026-09-20 16:31:04
6868,LT,2956.31,1427,-18.33,TRIGGERED,2026-09-20 16:31:04
6869,HDFCBANK,1519.81,1115,-7.89,TRIGGERED,2026-09-20 16:31:05
6870,LT,2967.43,316,-18.03,TRIGGERED,2026-09-20 16:31:05
6871,BHARTIARTL,1150.12,214,-22.81,TRIGGERED,2026-09-20 16:31:06
6872,RELIANCE,2398.95,83,-19.5,TRIGGERED,2026-09-20 16:31:06
6873,BHARTIARTL,1150.7,1684,-22.77,TRIGGERED,2026-09-20 16:31:06
6874,HDFCBANK,1514.8,1013,-8.19,TRIGGERED,2026-09-20 16:31:07
6875,SBIN,537.53,1132,-34.45,TRIGGERED,2026-09-20 16:31:07
6876,RELIANCE,2390.85,1085,-19.77,TRIGGERED,2026-09-20 16:31:08
6877,INFY,1340.31,1192,-26.36,TRIGGERED,2026-09-20 16:31:08
6878,BHARTIARTL,1149.63,545,-22.84,TRIGGERED,2026-09-20 16:31:08
6879,SBIN,539.09,1444,-34.26,TRIGGERED,2026-09-20 16:31:09
6880,INFY,1341.58,940,-26.29,TRIGGERED,2026-09-20 16:31:09
6881,INFY,1346.69,1850,-26.01,TRIGGERED,2026-09-20 16:31:10
6882,SBIN,538.08,1285,-34.38,TRIGGERED,2026-09-20 16:31:10
6883,TATAMOTORS,723.6,786,-26.16,TRIGGERED,2026-09-20 16:31:10
6884,TCS,4117.57,477,-0.06,NORMAL,2026-09-20 16:31:11
6885,INFY,1344.95,1199,-26.1,TRIGGERED,2026-09-20 16:31:11
6886,TCS,4121.92,1903,0.05,NORMAL,2026-09-20 16:31:12
6887,SBIN,539.29,1798,-34.23,TRIGGERED,2026-09-20 16:31:12
6888,RELIANCE,2390.15,1665,-19.79,TRIGGERED,2026-09-20 16:31:12
6889,HDFCBANK,1515.35,1964,-8.16,TRIGGERED,2026-09-20 16:31:13
6890,LT,2972.53,1796,-17.89,TRIGGERED,2026-09-20 16:31:13
6891,INFY,1345.79,821,-26.06,TRIGGERED,2026-09-20 16:31:14
6892,TATAMOTORS,723.95,917,-26.13,TRIGGERED,2026-09-20 16:31:14
6893,BHARTIARTL,1212.86,1405,-18.6,TRIGGERED,2026-09-20 16:31:14
6894,ITC,925.63,1019,88.9,TRIGGERED,2026-09-20 16:31:15
6895,ICICIBANK,1782.71,1828,47.33,TRIGGERED,2026-09-20 16:31:15
6896,TATAMOTORS,726.14,1711,-25.9,TRIGGERED,2026-09-20 16:31:16
6897,BHARTIARTL,1279.57,1242,-14.12,TRIGGERED,2026-09-20 16:31:16
6898,HDFCBANK,1519.46,197,-7.91,TRIGGERED,2026-09-20 16:31:16
6899,BHARTIARTL,1283.83,1440,-13.84,TRIGGERED,2026-09-20 16:31:17
6900,BHARTIARTL,1280.49,637,-14.06,TRIGGERED,2026-09-20 16:31:17
6901,TATAMOTORS,724.88,938,-26.03,TRIGGERED,2026-09-20 16:31:18
6902,BHARTIARTL,1283.18,1096,-13.88,TRIGGERED,2026-09-20 16:31:18
6903,INFY,1342.21,557,-26.25,TRIGGERED,2026-09-20 16:31:18
6904,ITC,924.99,262,88.77,TRIGGERED,2026-09-20 16:31:19
6905,TCS,4130.78,1309,0.26,NORMAL,2026-09-20 16:31:19
6906,ITC,928.0,1317,89.39,TRIGGERED,2026-09-20 16:31:20
6907,RELIANCE,2381.06,833,-20.1,TRIGGERED,2026-09-20 16:31:20
6908,ICICIBANK,1782.19,1258,47.29,TRIGGERED,2026-09-20 16:31:20
6909,ITC,925.25,1555,88.83,TRIGGERED,2026-09-20 16:31:21
6910,ICICIBANK,1786.61,1696,47.65,TRIGGERED,2026-09-20 16:31:21
6911,INFY,1344.15,1501,-26.15,TRIGGERED,2026-09-20 16:31:22
6912,BHARTIARTL,1280.68,287,-14.05,TRIGGERED,2026-09-20 16:31:22
6913,INFY,1344.19,1072,-26.14,TRIGGERED,2026-09-20 16:31:22
6914,ICICIBANK,1781.26,618,47.21,TRIGGERED,2026-09-20 16:31:23
6915,SBIN,540.74,439,-34.06,TRIGGERED,2026-09-20 16:31:23
6916,TATAMOTORS,725.97,713,-25.92,TRIGGERED,2026-09-20 16:31:24
6917,BHARTIARTL,1277.16,1290,-14.28,TRIGGERED,2026-09-20 16:31:24
6918,SBIN,542.55,202,-33.84,TRIGGERED,2026-09-20 16:31:24
6919,SBIN,512.71,322,-37.47,TRIGGERED,2026-09-20 16:31:25
6920,BHARTIARTL,1279.22,855,-14.15,TRIGGERED,2026-09-20 16:31:25
6921,ITC,922.16,469,88.2,TRIGGERED,2026-09-20 16:31:26
6922,TCS,4117.06,505,-0.07,NORMAL,2026-09-20 16:31:26
6923,SBIN,514.64,338,-37.24,TRIGGERED,2026-09-20 16:31:26
6924,SBIN,515.67,877,-37.11,TRIGGERED,2026-09-20 16:31:27
6925,LT,2968.67,1755,-17.99,TRIGGERED,2026-09-20 16:31:27
6926,SBIN,517.02,452,-36.95,TRIGGERED,2026-09-20 16:31:28
6927,ITC,922.79,1823,88.32,TRIGGERED,2026-09-20 16:31:28
6928,RELIANCE,2384.33,861,-19.99,TRIGGERED,2026-09-20 16:31:29
6929,LT,2968.28,196,-18.0,TRIGGERED,2026-09-20 16:31:29
6930,TATAMOTORS,723.51,429,-26.17,TRIGGERED,2026-09-20 16:31:29
6931,ICICIBANK,1776.56,134,46.82,TRIGGERED,2026-09-20 16:31:30
6932,LT,2964.54,897,-18.11,TRIGGERED,2026-09-20 16:31:30
6933,TATAMOTORS,723.62,1074,-26.16,TRIGGERED,2026-09-20 16:31:31
6934,ITC,921.85,1777,88.13,TRIGGERED,2026-09-20 16:31:31
6935,BHARTIARTL,1284.25,1032,-13.81,TRIGGERED,2026-09-20 16:31:31
6936,TATAMOTORS,724.47,1920,-26.07,TRIGGERED,2026-09-20 16:31:32
6937,ITC,871.15,1387,77.79,TRIGGERED,2026-09-20 16:31:32
6938,INFY,1345.8,191,-26.05,TRIGGERED,2026-09-20 16:31:33
6939,SBIN,515.58,612,-37.12,TRIGGERED,2026-09-20 16:31:33
6940,LT,2961.53,306,-18.19,TRIGGERED,2026-09-20 16:31:33
6941,LT,2964.65,1026,-18.1,TRIGGERED,2026-09-20 16:31:34
6942,TATAMOTORS,723.01,1839,-26.22,TRIGGERED,2026-09-20 16:31:34
6943,SBIN,517.18,873,-36.93,TRIGGERED,2026-09-20 16:31:35
6944,TATAMOTORS,721.77,877,-26.35,TRIGGERED,2026-09-20 16:31:35
6945,INFY,1348.28,1524,-25.92,TRIGGERED,2026-09-20 16:31:35
6946,LT,3127.71,1856,-13.6,TRIGGERED,2026-09-20 16:31:36
6947,ITC,871.29,420,77.81,TRIGGERED,2026-09-20 16:31:36
6948,LT,3115.7,1801,-13.93,TRIGGERED,2026-09-20 16:31:37
6949,TATAMOTORS,719.75,139,-26.56,TRIGGERED,2026-09-20 16:31:37
6950,ICICIBANK,1778.19,1624,46.96,TRIGGERED,2026-09-20 16:31:37
6951,LT,3124.01,1187,-13.7,TRIGGERED,2026-09-20 16:31:38
6952,TCS,4114.86,937,-0.12,NORMAL,2026-09-20 16:31:38
6953,INFY,1346.26,1871,-26.03,TRIGGERED,2026-09-20 16:31:39
6954,SBIN,516.64,1047,-37.0,TRIGGERED,2026-09-20 16:31:39
6955,LT,3133.11,961,-13.45,TRIGGERED,2026-09-20 16:31:39
6956,SBIN,518.04,1293,-36.82,TRIGGERED,2026-09-20 16:31:40
6957,INFY,1346.05,231,-26.04,TRIGGERED,2026-09-20 16:31:40
6958,HDFCBANK,1524.57,1274,-7.6,TRIGGERED,2026-09-20 16:31:41
6959,RELIANCE,2377.2,1034,-20.23,TRIGGERED,2026-09-20 16:31:41
6960,INFY,1344.46,805,-26.13,TRIGGERED,2026-09-20 16:31:41
6961,ITC,873.21,1140,78.21,TRIGGERED,2026-09-20 16:31:42
6962,TATAMOTORS,721.48,877,-26.38,TRIGGERED,2026-09-20 16:31:42
6963,ICICIBANK,1784.99,443,47.52,TRIGGERED,2026-09-20 16:31:43
6964,TCS,4123.22,411,0.08,NORMAL,2026-09-20 16:31:43
6965,TCS,4109.32,245,-0.26,NORMAL,2026-09-20 16:31:43
6966,TATAMOTORS,724.2,113,-26.1,TRIGGERED,2026-09-20 16:31:44
6967,TATAMOTORS,725.79,153,-25.94,TRIGGERED,2026-09-20 16:31:44
6968,ICICIBANK,1789.92,818,47.93,TRIGGERED,2026-09-20 16:31:45
6969,BHARTIARTL,1283.18,255,-13.88,TRIGGERED,2026-09-20 16:31:45
6970,SBIN,516.68,1107,-36.99,TRIGGERED,2026-09-20 16:31:45
6971,LT,3130.59,166,-13.52,TRIGGERED,2026-09-20 16:31:46
6972,TATAMOTORS,765.71,468,-21.87,TRIGGERED,2026-09-20 16:31:46
6973,RELIANCE,2378.94,393,-20.17,TRIGGERED,2026-09-20 16:31:47
6974,HDFCBANK,1520.44,67,-7.85,TRIGGERED,2026-09-20 16:31:47
6975,TATAMOTORS,767.15,271,-21.72,TRIGGERED,2026-09-20 16:31:47
6976,TATAMOTORS,765.93,914,-21.84,TRIGGERED,2026-09-20 16:31:48
6977,BHARTIARTL,1288.04,1014,-13.55,TRIGGERED,2026-09-20 16:31:48
